<gpx xmlns:onx="https://wwww.onxmaps.com/" xmlns="http://www.topografix.com/GPX/1/1" xmlns:xsi="http://www.w3.org/2001/XMLSchema-instance" xsi:schemaLocation="http://www.topografix.com/GPX/1/1 http://www.topografix.com/GPX/1/1/gpx.xsd" version="1.1" creator="onXmaps offroad web"><metadata/><wpt lat="39.831897" lon="-123.849729"><name>Usal Beach</name><desc>name=Usal Beach
notes=
id=79fc02e3-a314-46a9-9ca5-2078d5bf4f9f
color=rgba(0, 0, 0, 1)
icon=Location</desc><extensions><onx:color>rgba(0, 0, 0, 1)</onx:color><onx:icon>Location</onx:icon></extensions></wpt><wpt lat="39.423844" lon="-123.803443"><name>Noyo Fish Company</name><desc>name=Noyo Fish Company
notes=
id=f19a4a8c-0648-4506-8a4f-31bebb98a1c1
color=rgba(0, 0, 0, 1)
icon=Location</desc><extensions><onx:color>rgba(0, 0, 0, 1)</onx:color><onx:icon>Location</onx:icon></extensions></wpt><wpt lat="40.02481" lon="-124.068792"><name>Gyppo Ale Mill</name><desc>name=Gyppo Ale Mill
notes=
id=96d114da-c408-4414-a2e8-7ac0e9b687c9
color=rgba(0, 0, 0, 1)
icon=Location</desc><extensions><onx:color>rgba(0, 0, 0, 1)</onx:color><onx:icon>Location</onx:icon></extensions></wpt><wpt lat="40.26112" lon="-124.360954"><name>Punta Gorda</name><desc>name=Punta Gorda
notes=Only accessible from Apr to Oct
id=c2734185-f8fd-47d6-9c57-31fdb8515f16
color=rgba(0, 0, 0, 1)
icon=Location</desc><extensions><onx:color>rgba(0, 0, 0, 1)</onx:color><onx:icon>Location</onx:icon></extensions></wpt><wpt lat="40.349163" lon="-124.007393"><name>Redwoods</name><desc>name=Redwoods
notes=
id=5c5cb584-af18-4ff6-9c5d-234be6202f8c
color=rgba(0, 0, 0, 1)
icon=Location</desc><extensions><onx:color>rgba(0, 0, 0, 1)</onx:color><onx:icon>Location</onx:icon></extensions></wpt><wpt lat="40.352777" lon="-123.926548"><name>Eel River Beach Entrance</name><desc>name=Eel River Beach Entrance
notes=
id=938c4fce-1d0a-4295-bb47-a23492133028
color=rgba(0, 0, 0, 1)
icon=Location</desc><extensions><onx:color>rgba(0, 0, 0, 1)</onx:color><onx:icon>Location</onx:icon></extensions></wpt><rte><name xmlns="http://www.topografix.com/GPX/1/1">2023 Lost Coast</name><desc xmlns="http://www.topografix.com/GPX/1/1">name=2023 Lost Coast
notes=
id=01M3CYFR6PTZ7EF49P6H6Z5D1Y
type=Line
color=rgba(0,0,0,1)
style=solid
weight=4.0</desc><type>Line</type><extensions><onx:color>rgba(0,0,0,1)</onx:color><onx:style>solid</onx:style><onx:weight>4.0</onx:weight></extensions><rtept lat="39.41962" lon="-123.35741"/><rtept lat="39.41983" lon="-123.35764"/><rtept lat="39.41997" lon="-123.35783"/><rtept lat="39.42012" lon="-123.35812"/><rtept lat="39.42023" lon="-123.35838"/><rtept lat="39.4204" lon="-123.35894"/><rtept lat="39.42047" lon="-123.35911"/><rtept lat="39.42056" lon="-123.35925"/><rtept lat="39.42069" lon="-123.35938"/><rtept lat="39.42089" lon="-123.35953"/><rtept lat="39.42265" lon="-123.36054"/><rtept lat="39.42303" lon="-123.36079"/><rtept lat="39.42323" lon="-123.36095"/><rtept lat="39.42338" lon="-123.3611"/><rtept lat="39.42394" lon="-123.3619"/><rtept lat="39.42442" lon="-123.36243"/><rtept lat="39.42492" lon="-123.36292"/><rtept lat="39.4262" lon="-123.36407"/><rtept lat="39.42634" lon="-123.36423"/><rtept lat="39.42662" lon="-123.3647"/><rtept lat="39.42719" lon="-123.36579"/><rtept lat="39.4273" lon="-123.36604"/><rtept lat="39.42739" lon="-123.36634"/><rtept lat="39.42744" lon="-123.36671"/><rtept lat="39.42744" lon="-123.36689"/><rtept lat="39.42731" lon="-123.36768"/><rtept lat="39.42732" lon="-123.36792"/><rtept lat="39.42738" lon="-123.36817"/><rtept lat="39.4275" lon="-123.36851"/><rtept lat="39.42789" lon="-123.36946"/><rtept lat="39.42795" lon="-123.36956"/><rtept lat="39.42803" lon="-123.36965"/><rtept lat="39.42813" lon="-123.36973"/><rtept lat="39.42835" lon="-123.36983"/><rtept lat="39.42894" lon="-123.37004"/><rtept lat="39.42909" lon="-123.37011"/><rtept lat="39.42927" lon="-123.37023"/><rtept lat="39.42973" lon="-123.37065"/><rtept lat="39.42992" lon="-123.37088"/><rtept lat="39.43067" lon="-123.37214"/><rtept lat="39.43123" lon="-123.37292"/><rtept lat="39.43146" lon="-123.37329"/><rtept lat="39.43158" lon="-123.3737"/><rtept lat="39.4318" lon="-123.37526"/><rtept lat="39.43191" lon="-123.3755"/><rtept lat="39.43214" lon="-123.37592"/><rtept lat="39.43223" lon="-123.37616"/><rtept lat="39.43238" lon="-123.37638"/><rtept lat="39.43307" lon="-123.37699"/><rtept lat="39.43342" lon="-123.37737"/><rtept lat="39.43376" lon="-123.37769"/><rtept lat="39.43404" lon="-123.37792"/><rtept lat="39.43419" lon="-123.37801"/><rtept lat="39.43513" lon="-123.37848"/><rtept lat="39.4362" lon="-123.3787"/><rtept lat="39.4365" lon="-123.37878"/><rtept lat="39.43685" lon="-123.37894"/><rtept lat="39.43751" lon="-123.37931"/><rtept lat="39.43866" lon="-123.37988"/><rtept lat="39.43948" lon="-123.38018"/><rtept lat="39.43979" lon="-123.38031"/><rtept lat="39.44001" lon="-123.38043"/><rtept lat="39.44085" lon="-123.38098"/><rtept lat="39.44165" lon="-123.3814"/><rtept lat="39.44189" lon="-123.38155"/><rtept lat="39.44319" lon="-123.38253"/><rtept lat="39.44418" lon="-123.38308"/><rtept lat="39.44438" lon="-123.38326"/><rtept lat="39.44517" lon="-123.38417"/><rtept lat="39.44559" lon="-123.38461"/><rtept lat="39.44652" lon="-123.38513"/><rtept lat="39.44695" lon="-123.38531"/><rtept lat="39.44702" lon="-123.38533"/><rtept lat="39.44745" lon="-123.38535"/><rtept lat="39.44758" lon="-123.38531"/><rtept lat="39.44815" lon="-123.38507"/><rtept lat="39.44866" lon="-123.38498"/><rtept lat="39.44903" lon="-123.38495"/><rtept lat="39.44939" lon="-123.38496"/><rtept lat="39.45006" lon="-123.38502"/><rtept lat="39.45028" lon="-123.38502"/><rtept lat="39.45052" lon="-123.38506"/><rtept lat="39.45085" lon="-123.38523"/><rtept lat="39.4511" lon="-123.38545"/><rtept lat="39.45183" lon="-123.38626"/><rtept lat="39.45212" lon="-123.38649"/><rtept lat="39.45229" lon="-123.38657"/><rtept lat="39.45284" lon="-123.3867"/><rtept lat="39.45307" lon="-123.38678"/><rtept lat="39.4532" lon="-123.38685"/><rtept lat="39.45347" lon="-123.38705"/><rtept lat="39.45376" lon="-123.3873"/><rtept lat="39.45389" lon="-123.38739"/><rtept lat="39.45406" lon="-123.38748"/><rtept lat="39.45422" lon="-123.38752"/><rtept lat="39.45444" lon="-123.38751"/><rtept lat="39.45461" lon="-123.38747"/><rtept lat="39.45487" lon="-123.38736"/><rtept lat="39.45514" lon="-123.38715"/><rtept lat="39.45531" lon="-123.38696"/><rtept lat="39.4556" lon="-123.38655"/><rtept lat="39.45572" lon="-123.38643"/><rtept lat="39.45584" lon="-123.38634"/><rtept lat="39.45597" lon="-123.3863"/><rtept lat="39.4562" lon="-123.38628"/><rtept lat="39.45655" lon="-123.38635"/><rtept lat="39.45686" lon="-123.38647"/><rtept lat="39.45707" lon="-123.38657"/><rtept lat="39.45788" lon="-123.38714"/><rtept lat="39.45812" lon="-123.38726"/><rtept lat="39.45841" lon="-123.38737"/><rtept lat="39.45932" lon="-123.38764"/><rtept lat="39.45951" lon="-123.38774"/><rtept lat="39.45989" lon="-123.38801"/><rtept lat="39.46018" lon="-123.38816"/><rtept lat="39.46029" lon="-123.38819"/><rtept lat="39.4615" lon="-123.3881"/><rtept lat="39.46176" lon="-123.38814"/><rtept lat="39.46193" lon="-123.3882"/><rtept lat="39.46204" lon="-123.38829"/><rtept lat="39.46212" lon="-123.38837"/><rtept lat="39.46221" lon="-123.38853"/><rtept lat="39.46237" lon="-123.38901"/><rtept lat="39.46254" lon="-123.38943"/><rtept lat="39.46314" lon="-123.39072"/><rtept lat="39.46356" lon="-123.39153"/><rtept lat="39.46422" lon="-123.39256"/><rtept lat="39.46461" lon="-123.39339"/><rtept lat="39.46473" lon="-123.3936"/><rtept lat="39.46491" lon="-123.39383"/><rtept lat="39.46565" lon="-123.39458"/><rtept lat="39.46663" lon="-123.39571"/><rtept lat="39.46692" lon="-123.39598"/><rtept lat="39.46741" lon="-123.39636"/><rtept lat="39.46902" lon="-123.39769"/><rtept lat="39.46918" lon="-123.39786"/><rtept lat="39.47078" lon="-123.40022"/><rtept lat="39.47132" lon="-123.40083"/><rtept lat="39.47144" lon="-123.40099"/><rtept lat="39.47175" lon="-123.40159"/><rtept lat="39.47205" lon="-123.40196"/><rtept lat="39.47242" lon="-123.40215"/><rtept lat="39.47255" lon="-123.4022"/><rtept lat="39.47331" lon="-123.40235"/><rtept lat="39.47413" lon="-123.40234"/><rtept lat="39.47443" lon="-123.40236"/><rtept lat="39.47459" lon="-123.40239"/><rtept lat="39.47471" lon="-123.40244"/><rtept lat="39.4748" lon="-123.4025"/><rtept lat="39.47629" lon="-123.40401"/><rtept lat="39.47685" lon="-123.40466"/><rtept lat="39.47707" lon="-123.40488"/><rtept lat="39.47748" lon="-123.40518"/><rtept lat="39.47759" lon="-123.40532"/><rtept lat="39.47773" lon="-123.40557"/><rtept lat="39.47803" lon="-123.40639"/><rtept lat="39.47819" lon="-123.40672"/><rtept lat="39.47827" lon="-123.40686"/><rtept lat="39.47851" lon="-123.40711"/><rtept lat="39.47864" lon="-123.40717"/><rtept lat="39.47883" lon="-123.4072"/><rtept lat="39.47954" lon="-123.40724"/><rtept lat="39.47986" lon="-123.40722"/><rtept lat="39.47995" lon="-123.40724"/><rtept lat="39.48024" lon="-123.40735"/><rtept lat="39.48077" lon="-123.40741"/><rtept lat="39.48088" lon="-123.40748"/><rtept lat="39.48095" lon="-123.40756"/><rtept lat="39.48105" lon="-123.40773"/><rtept lat="39.48132" lon="-123.40836"/><rtept lat="39.48138" lon="-123.40846"/><rtept lat="39.48145" lon="-123.40852"/><rtept lat="39.4817" lon="-123.40859"/><rtept lat="39.48175" lon="-123.40862"/><rtept lat="39.48206" lon="-123.4095"/><rtept lat="39.48209" lon="-123.40966"/><rtept lat="39.4821" lon="-123.40984"/><rtept lat="39.48208" lon="-123.40997"/><rtept lat="39.48204" lon="-123.41009"/><rtept lat="39.48182" lon="-123.41044"/><rtept lat="39.48178" lon="-123.41055"/><rtept lat="39.48177" lon="-123.41071"/><rtept lat="39.48178" lon="-123.41101"/><rtept lat="39.48181" lon="-123.41115"/><rtept lat="39.48185" lon="-123.41124"/><rtept lat="39.48194" lon="-123.41133"/><rtept lat="39.48232" lon="-123.41154"/><rtept lat="39.48248" lon="-123.41167"/><rtept lat="39.48263" lon="-123.41182"/><rtept lat="39.48286" lon="-123.41217"/><rtept lat="39.48307" lon="-123.41274"/><rtept lat="39.48313" lon="-123.41284"/><rtept lat="39.48328" lon="-123.41298"/><rtept lat="39.48348" lon="-123.41313"/><rtept lat="39.48358" lon="-123.41324"/><rtept lat="39.48364" lon="-123.41334"/><rtept lat="39.48387" lon="-123.4141"/><rtept lat="39.4839" lon="-123.41426"/><rtept lat="39.48394" lon="-123.41581"/><rtept lat="39.48397" lon="-123.41603"/><rtept lat="39.48432" lon="-123.41677"/><rtept lat="39.48447" lon="-123.41723"/><rtept lat="39.48463" lon="-123.41782"/><rtept lat="39.48475" lon="-123.41804"/><rtept lat="39.48514" lon="-123.41862"/><rtept lat="39.48545" lon="-123.41906"/><rtept lat="39.48561" lon="-123.41924"/><rtept lat="39.48599" lon="-123.41957"/><rtept lat="39.48614" lon="-123.41964"/><rtept lat="39.48669" lon="-123.41978"/><rtept lat="39.48682" lon="-123.41983"/><rtept lat="39.48693" lon="-123.4199"/><rtept lat="39.48735" lon="-123.42037"/><rtept lat="39.48744" lon="-123.4205"/><rtept lat="39.48765" lon="-123.42131"/><rtept lat="39.48795" lon="-123.42212"/><rtept lat="39.48819" lon="-123.42257"/><rtept lat="39.48834" lon="-123.42278"/><rtept lat="39.48854" lon="-123.423"/><rtept lat="39.48915" lon="-123.4235"/><rtept lat="39.48977" lon="-123.42383"/><rtept lat="39.4905" lon="-123.42431"/><rtept lat="39.49127" lon="-123.42474"/><rtept lat="39.49142" lon="-123.42486"/><rtept lat="39.49155" lon="-123.42499"/><rtept lat="39.49167" lon="-123.42515"/><rtept lat="39.49177" lon="-123.42535"/><rtept lat="39.49192" lon="-123.42578"/><rtept lat="39.49201" lon="-123.42597"/><rtept lat="39.49215" lon="-123.4262"/><rtept lat="39.4923" lon="-123.42639"/><rtept lat="39.49242" lon="-123.4265"/><rtept lat="39.49331" lon="-123.42712"/><rtept lat="39.49387" lon="-123.42754"/><rtept lat="39.49457" lon="-123.42821"/><rtept lat="39.49472" lon="-123.42831"/><rtept lat="39.49531" lon="-123.42857"/><rtept lat="39.49571" lon="-123.42871"/><rtept lat="39.49617" lon="-123.42883"/><rtept lat="39.49652" lon="-123.42886"/><rtept lat="39.49687" lon="-123.4288"/><rtept lat="39.49714" lon="-123.42885"/><rtept lat="39.49753" lon="-123.42902"/><rtept lat="39.49778" lon="-123.4291"/><rtept lat="39.49803" lon="-123.42923"/><rtept lat="39.49851" lon="-123.42959"/><rtept lat="39.49901" lon="-123.43014"/><rtept lat="39.5001" lon="-123.43112"/><rtept lat="39.50056" lon="-123.43158"/><rtept lat="39.50076" lon="-123.43182"/><rtept lat="39.50092" lon="-123.43202"/><rtept lat="39.50127" lon="-123.43252"/><rtept lat="39.50134" lon="-123.43265"/><rtept lat="39.50158" lon="-123.43337"/><rtept lat="39.50163" lon="-123.43358"/><rtept lat="39.50172" lon="-123.43426"/><rtept lat="39.50178" lon="-123.43444"/><rtept lat="39.50204" lon="-123.43491"/><rtept lat="39.5021" lon="-123.43506"/><rtept lat="39.50213" lon="-123.43517"/><rtept lat="39.50223" lon="-123.43687"/><rtept lat="39.50238" lon="-123.43775"/><rtept lat="39.50248" lon="-123.43804"/><rtept lat="39.50324" lon="-123.43937"/><rtept lat="39.50332" lon="-123.43949"/><rtept lat="39.50345" lon="-123.43964"/><rtept lat="39.5036" lon="-123.43975"/><rtept lat="39.50368" lon="-123.43979"/><rtept lat="39.50443" lon="-123.43996"/><rtept lat="39.50448" lon="-123.43999"/><rtept lat="39.50458" lon="-123.44008"/><rtept lat="39.50473" lon="-123.44029"/><rtept lat="39.50489" lon="-123.44047"/><rtept lat="39.50513" lon="-123.4407"/><rtept lat="39.50524" lon="-123.44078"/><rtept lat="39.50552" lon="-123.44091"/><rtept lat="39.5056" lon="-123.44097"/><rtept lat="39.50573" lon="-123.44119"/><rtept lat="39.50583" lon="-123.44129"/><rtept lat="39.50652" lon="-123.44172"/><rtept lat="39.50695" lon="-123.44195"/><rtept lat="39.50719" lon="-123.44202"/><rtept lat="39.50748" lon="-123.44202"/><rtept lat="39.50759" lon="-123.44205"/><rtept lat="39.50782" lon="-123.44216"/><rtept lat="39.50899" lon="-123.44228"/><rtept lat="39.5091" lon="-123.44232"/><rtept lat="39.50923" lon="-123.44245"/><rtept lat="39.50946" lon="-123.44292"/><rtept lat="39.50981" lon="-123.44353"/><rtept lat="39.51005" lon="-123.4439"/><rtept lat="39.51029" lon="-123.44414"/><rtept lat="39.51066" lon="-123.44463"/><rtept lat="39.5109" lon="-123.44511"/><rtept lat="39.51107" lon="-123.44553"/><rtept lat="39.51117" lon="-123.44571"/><rtept lat="39.51142" lon="-123.446"/><rtept lat="39.51217" lon="-123.44669"/><rtept lat="39.5138" lon="-123.44802"/><rtept lat="39.51394" lon="-123.44821"/><rtept lat="39.51427" lon="-123.44874"/><rtept lat="39.51486" lon="-123.44954"/><rtept lat="39.51517" lon="-123.45"/><rtept lat="39.51539" lon="-123.45025"/><rtept lat="39.51555" lon="-123.45036"/><rtept lat="39.51629" lon="-123.4508"/><rtept lat="39.5169" lon="-123.45135"/><rtept lat="39.51711" lon="-123.45145"/><rtept lat="39.51724" lon="-123.45147"/><rtept lat="39.51754" lon="-123.45146"/><rtept lat="39.51797" lon="-123.45139"/><rtept lat="39.51832" lon="-123.45136"/><rtept lat="39.51896" lon="-123.4514"/><rtept lat="39.51903" lon="-123.45137"/><rtept lat="39.51914" lon="-123.45126"/><rtept lat="39.51922" lon="-123.45122"/><rtept lat="39.51972" lon="-123.45132"/><rtept lat="39.52002" lon="-123.45144"/><rtept lat="39.52025" lon="-123.45156"/><rtept lat="39.52044" lon="-123.4517"/><rtept lat="39.52051" lon="-123.45177"/><rtept lat="39.52081" lon="-123.45217"/><rtept lat="39.52091" lon="-123.45226"/><rtept lat="39.52104" lon="-123.45233"/><rtept lat="39.5213" lon="-123.45237"/><rtept lat="39.52221" lon="-123.45292"/><rtept lat="39.52245" lon="-123.45309"/><rtept lat="39.52277" lon="-123.45338"/><rtept lat="39.52311" lon="-123.45364"/><rtept lat="39.5232" lon="-123.45374"/><rtept lat="39.52332" lon="-123.45398"/><rtept lat="39.5234" lon="-123.45407"/><rtept lat="39.52393" lon="-123.45445"/><rtept lat="39.52454" lon="-123.45479"/><rtept lat="39.52465" lon="-123.45482"/><rtept lat="39.525" lon="-123.45486"/><rtept lat="39.52554" lon="-123.45497"/><rtept lat="39.52619" lon="-123.45505"/><rtept lat="39.52695" lon="-123.45531"/><rtept lat="39.52708" lon="-123.45533"/><rtept lat="39.52758" lon="-123.45535"/><rtept lat="39.52761" lon="-123.45588"/><rtept lat="39.52771" lon="-123.45646"/><rtept lat="39.52774" lon="-123.45694"/><rtept lat="39.52775" lon="-123.45859"/><rtept lat="39.52784" lon="-123.45943"/><rtept lat="39.52815" lon="-123.46055"/><rtept lat="39.52842" lon="-123.46173"/><rtept lat="39.5285" lon="-123.46195"/><rtept lat="39.52857" lon="-123.46207"/><rtept lat="39.52867" lon="-123.46216"/><rtept lat="39.52875" lon="-123.4622"/><rtept lat="39.52911" lon="-123.46223"/><rtept lat="39.52923" lon="-123.46226"/><rtept lat="39.52939" lon="-123.46235"/><rtept lat="39.52948" lon="-123.46244"/><rtept lat="39.52966" lon="-123.46272"/><rtept lat="39.53052" lon="-123.46432"/><rtept lat="39.53113" lon="-123.46561"/><rtept lat="39.53122" lon="-123.46584"/><rtept lat="39.53139" lon="-123.46655"/><rtept lat="39.53146" lon="-123.46702"/><rtept lat="39.53166" lon="-123.46892"/><rtept lat="39.53176" lon="-123.46939"/><rtept lat="39.53249" lon="-123.47108"/><rtept lat="39.53272" lon="-123.47169"/><rtept lat="39.5329" lon="-123.47275"/><rtept lat="39.53296" lon="-123.47335"/><rtept lat="39.53304" lon="-123.47466"/><rtept lat="39.53323" lon="-123.47698"/><rtept lat="39.53322" lon="-123.47758"/><rtept lat="39.53307" lon="-123.4787"/><rtept lat="39.53293" lon="-123.4794"/><rtept lat="39.53281" lon="-123.47981"/><rtept lat="39.53275" lon="-123.48021"/><rtept lat="39.53275" lon="-123.48048"/><rtept lat="39.53286" lon="-123.48119"/><rtept lat="39.53292" lon="-123.48171"/><rtept lat="39.53286" lon="-123.48317"/><rtept lat="39.53287" lon="-123.48331"/><rtept lat="39.5329" lon="-123.48344"/><rtept lat="39.53316" lon="-123.48395"/><rtept lat="39.53339" lon="-123.48431"/><rtept lat="39.53352" lon="-123.48447"/><rtept lat="39.53369" lon="-123.48461"/><rtept lat="39.53409" lon="-123.48481"/><rtept lat="39.53423" lon="-123.4849"/><rtept lat="39.53429" lon="-123.48496"/><rtept lat="39.53437" lon="-123.4851"/><rtept lat="39.5344" lon="-123.48522"/><rtept lat="39.5344" lon="-123.48532"/><rtept lat="39.53419" lon="-123.4869"/><rtept lat="39.53413" lon="-123.48711"/><rtept lat="39.53399" lon="-123.48834"/><rtept lat="39.53343" lon="-123.48814"/><rtept lat="39.53314" lon="-123.4881"/><rtept lat="39.53229" lon="-123.48783"/><rtept lat="39.53216" lon="-123.4878"/><rtept lat="39.53206" lon="-123.4878"/><rtept lat="39.53197" lon="-123.48783"/><rtept lat="39.53033" lon="-123.48908"/><rtept lat="39.52899" lon="-123.49014"/><rtept lat="39.52886" lon="-123.49039"/><rtept lat="39.52868" lon="-123.49118"/><rtept lat="39.52858" lon="-123.49203"/><rtept lat="39.52854" lon="-123.49314"/><rtept lat="39.52851" lon="-123.49322"/><rtept lat="39.52847" lon="-123.49329"/><rtept lat="39.52832" lon="-123.49341"/><rtept lat="39.52813" lon="-123.49349"/><rtept lat="39.52799" lon="-123.49352"/><rtept lat="39.52768" lon="-123.49367"/><rtept lat="39.52759" lon="-123.49377"/><rtept lat="39.52754" lon="-123.49387"/><rtept lat="39.52744" lon="-123.49418"/><rtept lat="39.52736" lon="-123.49433"/><rtept lat="39.52726" lon="-123.49445"/><rtept lat="39.52704" lon="-123.49463"/><rtept lat="39.52652" lon="-123.49494"/><rtept lat="39.52639" lon="-123.49505"/><rtept lat="39.5263" lon="-123.49515"/><rtept lat="39.5262" lon="-123.49534"/><rtept lat="39.52608" lon="-123.49574"/><rtept lat="39.526" lon="-123.49589"/><rtept lat="39.52588" lon="-123.49606"/><rtept lat="39.52573" lon="-123.49622"/><rtept lat="39.5257" lon="-123.4963"/><rtept lat="39.52566" lon="-123.49677"/><rtept lat="39.52561" lon="-123.49699"/><rtept lat="39.52557" lon="-123.49768"/><rtept lat="39.52554" lon="-123.49779"/><rtept lat="39.52546" lon="-123.49789"/><rtept lat="39.52498" lon="-123.4982"/><rtept lat="39.52476" lon="-123.49838"/><rtept lat="39.5246" lon="-123.49863"/><rtept lat="39.52434" lon="-123.49873"/><rtept lat="39.52419" lon="-123.49877"/><rtept lat="39.52413" lon="-123.49876"/><rtept lat="39.52408" lon="-123.49878"/><rtept lat="39.52384" lon="-123.49875"/><rtept lat="39.52374" lon="-123.4987"/><rtept lat="39.52347" lon="-123.49884"/><rtept lat="39.52341" lon="-123.4988"/><rtept lat="39.52329" lon="-123.49887"/><rtept lat="39.52313" lon="-123.49891"/><rtept lat="39.52296" lon="-123.49893"/><rtept lat="39.52274" lon="-123.49908"/><rtept lat="39.52266" lon="-123.4992"/><rtept lat="39.5226" lon="-123.49956"/><rtept lat="39.52256" lon="-123.49967"/><rtept lat="39.52238" lon="-123.49993"/><rtept lat="39.5223" lon="-123.49998"/><rtept lat="39.52211" lon="-123.50006"/><rtept lat="39.52194" lon="-123.50021"/><rtept lat="39.52181" lon="-123.50037"/><rtept lat="39.52168" lon="-123.50064"/><rtept lat="39.52152" lon="-123.50092"/><rtept lat="39.52142" lon="-123.50116"/><rtept lat="39.52127" lon="-123.50132"/><rtept lat="39.52114" lon="-123.5014"/><rtept lat="39.52108" lon="-123.5014"/><rtept lat="39.52104" lon="-123.50138"/><rtept lat="39.52094" lon="-123.50124"/><rtept lat="39.52093" lon="-123.50117"/><rtept lat="39.52096" lon="-123.50092"/><rtept lat="39.5209" lon="-123.50052"/><rtept lat="39.5209" lon="-123.50042"/><rtept lat="39.52092" lon="-123.50034"/><rtept lat="39.52111" lon="-123.50004"/><rtept lat="39.52112" lon="-123.49997"/><rtept lat="39.52107" lon="-123.49983"/><rtept lat="39.52108" lon="-123.49966"/><rtept lat="39.52112" lon="-123.49953"/><rtept lat="39.52111" lon="-123.49945"/><rtept lat="39.52098" lon="-123.49925"/><rtept lat="39.52094" lon="-123.49913"/><rtept lat="39.52093" lon="-123.49899"/><rtept lat="39.52095" lon="-123.49896"/><rtept lat="39.52103" lon="-123.49893"/><rtept lat="39.52127" lon="-123.49888"/><rtept lat="39.52136" lon="-123.49883"/><rtept lat="39.5214" lon="-123.49877"/><rtept lat="39.52141" lon="-123.49862"/><rtept lat="39.52138" lon="-123.49855"/><rtept lat="39.52133" lon="-123.4985"/><rtept lat="39.52127" lon="-123.49849"/><rtept lat="39.52108" lon="-123.49854"/><rtept lat="39.52075" lon="-123.49873"/><rtept lat="39.52055" lon="-123.49893"/><rtept lat="39.52029" lon="-123.49943"/><rtept lat="39.52026" lon="-123.49946"/><rtept lat="39.5202" lon="-123.49948"/><rtept lat="39.52014" lon="-123.49946"/><rtept lat="39.5198" lon="-123.49914"/><rtept lat="39.51974" lon="-123.49915"/><rtept lat="39.51961" lon="-123.49926"/><rtept lat="39.51952" lon="-123.49929"/><rtept lat="39.51942" lon="-123.49928"/><rtept lat="39.51902" lon="-123.49912"/><rtept lat="39.5188" lon="-123.49906"/><rtept lat="39.51875" lon="-123.49905"/><rtept lat="39.5187" lon="-123.49908"/><rtept lat="39.51863" lon="-123.49921"/><rtept lat="39.51858" lon="-123.49942"/><rtept lat="39.51836" lon="-123.4998"/><rtept lat="39.51812" lon="-123.50077"/><rtept lat="39.51805" lon="-123.50085"/><rtept lat="39.51797" lon="-123.5009"/><rtept lat="39.51789" lon="-123.5009"/><rtept lat="39.51783" lon="-123.50088"/><rtept lat="39.51777" lon="-123.50083"/><rtept lat="39.51765" lon="-123.5008"/><rtept lat="39.51737" lon="-123.50092"/><rtept lat="39.51731" lon="-123.50097"/><rtept lat="39.51691" lon="-123.50152"/><rtept lat="39.51673" lon="-123.50172"/><rtept lat="39.51661" lon="-123.50195"/><rtept lat="39.51656" lon="-123.50198"/><rtept lat="39.51651" lon="-123.50197"/><rtept lat="39.51628" lon="-123.50169"/><rtept lat="39.51579" lon="-123.50144"/><rtept lat="39.51574" lon="-123.50139"/><rtept lat="39.51563" lon="-123.50118"/><rtept lat="39.51523" lon="-123.50088"/><rtept lat="39.5148" lon="-123.50029"/><rtept lat="39.51426" lon="-123.5"/><rtept lat="39.51412" lon="-123.49998"/><rtept lat="39.51365" lon="-123.50029"/><rtept lat="39.51357" lon="-123.50038"/><rtept lat="39.51354" lon="-123.50044"/><rtept lat="39.51354" lon="-123.50052"/><rtept lat="39.51375" lon="-123.50105"/><rtept lat="39.51376" lon="-123.50116"/><rtept lat="39.51373" lon="-123.5013"/><rtept lat="39.51357" lon="-123.50155"/><rtept lat="39.51337" lon="-123.50169"/><rtept lat="39.51304" lon="-123.502"/><rtept lat="39.51297" lon="-123.50212"/><rtept lat="39.51295" lon="-123.50228"/><rtept lat="39.51299" lon="-123.50262"/><rtept lat="39.51314" lon="-123.50313"/><rtept lat="39.51326" lon="-123.50362"/><rtept lat="39.51338" lon="-123.50427"/><rtept lat="39.51333" lon="-123.50492"/><rtept lat="39.51324" lon="-123.50506"/><rtept lat="39.51308" lon="-123.50518"/><rtept lat="39.51276" lon="-123.50529"/><rtept lat="39.51261" lon="-123.50546"/><rtept lat="39.51238" lon="-123.50585"/><rtept lat="39.51241" lon="-123.50605"/><rtept lat="39.51253" lon="-123.50638"/><rtept lat="39.51256" lon="-123.5067"/><rtept lat="39.51245" lon="-123.50738"/><rtept lat="39.5124" lon="-123.50752"/><rtept lat="39.51231" lon="-123.50761"/><rtept lat="39.51223" lon="-123.50763"/><rtept lat="39.51207" lon="-123.50756"/><rtept lat="39.51202" lon="-123.50757"/><rtept lat="39.5119" lon="-123.50767"/><rtept lat="39.51181" lon="-123.50769"/><rtept lat="39.51165" lon="-123.50757"/><rtept lat="39.51158" lon="-123.50754"/><rtept lat="39.51146" lon="-123.50753"/><rtept lat="39.51137" lon="-123.50756"/><rtept lat="39.51104" lon="-123.50776"/><rtept lat="39.5106" lon="-123.50815"/><rtept lat="39.51048" lon="-123.50828"/><rtept lat="39.51042" lon="-123.50837"/><rtept lat="39.51037" lon="-123.50848"/><rtept lat="39.51032" lon="-123.50866"/><rtept lat="39.51021" lon="-123.50918"/><rtept lat="39.5101" lon="-123.50955"/><rtept lat="39.50991" lon="-123.50991"/><rtept lat="39.50949" lon="-123.51021"/><rtept lat="39.5094" lon="-123.51019"/><rtept lat="39.50917" lon="-123.50992"/><rtept lat="39.50903" lon="-123.50985"/><rtept lat="39.50894" lon="-123.50986"/><rtept lat="39.50871" lon="-123.51001"/><rtept lat="39.50843" lon="-123.51031"/><rtept lat="39.50815" lon="-123.51052"/><rtept lat="39.50783" lon="-123.51063"/><rtept lat="39.5077" lon="-123.51079"/><rtept lat="39.50742" lon="-123.51126"/><rtept lat="39.50735" lon="-123.51165"/><rtept lat="39.50734" lon="-123.51191"/><rtept lat="39.50719" lon="-123.51228"/><rtept lat="39.50712" lon="-123.51261"/><rtept lat="39.50707" lon="-123.51322"/><rtept lat="39.50693" lon="-123.51359"/><rtept lat="39.50679" lon="-123.51374"/><rtept lat="39.50648" lon="-123.51391"/><rtept lat="39.50642" lon="-123.51397"/><rtept lat="39.50637" lon="-123.51422"/><rtept lat="39.50663" lon="-123.51443"/><rtept lat="39.5067" lon="-123.51474"/><rtept lat="39.50676" lon="-123.5149"/><rtept lat="39.50724" lon="-123.51531"/><rtept lat="39.50744" lon="-123.51546"/><rtept lat="39.50804" lon="-123.51581"/><rtept lat="39.50806" lon="-123.51588"/><rtept lat="39.50806" lon="-123.51599"/><rtept lat="39.50801" lon="-123.51612"/><rtept lat="39.50802" lon="-123.5162"/><rtept lat="39.50807" lon="-123.51628"/><rtept lat="39.50831" lon="-123.51635"/><rtept lat="39.50858" lon="-123.5164"/><rtept lat="39.50866" lon="-123.51644"/><rtept lat="39.50871" lon="-123.5165"/><rtept lat="39.50914" lon="-123.51685"/><rtept lat="39.50914" lon="-123.51772"/><rtept lat="39.50933" lon="-123.51836"/><rtept lat="39.50945" lon="-123.51851"/><rtept lat="39.50957" lon="-123.5186"/><rtept lat="39.50962" lon="-123.51862"/><rtept lat="39.50984" lon="-123.51865"/><rtept lat="39.51014" lon="-123.51863"/><rtept lat="39.51039" lon="-123.51865"/><rtept lat="39.5105" lon="-123.51869"/><rtept lat="39.51056" lon="-123.51879"/><rtept lat="39.51092" lon="-123.51989"/><rtept lat="39.51094" lon="-123.52002"/><rtept lat="39.51085" lon="-123.52044"/><rtept lat="39.51084" lon="-123.52056"/><rtept lat="39.51086" lon="-123.52104"/><rtept lat="39.51088" lon="-123.52111"/><rtept lat="39.511" lon="-123.52126"/><rtept lat="39.51103" lon="-123.52132"/><rtept lat="39.51105" lon="-123.52149"/><rtept lat="39.51105" lon="-123.52164"/><rtept lat="39.51096" lon="-123.52189"/><rtept lat="39.51097" lon="-123.52212"/><rtept lat="39.51105" lon="-123.52239"/><rtept lat="39.51122" lon="-123.52273"/><rtept lat="39.51132" lon="-123.52288"/><rtept lat="39.5115" lon="-123.52328"/><rtept lat="39.51156" lon="-123.52357"/><rtept lat="39.51153" lon="-123.52468"/><rtept lat="39.51145" lon="-123.52511"/><rtept lat="39.5114" lon="-123.52527"/><rtept lat="39.51118" lon="-123.52552"/><rtept lat="39.51093" lon="-123.52571"/><rtept lat="39.51071" lon="-123.52583"/><rtept lat="39.51038" lon="-123.52593"/><rtept lat="39.51033" lon="-123.52597"/><rtept lat="39.50972" lon="-123.52727"/><rtept lat="39.50947" lon="-123.52773"/><rtept lat="39.50933" lon="-123.52787"/><rtept lat="39.50908" lon="-123.52805"/><rtept lat="39.50884" lon="-123.52808"/><rtept lat="39.50846" lon="-123.52807"/><rtept lat="39.50822" lon="-123.52811"/><rtept lat="39.50817" lon="-123.52816"/><rtept lat="39.50803" lon="-123.52841"/><rtept lat="39.50797" lon="-123.52862"/><rtept lat="39.50782" lon="-123.52938"/><rtept lat="39.50774" lon="-123.52957"/><rtept lat="39.5076" lon="-123.52974"/><rtept lat="39.50746" lon="-123.52979"/><rtept lat="39.50718" lon="-123.52981"/><rtept lat="39.50713" lon="-123.52983"/><rtept lat="39.50678" lon="-123.53023"/><rtept lat="39.50672" lon="-123.53026"/><rtept lat="39.5066" lon="-123.53029"/><rtept lat="39.50633" lon="-123.53025"/><rtept lat="39.50618" lon="-123.53027"/><rtept lat="39.50607" lon="-123.53032"/><rtept lat="39.50554" lon="-123.53073"/><rtept lat="39.50534" lon="-123.53103"/><rtept lat="39.50504" lon="-123.53141"/><rtept lat="39.50483" lon="-123.53153"/><rtept lat="39.5046" lon="-123.53162"/><rtept lat="39.50407" lon="-123.53188"/><rtept lat="39.50384" lon="-123.53212"/><rtept lat="39.50371" lon="-123.53229"/><rtept lat="39.50348" lon="-123.53273"/><rtept lat="39.50345" lon="-123.53284"/><rtept lat="39.5034" lon="-123.5332"/><rtept lat="39.50336" lon="-123.53398"/><rtept lat="39.50347" lon="-123.53459"/><rtept lat="39.50365" lon="-123.53521"/><rtept lat="39.50368" lon="-123.53548"/><rtept lat="39.50356" lon="-123.53561"/><rtept lat="39.50335" lon="-123.53566"/><rtept lat="39.50319" lon="-123.53572"/><rtept lat="39.5031" lon="-123.53582"/><rtept lat="39.50307" lon="-123.53631"/><rtept lat="39.5029" lon="-123.53706"/><rtept lat="39.50274" lon="-123.5376"/><rtept lat="39.5027" lon="-123.53785"/><rtept lat="39.50271" lon="-123.53811"/><rtept lat="39.50274" lon="-123.53832"/><rtept lat="39.50279" lon="-123.53846"/><rtept lat="39.50289" lon="-123.53857"/><rtept lat="39.50309" lon="-123.53872"/><rtept lat="39.50329" lon="-123.53881"/><rtept lat="39.50344" lon="-123.53894"/><rtept lat="39.50354" lon="-123.53911"/><rtept lat="39.50352" lon="-123.53925"/><rtept lat="39.5033" lon="-123.53956"/><rtept lat="39.50315" lon="-123.5397"/><rtept lat="39.50298" lon="-123.53979"/><rtept lat="39.50249" lon="-123.53972"/><rtept lat="39.50241" lon="-123.53975"/><rtept lat="39.50236" lon="-123.53979"/><rtept lat="39.50209" lon="-123.54023"/><rtept lat="39.50181" lon="-123.54087"/><rtept lat="39.50175" lon="-123.54096"/><rtept lat="39.50164" lon="-123.54102"/><rtept lat="39.50154" lon="-123.54104"/><rtept lat="39.50109" lon="-123.54101"/><rtept lat="39.50068" lon="-123.54104"/><rtept lat="39.50059" lon="-123.54108"/><rtept lat="39.50051" lon="-123.54117"/><rtept lat="39.50021" lon="-123.54176"/><rtept lat="39.50009" lon="-123.5422"/><rtept lat="39.50007" lon="-123.54234"/><rtept lat="39.50006" lon="-123.54304"/><rtept lat="39.50007" lon="-123.54348"/><rtept lat="39.50006" lon="-123.54361"/><rtept lat="39.49997" lon="-123.54411"/><rtept lat="39.49988" lon="-123.54439"/><rtept lat="39.49982" lon="-123.54451"/><rtept lat="39.4996" lon="-123.54478"/><rtept lat="39.4994" lon="-123.54534"/><rtept lat="39.49934" lon="-123.54566"/><rtept lat="39.49937" lon="-123.54621"/><rtept lat="39.49928" lon="-123.54721"/><rtept lat="39.49916" lon="-123.5476"/><rtept lat="39.49909" lon="-123.5479"/><rtept lat="39.49896" lon="-123.54909"/><rtept lat="39.4989" lon="-123.54932"/><rtept lat="39.49863" lon="-123.54977"/><rtept lat="39.49844" lon="-123.55"/><rtept lat="39.49828" lon="-123.55016"/><rtept lat="39.49795" lon="-123.55038"/><rtept lat="39.49783" lon="-123.5505"/><rtept lat="39.49764" lon="-123.55076"/><rtept lat="39.49723" lon="-123.55141"/><rtept lat="39.49706" lon="-123.55154"/><rtept lat="39.49682" lon="-123.55165"/><rtept lat="39.49675" lon="-123.55176"/><rtept lat="39.4967" lon="-123.55196"/><rtept lat="39.4967" lon="-123.55207"/><rtept lat="39.49701" lon="-123.55336"/><rtept lat="39.49711" lon="-123.55362"/><rtept lat="39.49716" lon="-123.5539"/><rtept lat="39.49719" lon="-123.55463"/><rtept lat="39.49732" lon="-123.55515"/><rtept lat="39.49735" lon="-123.55533"/><rtept lat="39.49735" lon="-123.55562"/><rtept lat="39.49738" lon="-123.55591"/><rtept lat="39.49738" lon="-123.5561"/><rtept lat="39.49734" lon="-123.55623"/><rtept lat="39.49722" lon="-123.5563"/><rtept lat="39.49703" lon="-123.55655"/><rtept lat="39.49685" lon="-123.55697"/><rtept lat="39.49679" lon="-123.55717"/><rtept lat="39.49676" lon="-123.55745"/><rtept lat="39.49677" lon="-123.55769"/><rtept lat="39.49673" lon="-123.55824"/><rtept lat="39.49666" lon="-123.55858"/><rtept lat="39.49666" lon="-123.55873"/><rtept lat="39.49669" lon="-123.5589"/><rtept lat="39.49668" lon="-123.55899"/><rtept lat="39.49663" lon="-123.55909"/><rtept lat="39.49637" lon="-123.55941"/><rtept lat="39.49632" lon="-123.55944"/><rtept lat="39.49623" lon="-123.55945"/><rtept lat="39.49617" lon="-123.55948"/><rtept lat="39.49613" lon="-123.55955"/><rtept lat="39.49609" lon="-123.55968"/><rtept lat="39.4961" lon="-123.55991"/><rtept lat="39.49614" lon="-123.56011"/><rtept lat="39.49613" lon="-123.56021"/><rtept lat="39.496" lon="-123.56045"/><rtept lat="39.49593" lon="-123.56053"/><rtept lat="39.49579" lon="-123.56055"/><rtept lat="39.49559" lon="-123.56051"/><rtept lat="39.49554" lon="-123.56053"/><rtept lat="39.49536" lon="-123.5607"/><rtept lat="39.4952" lon="-123.56088"/><rtept lat="39.49506" lon="-123.561"/><rtept lat="39.49499" lon="-123.56109"/><rtept lat="39.49488" lon="-123.56132"/><rtept lat="39.49482" lon="-123.56152"/><rtept lat="39.49475" lon="-123.56168"/><rtept lat="39.49457" lon="-123.56194"/><rtept lat="39.49424" lon="-123.5623"/><rtept lat="39.49414" lon="-123.56234"/><rtept lat="39.49398" lon="-123.56231"/><rtept lat="39.49381" lon="-123.56223"/><rtept lat="39.49356" lon="-123.56225"/><rtept lat="39.49342" lon="-123.56232"/><rtept lat="39.49327" lon="-123.56234"/><rtept lat="39.49313" lon="-123.56231"/><rtept lat="39.49306" lon="-123.56226"/><rtept lat="39.49297" lon="-123.56216"/><rtept lat="39.49288" lon="-123.5621"/><rtept lat="39.49271" lon="-123.56208"/><rtept lat="39.49266" lon="-123.56209"/><rtept lat="39.4925" lon="-123.56224"/><rtept lat="39.4923" lon="-123.56259"/><rtept lat="39.49208" lon="-123.5629"/><rtept lat="39.49195" lon="-123.56302"/><rtept lat="39.49189" lon="-123.56304"/><rtept lat="39.49154" lon="-123.56303"/><rtept lat="39.49125" lon="-123.56306"/><rtept lat="39.491" lon="-123.563"/><rtept lat="39.49094" lon="-123.56296"/><rtept lat="39.49074" lon="-123.56276"/><rtept lat="39.4907" lon="-123.56267"/><rtept lat="39.49061" lon="-123.56234"/><rtept lat="39.49051" lon="-123.56211"/><rtept lat="39.49027" lon="-123.56165"/><rtept lat="39.49014" lon="-123.56144"/><rtept lat="39.49002" lon="-123.5613"/><rtept lat="39.48991" lon="-123.56123"/><rtept lat="39.48981" lon="-123.5612"/><rtept lat="39.4897" lon="-123.56119"/><rtept lat="39.4896" lon="-123.56123"/><rtept lat="39.48951" lon="-123.56136"/><rtept lat="39.48941" lon="-123.56157"/><rtept lat="39.48933" lon="-123.56168"/><rtept lat="39.48925" lon="-123.56174"/><rtept lat="39.48886" lon="-123.56188"/><rtept lat="39.48859" lon="-123.56237"/><rtept lat="39.48856" lon="-123.56245"/><rtept lat="39.4885" lon="-123.56253"/><rtept lat="39.48824" lon="-123.56269"/><rtept lat="39.48809" lon="-123.56285"/><rtept lat="39.48768" lon="-123.56321"/><rtept lat="39.48756" lon="-123.56339"/><rtept lat="39.48735" lon="-123.56342"/><rtept lat="39.48712" lon="-123.56341"/><rtept lat="39.48694" lon="-123.56344"/><rtept lat="39.48686" lon="-123.56355"/><rtept lat="39.48679" lon="-123.5636"/><rtept lat="39.48624" lon="-123.56373"/><rtept lat="39.48611" lon="-123.56372"/><rtept lat="39.48597" lon="-123.56373"/><rtept lat="39.48583" lon="-123.56388"/><rtept lat="39.48578" lon="-123.56401"/><rtept lat="39.48567" lon="-123.56416"/><rtept lat="39.48543" lon="-123.56429"/><rtept lat="39.48536" lon="-123.56435"/><rtept lat="39.48532" lon="-123.56446"/><rtept lat="39.48533" lon="-123.56461"/><rtept lat="39.48545" lon="-123.56485"/><rtept lat="39.48545" lon="-123.56501"/><rtept lat="39.48531" lon="-123.5653"/><rtept lat="39.48526" lon="-123.56545"/><rtept lat="39.48513" lon="-123.56568"/><rtept lat="39.48503" lon="-123.56593"/><rtept lat="39.48488" lon="-123.56619"/><rtept lat="39.48473" lon="-123.56656"/><rtept lat="39.48467" lon="-123.56664"/><rtept lat="39.4845" lon="-123.56679"/><rtept lat="39.48413" lon="-123.5669"/><rtept lat="39.48391" lon="-123.56679"/><rtept lat="39.48378" lon="-123.56677"/><rtept lat="39.48363" lon="-123.56684"/><rtept lat="39.4835" lon="-123.56698"/><rtept lat="39.4834" lon="-123.56719"/><rtept lat="39.48328" lon="-123.56734"/><rtept lat="39.48316" lon="-123.56757"/><rtept lat="39.48309" lon="-123.56766"/><rtept lat="39.48301" lon="-123.56771"/><rtept lat="39.48275" lon="-123.56772"/><rtept lat="39.48261" lon="-123.56766"/><rtept lat="39.48254" lon="-123.56766"/><rtept lat="39.48242" lon="-123.56771"/><rtept lat="39.48232" lon="-123.56772"/><rtept lat="39.48208" lon="-123.5677"/><rtept lat="39.4815" lon="-123.56757"/><rtept lat="39.48123" lon="-123.56754"/><rtept lat="39.4811" lon="-123.56754"/><rtept lat="39.48102" lon="-123.56756"/><rtept lat="39.48075" lon="-123.56773"/><rtept lat="39.48061" lon="-123.5679"/><rtept lat="39.48053" lon="-123.56824"/><rtept lat="39.48014" lon="-123.56884"/><rtept lat="39.48005" lon="-123.56889"/><rtept lat="39.47998" lon="-123.56889"/><rtept lat="39.47959" lon="-123.56877"/><rtept lat="39.47927" lon="-123.56858"/><rtept lat="39.47896" lon="-123.56842"/><rtept lat="39.47874" lon="-123.56834"/><rtept lat="39.47856" lon="-123.56837"/><rtept lat="39.47847" lon="-123.56843"/><rtept lat="39.4784" lon="-123.56853"/><rtept lat="39.47835" lon="-123.56856"/><rtept lat="39.47803" lon="-123.56856"/><rtept lat="39.47768" lon="-123.56847"/><rtept lat="39.47745" lon="-123.56855"/><rtept lat="39.4771" lon="-123.56835"/><rtept lat="39.47675" lon="-123.56797"/><rtept lat="39.47638" lon="-123.56776"/><rtept lat="39.47551" lon="-123.56745"/><rtept lat="39.47523" lon="-123.56747"/><rtept lat="39.47499" lon="-123.56774"/><rtept lat="39.47485" lon="-123.56783"/><rtept lat="39.47467" lon="-123.56791"/><rtept lat="39.47453" lon="-123.56804"/><rtept lat="39.47438" lon="-123.56841"/><rtept lat="39.47433" lon="-123.56848"/><rtept lat="39.47422" lon="-123.56857"/><rtept lat="39.47415" lon="-123.56858"/><rtept lat="39.47399" lon="-123.56856"/><rtept lat="39.47359" lon="-123.56864"/><rtept lat="39.4734" lon="-123.56864"/><rtept lat="39.47329" lon="-123.56867"/><rtept lat="39.47308" lon="-123.5688"/><rtept lat="39.47263" lon="-123.56898"/><rtept lat="39.47201" lon="-123.56918"/><rtept lat="39.47178" lon="-123.56923"/><rtept lat="39.47154" lon="-123.56921"/><rtept lat="39.47095" lon="-123.56896"/><rtept lat="39.47088" lon="-123.56891"/><rtept lat="39.47061" lon="-123.56858"/><rtept lat="39.47036" lon="-123.56816"/><rtept lat="39.4702" lon="-123.56795"/><rtept lat="39.47012" lon="-123.56788"/><rtept lat="39.46933" lon="-123.56757"/><rtept lat="39.46923" lon="-123.56756"/><rtept lat="39.46911" lon="-123.56757"/><rtept lat="39.46874" lon="-123.56752"/><rtept lat="39.46836" lon="-123.56741"/><rtept lat="39.46786" lon="-123.56733"/><rtept lat="39.46751" lon="-123.56716"/><rtept lat="39.46706" lon="-123.56688"/><rtept lat="39.46679" lon="-123.56676"/><rtept lat="39.46666" lon="-123.56674"/><rtept lat="39.46637" lon="-123.56675"/><rtept lat="39.46628" lon="-123.56667"/><rtept lat="39.46612" lon="-123.56629"/><rtept lat="39.46581" lon="-123.5657"/><rtept lat="39.46565" lon="-123.56552"/><rtept lat="39.46557" lon="-123.56539"/><rtept lat="39.46548" lon="-123.56531"/><rtept lat="39.46533" lon="-123.56525"/><rtept lat="39.46495" lon="-123.56517"/><rtept lat="39.46473" lon="-123.5651"/><rtept lat="39.46454" lon="-123.56506"/><rtept lat="39.46444" lon="-123.56506"/><rtept lat="39.46418" lon="-123.56502"/><rtept lat="39.46393" lon="-123.56494"/><rtept lat="39.46362" lon="-123.56493"/><rtept lat="39.46321" lon="-123.56499"/><rtept lat="39.46275" lon="-123.56518"/><rtept lat="39.46266" lon="-123.56525"/><rtept lat="39.46244" lon="-123.56548"/><rtept lat="39.46213" lon="-123.56574"/><rtept lat="39.4616" lon="-123.56609"/><rtept lat="39.46145" lon="-123.56626"/><rtept lat="39.46133" lon="-123.56634"/><rtept lat="39.46115" lon="-123.5664"/><rtept lat="39.46103" lon="-123.56648"/><rtept lat="39.461" lon="-123.56657"/><rtept lat="39.46096" lon="-123.56733"/><rtept lat="39.46089" lon="-123.56785"/><rtept lat="39.46072" lon="-123.56854"/><rtept lat="39.46062" lon="-123.56884"/><rtept lat="39.46059" lon="-123.56888"/><rtept lat="39.46052" lon="-123.56892"/><rtept lat="39.46033" lon="-123.56895"/><rtept lat="39.4602" lon="-123.56902"/><rtept lat="39.46004" lon="-123.56918"/><rtept lat="39.45991" lon="-123.56932"/><rtept lat="39.45978" lon="-123.56953"/><rtept lat="39.45969" lon="-123.56973"/><rtept lat="39.45958" lon="-123.56984"/><rtept lat="39.45947" lon="-123.56991"/><rtept lat="39.45925" lon="-123.5701"/><rtept lat="39.45889" lon="-123.57047"/><rtept lat="39.4587" lon="-123.57091"/><rtept lat="39.45848" lon="-123.5712"/><rtept lat="39.45808" lon="-123.57165"/><rtept lat="39.45794" lon="-123.5717"/><rtept lat="39.45771" lon="-123.57188"/><rtept lat="39.45739" lon="-123.57218"/><rtept lat="39.4573" lon="-123.57239"/><rtept lat="39.45724" lon="-123.57258"/><rtept lat="39.457" lon="-123.57357"/><rtept lat="39.45694" lon="-123.57368"/><rtept lat="39.45686" lon="-123.57377"/><rtept lat="39.45668" lon="-123.57391"/><rtept lat="39.45643" lon="-123.57401"/><rtept lat="39.45636" lon="-123.57416"/><rtept lat="39.45636" lon="-123.57425"/><rtept lat="39.45647" lon="-123.57474"/><rtept lat="39.45649" lon="-123.57524"/><rtept lat="39.45645" lon="-123.57558"/><rtept lat="39.45587" lon="-123.57681"/><rtept lat="39.45576" lon="-123.57724"/><rtept lat="39.45578" lon="-123.57766"/><rtept lat="39.45589" lon="-123.57834"/><rtept lat="39.4565" lon="-123.57994"/><rtept lat="39.45702" lon="-123.58078"/><rtept lat="39.45728" lon="-123.58115"/><rtept lat="39.45739" lon="-123.58137"/><rtept lat="39.45744" lon="-123.58163"/><rtept lat="39.45749" lon="-123.58209"/><rtept lat="39.45754" lon="-123.58234"/><rtept lat="39.45776" lon="-123.58278"/><rtept lat="39.45803" lon="-123.58317"/><rtept lat="39.4581" lon="-123.58337"/><rtept lat="39.45814" lon="-123.5836"/><rtept lat="39.45811" lon="-123.58443"/><rtept lat="39.45811" lon="-123.58508"/><rtept lat="39.45822" lon="-123.58584"/><rtept lat="39.45815" lon="-123.58609"/><rtept lat="39.45796" lon="-123.58634"/><rtept lat="39.45789" lon="-123.58651"/><rtept lat="39.45787" lon="-123.58677"/><rtept lat="39.45789" lon="-123.58702"/><rtept lat="39.45795" lon="-123.58729"/><rtept lat="39.45809" lon="-123.58776"/><rtept lat="39.45821" lon="-123.58827"/><rtept lat="39.45823" lon="-123.58842"/><rtept lat="39.45821" lon="-123.58857"/><rtept lat="39.45801" lon="-123.58903"/><rtept lat="39.45798" lon="-123.58922"/><rtept lat="39.45798" lon="-123.58947"/><rtept lat="39.45801" lon="-123.58969"/><rtept lat="39.45785" lon="-123.59028"/><rtept lat="39.45779" lon="-123.59038"/><rtept lat="39.45743" lon="-123.59074"/><rtept lat="39.45738" lon="-123.59076"/><rtept lat="39.45734" lon="-123.59082"/><rtept lat="39.45729" lon="-123.59105"/><rtept lat="39.45722" lon="-123.59114"/><rtept lat="39.4571" lon="-123.5912"/><rtept lat="39.45688" lon="-123.59139"/><rtept lat="39.45679" lon="-123.5916"/><rtept lat="39.4566" lon="-123.59193"/><rtept lat="39.45649" lon="-123.59206"/><rtept lat="39.45637" lon="-123.59209"/><rtept lat="39.45616" lon="-123.59204"/><rtept lat="39.45605" lon="-123.59206"/><rtept lat="39.45588" lon="-123.59218"/><rtept lat="39.4557" lon="-123.59234"/><rtept lat="39.4556" lon="-123.59247"/><rtept lat="39.45549" lon="-123.59265"/><rtept lat="39.45524" lon="-123.59353"/><rtept lat="39.4552" lon="-123.59403"/><rtept lat="39.45522" lon="-123.59411"/><rtept lat="39.45532" lon="-123.59429"/><rtept lat="39.45541" lon="-123.59438"/><rtept lat="39.45544" lon="-123.59438"/><rtept lat="39.45561" lon="-123.59431"/><rtept lat="39.45569" lon="-123.59425"/><rtept lat="39.45574" lon="-123.59424"/><rtept lat="39.45626" lon="-123.59426"/><rtept lat="39.45639" lon="-123.5942"/><rtept lat="39.45668" lon="-123.59388"/><rtept lat="39.45674" lon="-123.59386"/><rtept lat="39.45686" lon="-123.59386"/><rtept lat="39.45695" lon="-123.5939"/><rtept lat="39.45714" lon="-123.59411"/><rtept lat="39.45723" lon="-123.59416"/><rtept lat="39.45732" lon="-123.59417"/><rtept lat="39.45742" lon="-123.59414"/><rtept lat="39.45751" lon="-123.59408"/><rtept lat="39.45767" lon="-123.59392"/><rtept lat="39.45784" lon="-123.59389"/><rtept lat="39.45807" lon="-123.59393"/><rtept lat="39.4582" lon="-123.59398"/><rtept lat="39.45828" lon="-123.59407"/><rtept lat="39.45834" lon="-123.59427"/><rtept lat="39.45839" lon="-123.59435"/><rtept lat="39.45852" lon="-123.59445"/><rtept lat="39.45864" lon="-123.59448"/><rtept lat="39.45868" lon="-123.59445"/><rtept lat="39.45872" lon="-123.59437"/><rtept lat="39.4588" lon="-123.59411"/><rtept lat="39.45886" lon="-123.59405"/><rtept lat="39.45892" lon="-123.59403"/><rtept lat="39.45931" lon="-123.59424"/><rtept lat="39.45954" lon="-123.59439"/><rtept lat="39.45994" lon="-123.59489"/><rtept lat="39.46017" lon="-123.59533"/><rtept lat="39.46023" lon="-123.59541"/><rtept lat="39.4605" lon="-123.59544"/><rtept lat="39.46063" lon="-123.59542"/><rtept lat="39.46079" lon="-123.59534"/><rtept lat="39.46084" lon="-123.59534"/><rtept lat="39.46103" lon="-123.59546"/><rtept lat="39.4611" lon="-123.59554"/><rtept lat="39.46129" lon="-123.5959"/><rtept lat="39.46188" lon="-123.59672"/><rtept lat="39.46195" lon="-123.59687"/><rtept lat="39.46207" lon="-123.59744"/><rtept lat="39.46208" lon="-123.59761"/><rtept lat="39.46207" lon="-123.59768"/><rtept lat="39.46199" lon="-123.59785"/><rtept lat="39.46198" lon="-123.59791"/><rtept lat="39.46206" lon="-123.59815"/><rtept lat="39.4622" lon="-123.59836"/><rtept lat="39.46225" lon="-123.59847"/><rtept lat="39.46221" lon="-123.59898"/><rtept lat="39.4623" lon="-123.59986"/><rtept lat="39.4624" lon="-123.60029"/><rtept lat="39.46254" lon="-123.60053"/><rtept lat="39.46297" lon="-123.60101"/><rtept lat="39.4633" lon="-123.60142"/><rtept lat="39.46349" lon="-123.60173"/><rtept lat="39.46355" lon="-123.60189"/><rtept lat="39.46372" lon="-123.60253"/><rtept lat="39.4638" lon="-123.60272"/><rtept lat="39.46397" lon="-123.60298"/><rtept lat="39.4643" lon="-123.60342"/><rtept lat="39.4644" lon="-123.60367"/><rtept lat="39.4647" lon="-123.60423"/><rtept lat="39.46482" lon="-123.60439"/><rtept lat="39.46506" lon="-123.60461"/><rtept lat="39.46517" lon="-123.60479"/><rtept lat="39.46548" lon="-123.60537"/><rtept lat="39.46578" lon="-123.60585"/><rtept lat="39.46589" lon="-123.60612"/><rtept lat="39.46598" lon="-123.60629"/><rtept lat="39.46608" lon="-123.60641"/><rtept lat="39.46637" lon="-123.60667"/><rtept lat="39.4664" lon="-123.60673"/><rtept lat="39.46644" lon="-123.607"/><rtept lat="39.46644" lon="-123.60713"/><rtept lat="39.4664" lon="-123.60747"/><rtept lat="39.46639" lon="-123.60831"/><rtept lat="39.46641" lon="-123.60858"/><rtept lat="39.46637" lon="-123.60862"/><rtept lat="39.46628" lon="-123.60887"/><rtept lat="39.46627" lon="-123.60901"/><rtept lat="39.4663" lon="-123.60977"/><rtept lat="39.46625" lon="-123.60998"/><rtept lat="39.46619" lon="-123.61015"/><rtept lat="39.46611" lon="-123.6103"/><rtept lat="39.46596" lon="-123.61051"/><rtept lat="39.46582" lon="-123.61077"/><rtept lat="39.46571" lon="-123.61104"/><rtept lat="39.46559" lon="-123.61128"/><rtept lat="39.46555" lon="-123.61141"/><rtept lat="39.46528" lon="-123.61206"/><rtept lat="39.46522" lon="-123.61237"/><rtept lat="39.46519" lon="-123.61275"/><rtept lat="39.46526" lon="-123.61361"/><rtept lat="39.46525" lon="-123.61381"/><rtept lat="39.46527" lon="-123.61405"/><rtept lat="39.46535" lon="-123.61426"/><rtept lat="39.46541" lon="-123.61435"/><rtept lat="39.4655" lon="-123.61456"/><rtept lat="39.46553" lon="-123.61483"/><rtept lat="39.46547" lon="-123.61527"/><rtept lat="39.46545" lon="-123.61563"/><rtept lat="39.46546" lon="-123.6163"/><rtept lat="39.46544" lon="-123.61646"/><rtept lat="39.4654" lon="-123.61662"/><rtept lat="39.46521" lon="-123.61686"/><rtept lat="39.46508" lon="-123.61732"/><rtept lat="39.46503" lon="-123.61743"/><rtept lat="39.46487" lon="-123.61765"/><rtept lat="39.46471" lon="-123.61812"/><rtept lat="39.46464" lon="-123.61823"/><rtept lat="39.46428" lon="-123.6184"/><rtept lat="39.46398" lon="-123.61863"/><rtept lat="39.46363" lon="-123.61882"/><rtept lat="39.46349" lon="-123.61902"/><rtept lat="39.46336" lon="-123.61915"/><rtept lat="39.46291" lon="-123.61942"/><rtept lat="39.46267" lon="-123.61946"/><rtept lat="39.46078" lon="-123.6194"/><rtept lat="39.46032" lon="-123.61923"/><rtept lat="39.45998" lon="-123.61918"/><rtept lat="39.45986" lon="-123.61914"/><rtept lat="39.45976" lon="-123.61903"/><rtept lat="39.45961" lon="-123.61877"/><rtept lat="39.45947" lon="-123.61807"/><rtept lat="39.45937" lon="-123.61802"/><rtept lat="39.45931" lon="-123.61803"/><rtept lat="39.45924" lon="-123.61807"/><rtept lat="39.45911" lon="-123.61817"/><rtept lat="39.45887" lon="-123.61842"/><rtept lat="39.45847" lon="-123.6189"/><rtept lat="39.45812" lon="-123.61918"/><rtept lat="39.45767" lon="-123.61965"/><rtept lat="39.45748" lon="-123.61976"/><rtept lat="39.45707" lon="-123.61995"/><rtept lat="39.45696" lon="-123.61998"/><rtept lat="39.45665" lon="-123.61994"/><rtept lat="39.4562" lon="-123.61993"/><rtept lat="39.45606" lon="-123.6198"/><rtept lat="39.45571" lon="-123.61954"/><rtept lat="39.45561" lon="-123.61951"/><rtept lat="39.45555" lon="-123.61952"/><rtept lat="39.45546" lon="-123.61962"/><rtept lat="39.45528" lon="-123.61992"/><rtept lat="39.45524" lon="-123.62008"/><rtept lat="39.45521" lon="-123.62039"/><rtept lat="39.45516" lon="-123.62052"/><rtept lat="39.4551" lon="-123.6206"/><rtept lat="39.45487" lon="-123.62072"/><rtept lat="39.45481" lon="-123.62077"/><rtept lat="39.45476" lon="-123.62088"/><rtept lat="39.45465" lon="-123.62149"/><rtept lat="39.45459" lon="-123.62167"/><rtept lat="39.45453" lon="-123.62177"/><rtept lat="39.45434" lon="-123.62196"/><rtept lat="39.45425" lon="-123.62209"/><rtept lat="39.45404" lon="-123.62281"/><rtept lat="39.45386" lon="-123.62308"/><rtept lat="39.4536" lon="-123.62326"/><rtept lat="39.45351" lon="-123.62339"/><rtept lat="39.45347" lon="-123.62351"/><rtept lat="39.45346" lon="-123.62362"/><rtept lat="39.45348" lon="-123.62375"/><rtept lat="39.45347" lon="-123.62416"/><rtept lat="39.45336" lon="-123.62442"/><rtept lat="39.45315" lon="-123.62465"/><rtept lat="39.45282" lon="-123.62489"/><rtept lat="39.45262" lon="-123.62513"/><rtept lat="39.45246" lon="-123.62526"/><rtept lat="39.45236" lon="-123.6253"/><rtept lat="39.45217" lon="-123.62532"/><rtept lat="39.45212" lon="-123.62534"/><rtept lat="39.45208" lon="-123.62539"/><rtept lat="39.4519" lon="-123.62549"/><rtept lat="39.45169" lon="-123.62572"/><rtept lat="39.45154" lon="-123.62582"/><rtept lat="39.45148" lon="-123.62582"/><rtept lat="39.45143" lon="-123.6258"/><rtept lat="39.45116" lon="-123.6255"/><rtept lat="39.4511" lon="-123.62545"/><rtept lat="39.45104" lon="-123.62543"/><rtept lat="39.45096" lon="-123.62546"/><rtept lat="39.45078" lon="-123.62561"/><rtept lat="39.45062" lon="-123.62598"/><rtept lat="39.45058" lon="-123.62618"/><rtept lat="39.45059" lon="-123.62659"/><rtept lat="39.45052" lon="-123.62715"/><rtept lat="39.45052" lon="-123.62733"/><rtept lat="39.45057" lon="-123.62749"/><rtept lat="39.45057" lon="-123.62762"/><rtept lat="39.45053" lon="-123.62785"/><rtept lat="39.45042" lon="-123.62802"/><rtept lat="39.45012" lon="-123.62827"/><rtept lat="39.44992" lon="-123.62849"/><rtept lat="39.4497" lon="-123.62869"/><rtept lat="39.44949" lon="-123.62883"/><rtept lat="39.44938" lon="-123.62906"/><rtept lat="39.44936" lon="-123.62926"/><rtept lat="39.44936" lon="-123.62978"/><rtept lat="39.44931" lon="-123.62993"/><rtept lat="39.44923" lon="-123.63005"/><rtept lat="39.44902" lon="-123.63026"/><rtept lat="39.44893" lon="-123.63039"/><rtept lat="39.44887" lon="-123.63055"/><rtept lat="39.44889" lon="-123.63096"/><rtept lat="39.44885" lon="-123.63116"/><rtept lat="39.44877" lon="-123.63131"/><rtept lat="39.44856" lon="-123.6316"/><rtept lat="39.44825" lon="-123.63185"/><rtept lat="39.44809" lon="-123.63193"/><rtept lat="39.44776" lon="-123.63206"/><rtept lat="39.44762" lon="-123.6321"/><rtept lat="39.44746" lon="-123.63224"/><rtept lat="39.44723" lon="-123.63235"/><rtept lat="39.4471" lon="-123.63237"/><rtept lat="39.44691" lon="-123.63235"/><rtept lat="39.44673" lon="-123.63225"/><rtept lat="39.44639" lon="-123.6322"/><rtept lat="39.44623" lon="-123.63198"/><rtept lat="39.44602" lon="-123.63186"/><rtept lat="39.44593" lon="-123.63187"/><rtept lat="39.44587" lon="-123.63193"/><rtept lat="39.44577" lon="-123.63209"/><rtept lat="39.44568" lon="-123.63215"/><rtept lat="39.44558" lon="-123.63214"/><rtept lat="39.44545" lon="-123.63207"/><rtept lat="39.44537" lon="-123.63207"/><rtept lat="39.44532" lon="-123.63209"/><rtept lat="39.44512" lon="-123.6324"/><rtept lat="39.445" lon="-123.63251"/><rtept lat="39.44482" lon="-123.63286"/><rtept lat="39.44472" lon="-123.63317"/><rtept lat="39.44469" lon="-123.63386"/><rtept lat="39.44473" lon="-123.63396"/><rtept lat="39.44479" lon="-123.63432"/><rtept lat="39.44474" lon="-123.63473"/><rtept lat="39.44472" lon="-123.63516"/><rtept lat="39.44461" lon="-123.63538"/><rtept lat="39.44452" lon="-123.63547"/><rtept lat="39.44437" lon="-123.63552"/><rtept lat="39.44413" lon="-123.63554"/><rtept lat="39.44398" lon="-123.63559"/><rtept lat="39.44391" lon="-123.63564"/><rtept lat="39.44377" lon="-123.63588"/><rtept lat="39.44364" lon="-123.63602"/><rtept lat="39.44349" lon="-123.63643"/><rtept lat="39.44342" lon="-123.63651"/><rtept lat="39.44337" lon="-123.63655"/><rtept lat="39.44311" lon="-123.63656"/><rtept lat="39.44303" lon="-123.63662"/><rtept lat="39.44298" lon="-123.63671"/><rtept lat="39.44295" lon="-123.63686"/><rtept lat="39.44286" lon="-123.63712"/><rtept lat="39.44259" lon="-123.63762"/><rtept lat="39.44243" lon="-123.63806"/><rtept lat="39.44242" lon="-123.63836"/><rtept lat="39.44244" lon="-123.63852"/><rtept lat="39.44267" lon="-123.63912"/><rtept lat="39.4428" lon="-123.63937"/><rtept lat="39.44291" lon="-123.63951"/><rtept lat="39.44312" lon="-123.63972"/><rtept lat="39.44342" lon="-123.63982"/><rtept lat="39.44368" lon="-123.63982"/><rtept lat="39.44387" lon="-123.63986"/><rtept lat="39.44421" lon="-123.63987"/><rtept lat="39.44436" lon="-123.63984"/><rtept lat="39.44466" lon="-123.63998"/><rtept lat="39.44474" lon="-123.64006"/><rtept lat="39.44502" lon="-123.64064"/><rtept lat="39.44515" lon="-123.64082"/><rtept lat="39.44528" lon="-123.64093"/><rtept lat="39.4454" lon="-123.64108"/><rtept lat="39.44546" lon="-123.64121"/><rtept lat="39.44547" lon="-123.64136"/><rtept lat="39.4455" lon="-123.6415"/><rtept lat="39.44554" lon="-123.64158"/><rtept lat="39.44562" lon="-123.64167"/><rtept lat="39.44574" lon="-123.64188"/><rtept lat="39.44587" lon="-123.64226"/><rtept lat="39.44603" lon="-123.64246"/><rtept lat="39.44606" lon="-123.64247"/><rtept lat="39.4461" lon="-123.64246"/><rtept lat="39.44629" lon="-123.64214"/><rtept lat="39.44635" lon="-123.64199"/><rtept lat="39.44642" lon="-123.64189"/><rtept lat="39.44653" lon="-123.64181"/><rtept lat="39.44659" lon="-123.64183"/><rtept lat="39.44663" lon="-123.64187"/><rtept lat="39.44679" lon="-123.64213"/><rtept lat="39.44686" lon="-123.64217"/><rtept lat="39.44706" lon="-123.64222"/><rtept lat="39.44709" lon="-123.64226"/><rtept lat="39.44712" lon="-123.64245"/><rtept lat="39.44715" lon="-123.64252"/><rtept lat="39.44721" lon="-123.64258"/><rtept lat="39.44728" lon="-123.6426"/><rtept lat="39.44734" lon="-123.64251"/><rtept lat="39.44739" lon="-123.64232"/><rtept lat="39.44744" lon="-123.6422"/><rtept lat="39.44749" lon="-123.64216"/><rtept lat="39.44755" lon="-123.64214"/><rtept lat="39.44761" lon="-123.64215"/><rtept lat="39.44771" lon="-123.64223"/><rtept lat="39.44782" lon="-123.64236"/><rtept lat="39.4479" lon="-123.64248"/><rtept lat="39.44799" lon="-123.64275"/><rtept lat="39.44819" lon="-123.64302"/><rtept lat="39.4485" lon="-123.64324"/><rtept lat="39.44861" lon="-123.64337"/><rtept lat="39.44864" lon="-123.64343"/><rtept lat="39.44866" lon="-123.64363"/><rtept lat="39.44869" lon="-123.6437"/><rtept lat="39.44892" lon="-123.6439"/><rtept lat="39.449" lon="-123.64404"/><rtept lat="39.44914" lon="-123.64455"/><rtept lat="39.44918" lon="-123.64462"/><rtept lat="39.44924" lon="-123.64465"/><rtept lat="39.44945" lon="-123.6446"/><rtept lat="39.44968" lon="-123.64439"/><rtept lat="39.44977" lon="-123.64433"/><rtept lat="39.44985" lon="-123.64433"/><rtept lat="39.44991" lon="-123.64437"/><rtept lat="39.44996" lon="-123.64443"/><rtept lat="39.45001" lon="-123.64459"/><rtept lat="39.45002" lon="-123.64473"/><rtept lat="39.44999" lon="-123.64491"/><rtept lat="39.45001" lon="-123.64501"/><rtept lat="39.45007" lon="-123.64512"/><rtept lat="39.45027" lon="-123.64529"/><rtept lat="39.45052" lon="-123.64591"/><rtept lat="39.45056" lon="-123.64623"/><rtept lat="39.4506" lon="-123.64636"/><rtept lat="39.45065" lon="-123.64643"/><rtept lat="39.45077" lon="-123.64651"/><rtept lat="39.45102" lon="-123.64661"/><rtept lat="39.45112" lon="-123.64668"/><rtept lat="39.45123" lon="-123.64686"/><rtept lat="39.45131" lon="-123.64706"/><rtept lat="39.45146" lon="-123.64727"/><rtept lat="39.4516" lon="-123.64739"/><rtept lat="39.45186" lon="-123.64751"/><rtept lat="39.45194" lon="-123.64757"/><rtept lat="39.452" lon="-123.64766"/><rtept lat="39.45205" lon="-123.64778"/><rtept lat="39.45214" lon="-123.64815"/><rtept lat="39.45219" lon="-123.64823"/><rtept lat="39.45243" lon="-123.64841"/><rtept lat="39.45249" lon="-123.64839"/><rtept lat="39.45258" lon="-123.64833"/><rtept lat="39.45271" lon="-123.64832"/><rtept lat="39.45299" lon="-123.6486"/><rtept lat="39.45314" lon="-123.64868"/><rtept lat="39.45318" lon="-123.64874"/><rtept lat="39.45323" lon="-123.64907"/><rtept lat="39.45327" lon="-123.64919"/><rtept lat="39.45338" lon="-123.6493"/><rtept lat="39.45346" lon="-123.64935"/><rtept lat="39.454" lon="-123.64948"/><rtept lat="39.45407" lon="-123.64952"/><rtept lat="39.45421" lon="-123.64972"/><rtept lat="39.45433" lon="-123.64984"/><rtept lat="39.45466" lon="-123.65008"/><rtept lat="39.45521" lon="-123.65026"/><rtept lat="39.45528" lon="-123.65027"/><rtept lat="39.45553" lon="-123.65015"/><rtept lat="39.45586" lon="-123.65011"/><rtept lat="39.45626" lon="-123.65003"/><rtept lat="39.45643" lon="-123.65007"/><rtept lat="39.45659" lon="-123.65017"/><rtept lat="39.4567" lon="-123.6503"/><rtept lat="39.45687" lon="-123.6506"/><rtept lat="39.45692" lon="-123.65076"/><rtept lat="39.45683" lon="-123.65117"/><rtept lat="39.45692" lon="-123.65151"/><rtept lat="39.45692" lon="-123.65171"/><rtept lat="39.45661" lon="-123.65251"/><rtept lat="39.45632" lon="-123.65317"/><rtept lat="39.45627" lon="-123.65342"/><rtept lat="39.45635" lon="-123.6538"/><rtept lat="39.45638" lon="-123.65386"/><rtept lat="39.45651" lon="-123.654"/><rtept lat="39.45678" lon="-123.65422"/><rtept lat="39.45683" lon="-123.6543"/><rtept lat="39.45693" lon="-123.65489"/><rtept lat="39.45692" lon="-123.65497"/><rtept lat="39.45674" lon="-123.65534"/><rtept lat="39.45671" lon="-123.6555"/><rtept lat="39.45673" lon="-123.65568"/><rtept lat="39.45682" lon="-123.65589"/><rtept lat="39.45704" lon="-123.65616"/><rtept lat="39.45706" lon="-123.65628"/><rtept lat="39.45703" lon="-123.65636"/><rtept lat="39.45694" lon="-123.65637"/><rtept lat="39.45674" lon="-123.65628"/><rtept lat="39.45667" lon="-123.65627"/><rtept lat="39.45646" lon="-123.65637"/><rtept lat="39.45632" lon="-123.65647"/><rtept lat="39.45625" lon="-123.65655"/><rtept lat="39.45616" lon="-123.6568"/><rtept lat="39.45614" lon="-123.65697"/><rtept lat="39.45616" lon="-123.65722"/><rtept lat="39.45612" lon="-123.65727"/><rtept lat="39.45577" lon="-123.65739"/><rtept lat="39.45571" lon="-123.65743"/><rtept lat="39.45558" lon="-123.65765"/><rtept lat="39.45556" lon="-123.65774"/><rtept lat="39.45556" lon="-123.65786"/><rtept lat="39.45561" lon="-123.658"/><rtept lat="39.45585" lon="-123.65822"/><rtept lat="39.45595" lon="-123.65825"/><rtept lat="39.45605" lon="-123.65824"/><rtept lat="39.45616" lon="-123.65812"/><rtept lat="39.45628" lon="-123.65804"/><rtept lat="39.45639" lon="-123.65801"/><rtept lat="39.45672" lon="-123.6581"/><rtept lat="39.45697" lon="-123.65812"/><rtept lat="39.45702" lon="-123.65815"/><rtept lat="39.45703" lon="-123.65823"/><rtept lat="39.45693" lon="-123.65865"/><rtept lat="39.45696" lon="-123.6587"/><rtept lat="39.45702" lon="-123.65873"/><rtept lat="39.45711" lon="-123.65873"/><rtept lat="39.45722" lon="-123.65865"/><rtept lat="39.45732" lon="-123.65855"/><rtept lat="39.45746" lon="-123.6585"/><rtept lat="39.45756" lon="-123.65853"/><rtept lat="39.45767" lon="-123.65859"/><rtept lat="39.45792" lon="-123.65888"/><rtept lat="39.45799" lon="-123.65901"/><rtept lat="39.45803" lon="-123.65934"/><rtept lat="39.45807" lon="-123.65946"/><rtept lat="39.45817" lon="-123.65955"/><rtept lat="39.45837" lon="-123.65965"/><rtept lat="39.45858" lon="-123.65986"/><rtept lat="39.45865" lon="-123.66026"/><rtept lat="39.45872" lon="-123.6604"/><rtept lat="39.45881" lon="-123.6604"/><rtept lat="39.45898" lon="-123.66031"/><rtept lat="39.45907" lon="-123.66031"/><rtept lat="39.45916" lon="-123.66034"/><rtept lat="39.45938" lon="-123.6605"/><rtept lat="39.45989" lon="-123.66077"/><rtept lat="39.4601" lon="-123.66101"/><rtept lat="39.46021" lon="-123.66122"/><rtept lat="39.46025" lon="-123.66138"/><rtept lat="39.46028" lon="-123.66197"/><rtept lat="39.46037" lon="-123.66234"/><rtept lat="39.46034" lon="-123.66263"/><rtept lat="39.46027" lon="-123.663"/><rtept lat="39.46028" lon="-123.6632"/><rtept lat="39.46034" lon="-123.6636"/><rtept lat="39.46034" lon="-123.6639"/><rtept lat="39.46027" lon="-123.66425"/><rtept lat="39.46027" lon="-123.66434"/><rtept lat="39.46036" lon="-123.66456"/><rtept lat="39.46045" lon="-123.66465"/><rtept lat="39.46051" lon="-123.66469"/><rtept lat="39.46079" lon="-123.66476"/><rtept lat="39.46089" lon="-123.6647"/><rtept lat="39.46111" lon="-123.66443"/><rtept lat="39.46127" lon="-123.66442"/><rtept lat="39.46144" lon="-123.66455"/><rtept lat="39.46169" lon="-123.66483"/><rtept lat="39.46189" lon="-123.6651"/><rtept lat="39.46203" lon="-123.66532"/><rtept lat="39.46216" lon="-123.6654"/><rtept lat="39.46232" lon="-123.66544"/><rtept lat="39.46278" lon="-123.66528"/><rtept lat="39.46301" lon="-123.66523"/><rtept lat="39.46341" lon="-123.66528"/><rtept lat="39.46367" lon="-123.6652"/><rtept lat="39.46385" lon="-123.66519"/><rtept lat="39.46423" lon="-123.6653"/><rtept lat="39.46434" lon="-123.66537"/><rtept lat="39.46439" lon="-123.66543"/><rtept lat="39.4644" lon="-123.66549"/><rtept lat="39.46462" lon="-123.66567"/><rtept lat="39.46458" lon="-123.66584"/><rtept lat="39.46464" lon="-123.666"/><rtept lat="39.46481" lon="-123.66623"/><rtept lat="39.46508" lon="-123.6665"/><rtept lat="39.46517" lon="-123.66661"/><rtept lat="39.46519" lon="-123.66671"/><rtept lat="39.46518" lon="-123.66684"/><rtept lat="39.46511" lon="-123.66703"/><rtept lat="39.46503" lon="-123.66709"/><rtept lat="39.46479" lon="-123.66716"/><rtept lat="39.46471" lon="-123.66723"/><rtept lat="39.46468" lon="-123.66731"/><rtept lat="39.4646" lon="-123.66795"/><rtept lat="39.46453" lon="-123.66832"/><rtept lat="39.46452" lon="-123.6685"/><rtept lat="39.46456" lon="-123.66861"/><rtept lat="39.46466" lon="-123.66873"/><rtept lat="39.46467" lon="-123.66886"/><rtept lat="39.46465" lon="-123.66899"/><rtept lat="39.46459" lon="-123.66911"/><rtept lat="39.46458" lon="-123.66923"/><rtept lat="39.46459" lon="-123.66936"/><rtept lat="39.46466" lon="-123.6697"/><rtept lat="39.46467" lon="-123.66991"/><rtept lat="39.46462" lon="-123.67007"/><rtept lat="39.4645" lon="-123.67035"/><rtept lat="39.46437" lon="-123.6705"/><rtept lat="39.46426" lon="-123.67066"/><rtept lat="39.46412" lon="-123.67071"/><rtept lat="39.46395" lon="-123.67073"/><rtept lat="39.46371" lon="-123.67091"/><rtept lat="39.46368" lon="-123.671"/><rtept lat="39.46373" lon="-123.67115"/><rtept lat="39.46384" lon="-123.67124"/><rtept lat="39.46413" lon="-123.67153"/><rtept lat="39.46427" lon="-123.67176"/><rtept lat="39.46443" lon="-123.6718"/><rtept lat="39.46474" lon="-123.67175"/><rtept lat="39.46482" lon="-123.67176"/><rtept lat="39.46494" lon="-123.67188"/><rtept lat="39.46512" lon="-123.67235"/><rtept lat="39.4653" lon="-123.6726"/><rtept lat="39.46537" lon="-123.67309"/><rtept lat="39.4654" lon="-123.67317"/><rtept lat="39.46545" lon="-123.67322"/><rtept lat="39.46551" lon="-123.67323"/><rtept lat="39.46557" lon="-123.67321"/><rtept lat="39.46581" lon="-123.673"/><rtept lat="39.46589" lon="-123.67296"/><rtept lat="39.46597" lon="-123.67293"/><rtept lat="39.46616" lon="-123.67294"/><rtept lat="39.46647" lon="-123.67303"/><rtept lat="39.46657" lon="-123.67309"/><rtept lat="39.46675" lon="-123.67334"/><rtept lat="39.46693" lon="-123.67352"/><rtept lat="39.46699" lon="-123.67355"/><rtept lat="39.46707" lon="-123.67355"/><rtept lat="39.46748" lon="-123.67342"/><rtept lat="39.46755" lon="-123.67344"/><rtept lat="39.46761" lon="-123.67348"/><rtept lat="39.46763" lon="-123.67352"/><rtept lat="39.46766" lon="-123.6738"/><rtept lat="39.46772" lon="-123.67404"/><rtept lat="39.46775" lon="-123.67408"/><rtept lat="39.46784" lon="-123.67414"/><rtept lat="39.46801" lon="-123.67419"/><rtept lat="39.46811" lon="-123.67425"/><rtept lat="39.46817" lon="-123.67434"/><rtept lat="39.46828" lon="-123.67439"/><rtept lat="39.46838" lon="-123.67452"/><rtept lat="39.46846" lon="-123.67455"/><rtept lat="39.46856" lon="-123.67468"/><rtept lat="39.46873" lon="-123.67501"/><rtept lat="39.46909" lon="-123.67534"/><rtept lat="39.46911" lon="-123.67539"/><rtept lat="39.46907" lon="-123.67577"/><rtept lat="39.46908" lon="-123.67587"/><rtept lat="39.4691" lon="-123.6759"/><rtept lat="39.46922" lon="-123.67633"/><rtept lat="39.46923" lon="-123.6767"/><rtept lat="39.46926" lon="-123.67691"/><rtept lat="39.46931" lon="-123.67699"/><rtept lat="39.46941" lon="-123.67706"/><rtept lat="39.46951" lon="-123.67707"/><rtept lat="39.46973" lon="-123.67701"/><rtept lat="39.46985" lon="-123.67702"/><rtept lat="39.46995" lon="-123.67706"/><rtept lat="39.47001" lon="-123.67713"/><rtept lat="39.47007" lon="-123.67735"/><rtept lat="39.4701" lon="-123.67758"/><rtept lat="39.47013" lon="-123.67769"/><rtept lat="39.47025" lon="-123.67792"/><rtept lat="39.47031" lon="-123.67799"/><rtept lat="39.47031" lon="-123.67821"/><rtept lat="39.47038" lon="-123.67847"/><rtept lat="39.47061" lon="-123.67865"/><rtept lat="39.47067" lon="-123.67868"/><rtept lat="39.47097" lon="-123.679"/><rtept lat="39.47111" lon="-123.67922"/><rtept lat="39.47123" lon="-123.67949"/><rtept lat="39.47163" lon="-123.67994"/><rtept lat="39.47179" lon="-123.68005"/><rtept lat="39.47187" lon="-123.68047"/><rtept lat="39.47193" lon="-123.68061"/><rtept lat="39.47214" lon="-123.68101"/><rtept lat="39.47222" lon="-123.68112"/><rtept lat="39.47236" lon="-123.68125"/><rtept lat="39.47242" lon="-123.68161"/><rtept lat="39.47254" lon="-123.68194"/><rtept lat="39.47273" lon="-123.68215"/><rtept lat="39.47282" lon="-123.68218"/><rtept lat="39.47305" lon="-123.68221"/><rtept lat="39.47309" lon="-123.68226"/><rtept lat="39.4731" lon="-123.68234"/><rtept lat="39.47307" lon="-123.68252"/><rtept lat="39.4731" lon="-123.68264"/><rtept lat="39.47324" lon="-123.6828"/><rtept lat="39.47358" lon="-123.68307"/><rtept lat="39.47372" lon="-123.68314"/><rtept lat="39.47376" lon="-123.68319"/><rtept lat="39.47388" lon="-123.68345"/><rtept lat="39.47399" lon="-123.68393"/><rtept lat="39.47406" lon="-123.68411"/><rtept lat="39.47423" lon="-123.6844"/><rtept lat="39.4744" lon="-123.68465"/><rtept lat="39.47475" lon="-123.68541"/><rtept lat="39.47479" lon="-123.68553"/><rtept lat="39.47478" lon="-123.68577"/><rtept lat="39.4747" lon="-123.68591"/><rtept lat="39.4745" lon="-123.68606"/><rtept lat="39.47431" lon="-123.68624"/><rtept lat="39.47425" lon="-123.68633"/><rtept lat="39.47421" lon="-123.68651"/><rtept lat="39.47427" lon="-123.6868"/><rtept lat="39.47427" lon="-123.6869"/><rtept lat="39.4741" lon="-123.68728"/><rtept lat="39.47406" lon="-123.68745"/><rtept lat="39.47406" lon="-123.68776"/><rtept lat="39.47402" lon="-123.68784"/><rtept lat="39.4738" lon="-123.68799"/><rtept lat="39.47368" lon="-123.68801"/><rtept lat="39.47363" lon="-123.68804"/><rtept lat="39.47353" lon="-123.68817"/><rtept lat="39.47351" lon="-123.68829"/><rtept lat="39.47345" lon="-123.6884"/><rtept lat="39.47296" lon="-123.68895"/><rtept lat="39.47287" lon="-123.68903"/><rtept lat="39.47278" lon="-123.68908"/><rtept lat="39.47259" lon="-123.68911"/><rtept lat="39.47226" lon="-123.68901"/><rtept lat="39.47203" lon="-123.6889"/><rtept lat="39.47177" lon="-123.68886"/><rtept lat="39.47139" lon="-123.68871"/><rtept lat="39.47133" lon="-123.6887"/><rtept lat="39.47127" lon="-123.68872"/><rtept lat="39.47125" lon="-123.68878"/><rtept lat="39.47126" lon="-123.68882"/><rtept lat="39.47141" lon="-123.68915"/><rtept lat="39.47156" lon="-123.68931"/><rtept lat="39.47162" lon="-123.68944"/><rtept lat="39.47163" lon="-123.68961"/><rtept lat="39.47155" lon="-123.68989"/><rtept lat="39.47147" lon="-123.69005"/><rtept lat="39.47136" lon="-123.69034"/><rtept lat="39.47115" lon="-123.69096"/><rtept lat="39.47112" lon="-123.69169"/><rtept lat="39.4711" lon="-123.69184"/><rtept lat="39.47097" lon="-123.69215"/><rtept lat="39.47087" lon="-123.69225"/><rtept lat="39.47042" lon="-123.69262"/><rtept lat="39.4702" lon="-123.69273"/><rtept lat="39.4701" lon="-123.69284"/><rtept lat="39.47007" lon="-123.69297"/><rtept lat="39.47008" lon="-123.69321"/><rtept lat="39.47006" lon="-123.69353"/><rtept lat="39.46992" lon="-123.69373"/><rtept lat="39.46982" lon="-123.69392"/><rtept lat="39.46964" lon="-123.69433"/><rtept lat="39.46943" lon="-123.6951"/><rtept lat="39.46919" lon="-123.69584"/><rtept lat="39.46918" lon="-123.696"/><rtept lat="39.46941" lon="-123.69695"/><rtept lat="39.46952" lon="-123.69754"/><rtept lat="39.46949" lon="-123.69775"/><rtept lat="39.46938" lon="-123.69793"/><rtept lat="39.46888" lon="-123.69852"/><rtept lat="39.4686" lon="-123.69866"/><rtept lat="39.46839" lon="-123.69885"/><rtept lat="39.46828" lon="-123.69922"/><rtept lat="39.46823" lon="-123.69975"/><rtept lat="39.46818" lon="-123.69988"/><rtept lat="39.46809" lon="-123.70003"/><rtept lat="39.46796" lon="-123.70041"/><rtept lat="39.46775" lon="-123.70083"/><rtept lat="39.4677" lon="-123.70102"/><rtept lat="39.4677" lon="-123.70122"/><rtept lat="39.46765" lon="-123.70142"/><rtept lat="39.46755" lon="-123.70152"/><rtept lat="39.46743" lon="-123.70181"/><rtept lat="39.46736" lon="-123.70194"/><rtept lat="39.46735" lon="-123.70209"/><rtept lat="39.4674" lon="-123.70269"/><rtept lat="39.46737" lon="-123.70287"/><rtept lat="39.4671" lon="-123.70317"/><rtept lat="39.46692" lon="-123.70352"/><rtept lat="39.46688" lon="-123.70372"/><rtept lat="39.46674" lon="-123.70417"/><rtept lat="39.46662" lon="-123.70472"/><rtept lat="39.46651" lon="-123.70489"/><rtept lat="39.46571" lon="-123.70534"/><rtept lat="39.46548" lon="-123.70553"/><rtept lat="39.46526" lon="-123.70583"/><rtept lat="39.46503" lon="-123.70607"/><rtept lat="39.46487" lon="-123.70621"/><rtept lat="39.46452" lon="-123.70637"/><rtept lat="39.4644" lon="-123.70634"/><rtept lat="39.4642" lon="-123.70605"/><rtept lat="39.46409" lon="-123.706"/><rtept lat="39.46404" lon="-123.706"/><rtept lat="39.46364" lon="-123.70631"/><rtept lat="39.46329" lon="-123.70636"/><rtept lat="39.46296" lon="-123.70633"/><rtept lat="39.46287" lon="-123.70634"/><rtept lat="39.46277" lon="-123.70642"/><rtept lat="39.46267" lon="-123.70653"/><rtept lat="39.46255" lon="-123.70675"/><rtept lat="39.46249" lon="-123.70678"/><rtept lat="39.46246" lon="-123.70677"/><rtept lat="39.46243" lon="-123.70671"/><rtept lat="39.46239" lon="-123.70654"/><rtept lat="39.46232" lon="-123.70634"/><rtept lat="39.46216" lon="-123.70624"/><rtept lat="39.46199" lon="-123.70618"/><rtept lat="39.46174" lon="-123.70613"/><rtept lat="39.46164" lon="-123.70606"/><rtept lat="39.46127" lon="-123.70562"/><rtept lat="39.46123" lon="-123.70544"/><rtept lat="39.46111" lon="-123.70518"/><rtept lat="39.46105" lon="-123.70511"/><rtept lat="39.46097" lon="-123.70506"/><rtept lat="39.4609" lon="-123.70505"/><rtept lat="39.46084" lon="-123.70508"/><rtept lat="39.4608" lon="-123.70514"/><rtept lat="39.46079" lon="-123.7052"/><rtept lat="39.46083" lon="-123.70576"/><rtept lat="39.46079" lon="-123.70587"/><rtept lat="39.4606" lon="-123.70601"/><rtept lat="39.46042" lon="-123.70607"/><rtept lat="39.46004" lon="-123.70613"/><rtept lat="39.45987" lon="-123.7063"/><rtept lat="39.4597" lon="-123.70656"/><rtept lat="39.45956" lon="-123.7066"/><rtept lat="39.45919" lon="-123.70663"/><rtept lat="39.45885" lon="-123.70647"/><rtept lat="39.45871" lon="-123.70649"/><rtept lat="39.45854" lon="-123.70658"/><rtept lat="39.45839" lon="-123.70686"/><rtept lat="39.45842" lon="-123.70716"/><rtept lat="39.4584" lon="-123.70727"/><rtept lat="39.45831" lon="-123.70738"/><rtept lat="39.45821" lon="-123.70746"/><rtept lat="39.45793" lon="-123.70762"/><rtept lat="39.45774" lon="-123.70782"/><rtept lat="39.45764" lon="-123.70787"/><rtept lat="39.4575" lon="-123.7079"/><rtept lat="39.45732" lon="-123.70784"/><rtept lat="39.45718" lon="-123.70776"/><rtept lat="39.45703" lon="-123.70764"/><rtept lat="39.45685" lon="-123.70756"/><rtept lat="39.45663" lon="-123.70753"/><rtept lat="39.45651" lon="-123.70757"/><rtept lat="39.45631" lon="-123.70775"/><rtept lat="39.45624" lon="-123.70778"/><rtept lat="39.45616" lon="-123.70778"/><rtept lat="39.45603" lon="-123.70774"/><rtept lat="39.45549" lon="-123.70743"/><rtept lat="39.45542" lon="-123.70742"/><rtept lat="39.45536" lon="-123.70745"/><rtept lat="39.45531" lon="-123.70751"/><rtept lat="39.45522" lon="-123.70787"/><rtept lat="39.45512" lon="-123.70804"/><rtept lat="39.45483" lon="-123.70844"/><rtept lat="39.45463" lon="-123.70864"/><rtept lat="39.45451" lon="-123.70872"/><rtept lat="39.45427" lon="-123.7088"/><rtept lat="39.45388" lon="-123.70881"/><rtept lat="39.45363" lon="-123.70877"/><rtept lat="39.45336" lon="-123.70865"/><rtept lat="39.45323" lon="-123.70862"/><rtept lat="39.45273" lon="-123.70855"/><rtept lat="39.45268" lon="-123.70856"/><rtept lat="39.45262" lon="-123.70861"/><rtept lat="39.45247" lon="-123.7088"/><rtept lat="39.45241" lon="-123.70894"/><rtept lat="39.45216" lon="-123.70916"/><rtept lat="39.45168" lon="-123.70976"/><rtept lat="39.45139" lon="-123.71025"/><rtept lat="39.45131" lon="-123.71033"/><rtept lat="39.45119" lon="-123.71038"/><rtept lat="39.45088" lon="-123.71034"/><rtept lat="39.4508" lon="-123.71037"/><rtept lat="39.45074" lon="-123.71042"/><rtept lat="39.4507" lon="-123.71053"/><rtept lat="39.45069" lon="-123.71062"/><rtept lat="39.45072" lon="-123.71092"/><rtept lat="39.45037" lon="-123.71148"/><rtept lat="39.45025" lon="-123.7118"/><rtept lat="39.44992" lon="-123.71219"/><rtept lat="39.44955" lon="-123.71256"/><rtept lat="39.44883" lon="-123.71298"/><rtept lat="39.44859" lon="-123.7132"/><rtept lat="39.4484" lon="-123.71344"/><rtept lat="39.44833" lon="-123.71346"/><rtept lat="39.44824" lon="-123.71345"/><rtept lat="39.44813" lon="-123.71341"/><rtept lat="39.44799" lon="-123.7133"/><rtept lat="39.44793" lon="-123.71321"/><rtept lat="39.44789" lon="-123.71307"/><rtept lat="39.44794" lon="-123.71259"/><rtept lat="39.44793" lon="-123.71247"/><rtept lat="39.44788" lon="-123.71238"/><rtept lat="39.44777" lon="-123.71226"/><rtept lat="39.44764" lon="-123.71215"/><rtept lat="39.44754" lon="-123.712"/><rtept lat="39.44743" lon="-123.71178"/><rtept lat="39.44728" lon="-123.7116"/><rtept lat="39.44709" lon="-123.71132"/><rtept lat="39.44702" lon="-123.71112"/><rtept lat="39.44693" lon="-123.71079"/><rtept lat="39.44692" lon="-123.70997"/><rtept lat="39.44689" lon="-123.70984"/><rtept lat="39.44684" lon="-123.70973"/><rtept lat="39.44667" lon="-123.70861"/><rtept lat="39.44651" lon="-123.70792"/><rtept lat="39.44627" lon="-123.7072"/><rtept lat="39.44623" lon="-123.70694"/><rtept lat="39.44606" lon="-123.70659"/><rtept lat="39.44547" lon="-123.70625"/><rtept lat="39.44534" lon="-123.7062"/><rtept lat="39.44513" lon="-123.7062"/><rtept lat="39.44502" lon="-123.70625"/><rtept lat="39.44489" lon="-123.70639"/><rtept lat="39.44467" lon="-123.70729"/><rtept lat="39.44465" lon="-123.70757"/><rtept lat="39.4446" lon="-123.70787"/><rtept lat="39.44461" lon="-123.70806"/><rtept lat="39.44487" lon="-123.70865"/><rtept lat="39.44515" lon="-123.70947"/><rtept lat="39.44549" lon="-123.71035"/><rtept lat="39.44599" lon="-123.71183"/><rtept lat="39.44606" lon="-123.7121"/><rtept lat="39.44611" lon="-123.71257"/><rtept lat="39.44612" lon="-123.71302"/><rtept lat="39.44605" lon="-123.71436"/><rtept lat="39.44598" lon="-123.71464"/><rtept lat="39.44578" lon="-123.71618"/><rtept lat="39.44587" lon="-123.71717"/><rtept lat="39.44598" lon="-123.71763"/><rtept lat="39.44599" lon="-123.71792"/><rtept lat="39.44588" lon="-123.71812"/><rtept lat="39.44573" lon="-123.71818"/><rtept lat="39.44546" lon="-123.71822"/><rtept lat="39.44511" lon="-123.71823"/><rtept lat="39.44502" lon="-123.71826"/><rtept lat="39.44484" lon="-123.7184"/><rtept lat="39.4447" lon="-123.71863"/><rtept lat="39.44466" lon="-123.7188"/><rtept lat="39.44464" lon="-123.71906"/><rtept lat="39.44471" lon="-123.71958"/><rtept lat="39.4447" lon="-123.71964"/><rtept lat="39.44449" lon="-123.71985"/><rtept lat="39.44443" lon="-123.71994"/><rtept lat="39.44407" lon="-123.7202"/><rtept lat="39.44391" lon="-123.72034"/><rtept lat="39.44378" lon="-123.72043"/><rtept lat="39.44344" lon="-123.72058"/><rtept lat="39.4433" lon="-123.72059"/><rtept lat="39.443" lon="-123.72052"/><rtept lat="39.44265" lon="-123.72049"/><rtept lat="39.44234" lon="-123.72052"/><rtept lat="39.4422" lon="-123.72066"/><rtept lat="39.44214" lon="-123.72085"/><rtept lat="39.44215" lon="-123.72101"/><rtept lat="39.44228" lon="-123.72134"/><rtept lat="39.44229" lon="-123.72145"/><rtept lat="39.44226" lon="-123.72155"/><rtept lat="39.4419" lon="-123.72221"/><rtept lat="39.44189" lon="-123.72228"/><rtept lat="39.44196" lon="-123.7225"/><rtept lat="39.44198" lon="-123.7227"/><rtept lat="39.44195" lon="-123.72291"/><rtept lat="39.44201" lon="-123.7231"/><rtept lat="39.44211" lon="-123.72328"/><rtept lat="39.44214" lon="-123.72338"/><rtept lat="39.44212" lon="-123.72349"/><rtept lat="39.44195" lon="-123.72396"/><rtept lat="39.44193" lon="-123.72411"/><rtept lat="39.442" lon="-123.72428"/><rtept lat="39.44208" lon="-123.72437"/><rtept lat="39.44221" lon="-123.72442"/><rtept lat="39.44234" lon="-123.72455"/><rtept lat="39.44308" lon="-123.72504"/><rtept lat="39.44344" lon="-123.72533"/><rtept lat="39.44353" lon="-123.72544"/><rtept lat="39.44364" lon="-123.72564"/><rtept lat="39.44393" lon="-123.72604"/><rtept lat="39.44404" lon="-123.72608"/><rtept lat="39.44432" lon="-123.72608"/><rtept lat="39.44438" lon="-123.72611"/><rtept lat="39.44442" lon="-123.72616"/><rtept lat="39.44456" lon="-123.72645"/><rtept lat="39.4446" lon="-123.7265"/><rtept lat="39.44464" lon="-123.72652"/><rtept lat="39.44467" lon="-123.72649"/><rtept lat="39.44465" lon="-123.72617"/><rtept lat="39.44467" lon="-123.72606"/><rtept lat="39.44474" lon="-123.72594"/><rtept lat="39.44483" lon="-123.72594"/><rtept lat="39.44496" lon="-123.7262"/><rtept lat="39.44498" lon="-123.72634"/><rtept lat="39.44493" lon="-123.72696"/><rtept lat="39.44494" lon="-123.72702"/><rtept lat="39.445" lon="-123.72706"/><rtept lat="39.4451" lon="-123.727"/><rtept lat="39.44517" lon="-123.727"/><rtept lat="39.4452" lon="-123.72702"/><rtept lat="39.44522" lon="-123.7271"/><rtept lat="39.44524" lon="-123.72735"/><rtept lat="39.44523" lon="-123.72747"/><rtept lat="39.4452" lon="-123.72755"/><rtept lat="39.44513" lon="-123.72765"/><rtept lat="39.44506" lon="-123.7277"/><rtept lat="39.44497" lon="-123.72772"/><rtept lat="39.44487" lon="-123.72771"/><rtept lat="39.44454" lon="-123.72752"/><rtept lat="39.44436" lon="-123.72754"/><rtept lat="39.44427" lon="-123.72758"/><rtept lat="39.44409" lon="-123.72776"/><rtept lat="39.44391" lon="-123.72802"/><rtept lat="39.44384" lon="-123.72816"/><rtept lat="39.44375" lon="-123.72838"/><rtept lat="39.44371" lon="-123.72855"/><rtept lat="39.44371" lon="-123.72875"/><rtept lat="39.44377" lon="-123.72952"/><rtept lat="39.44379" lon="-123.72959"/><rtept lat="39.44388" lon="-123.72976"/><rtept lat="39.44394" lon="-123.72983"/><rtept lat="39.44404" lon="-123.72991"/><rtept lat="39.44434" lon="-123.7301"/><rtept lat="39.44439" lon="-123.73015"/><rtept lat="39.44444" lon="-123.73026"/><rtept lat="39.44446" lon="-123.73041"/><rtept lat="39.44436" lon="-123.73081"/><rtept lat="39.44423" lon="-123.73114"/><rtept lat="39.44416" lon="-123.73123"/><rtept lat="39.44409" lon="-123.73128"/><rtept lat="39.44398" lon="-123.73131"/><rtept lat="39.44353" lon="-123.73131"/><rtept lat="39.44343" lon="-123.73134"/><rtept lat="39.4434" lon="-123.73137"/><rtept lat="39.44333" lon="-123.73148"/><rtept lat="39.44303" lon="-123.73222"/><rtept lat="39.44302" lon="-123.73233"/><rtept lat="39.44305" lon="-123.73245"/><rtept lat="39.44313" lon="-123.73259"/><rtept lat="39.44336" lon="-123.73282"/><rtept lat="39.4434" lon="-123.73288"/><rtept lat="39.44342" lon="-123.73298"/><rtept lat="39.44334" lon="-123.73323"/><rtept lat="39.44333" lon="-123.73355"/><rtept lat="39.44323" lon="-123.73381"/><rtept lat="39.44345" lon="-123.73436"/><rtept lat="39.44365" lon="-123.73475"/><rtept lat="39.44395" lon="-123.73521"/><rtept lat="39.44402" lon="-123.73541"/><rtept lat="39.44425" lon="-123.7354"/><rtept lat="39.44435" lon="-123.73543"/><rtept lat="39.44446" lon="-123.73544"/><rtept lat="39.44472" lon="-123.73533"/><rtept lat="39.44501" lon="-123.73517"/><rtept lat="39.44508" lon="-123.73518"/><rtept lat="39.44555" lon="-123.73558"/><rtept lat="39.4456" lon="-123.73567"/><rtept lat="39.4456" lon="-123.7358"/><rtept lat="39.44553" lon="-123.73592"/><rtept lat="39.44539" lon="-123.73598"/><rtept lat="39.44523" lon="-123.73608"/><rtept lat="39.4451" lon="-123.73626"/><rtept lat="39.44501" lon="-123.7365"/><rtept lat="39.44498" lon="-123.73665"/><rtept lat="39.44497" lon="-123.73696"/><rtept lat="39.44499" lon="-123.73732"/><rtept lat="39.44503" lon="-123.73746"/><rtept lat="39.44507" lon="-123.73753"/><rtept lat="39.4452" lon="-123.73766"/><rtept lat="39.44524" lon="-123.73773"/><rtept lat="39.44526" lon="-123.73789"/><rtept lat="39.44524" lon="-123.7381"/><rtept lat="39.44503" lon="-123.73832"/><rtept lat="39.44492" lon="-123.73856"/><rtept lat="39.4449" lon="-123.73872"/><rtept lat="39.44508" lon="-123.73893"/><rtept lat="39.44521" lon="-123.73923"/><rtept lat="39.44539" lon="-123.73977"/><rtept lat="39.44541" lon="-123.73992"/><rtept lat="39.44532" lon="-123.74016"/><rtept lat="39.44523" lon="-123.74033"/><rtept lat="39.44513" lon="-123.74058"/><rtept lat="39.44504" lon="-123.74087"/><rtept lat="39.44502" lon="-123.74101"/><rtept lat="39.44502" lon="-123.74121"/><rtept lat="39.44505" lon="-123.74134"/><rtept lat="39.44519" lon="-123.74157"/><rtept lat="39.44539" lon="-123.74181"/><rtept lat="39.44575" lon="-123.74233"/><rtept lat="39.44589" lon="-123.74269"/><rtept lat="39.44599" lon="-123.74285"/><rtept lat="39.44658" lon="-123.74311"/><rtept lat="39.4468" lon="-123.74327"/><rtept lat="39.4469" lon="-123.74339"/><rtept lat="39.44704" lon="-123.74366"/><rtept lat="39.44706" lon="-123.74389"/><rtept lat="39.44704" lon="-123.74421"/><rtept lat="39.44708" lon="-123.74439"/><rtept lat="39.44746" lon="-123.74535"/><rtept lat="39.44762" lon="-123.74569"/><rtept lat="39.44781" lon="-123.74587"/><rtept lat="39.44803" lon="-123.74602"/><rtept lat="39.44816" lon="-123.74618"/><rtept lat="39.44817" lon="-123.74626"/><rtept lat="39.44811" lon="-123.74646"/><rtept lat="39.4477" lon="-123.74682"/><rtept lat="39.44748" lon="-123.74707"/><rtept lat="39.44744" lon="-123.74713"/><rtept lat="39.44742" lon="-123.74722"/><rtept lat="39.44744" lon="-123.74746"/><rtept lat="39.44752" lon="-123.74775"/><rtept lat="39.44748" lon="-123.74803"/><rtept lat="39.44752" lon="-123.74831"/><rtept lat="39.44764" lon="-123.74852"/><rtept lat="39.44787" lon="-123.74879"/><rtept lat="39.44801" lon="-123.74903"/><rtept lat="39.44806" lon="-123.74923"/><rtept lat="39.44811" lon="-123.74965"/><rtept lat="39.4481" lon="-123.75028"/><rtept lat="39.44819" lon="-123.75095"/><rtept lat="39.44821" lon="-123.7514"/><rtept lat="39.44799" lon="-123.75216"/><rtept lat="39.44798" lon="-123.75243"/><rtept lat="39.44807" lon="-123.75283"/><rtept lat="39.44808" lon="-123.75319"/><rtept lat="39.4478" lon="-123.75423"/><rtept lat="39.44764" lon="-123.75447"/><rtept lat="39.44724" lon="-123.75492"/><rtept lat="39.44709" lon="-123.75514"/><rtept lat="39.44701" lon="-123.7553"/><rtept lat="39.44644" lon="-123.75617"/><rtept lat="39.44625" lon="-123.75655"/><rtept lat="39.44605" lon="-123.75709"/><rtept lat="39.44587" lon="-123.75749"/><rtept lat="39.44579" lon="-123.75774"/><rtept lat="39.44557" lon="-123.75862"/><rtept lat="39.44511" lon="-123.7603"/><rtept lat="39.445" lon="-123.7608"/><rtept lat="39.44479" lon="-123.76221"/><rtept lat="39.44491" lon="-123.76339"/><rtept lat="39.4448" lon="-123.76386"/><rtept lat="39.44443" lon="-123.76472"/><rtept lat="39.44401" lon="-123.76681"/><rtept lat="39.44373" lon="-123.76768"/><rtept lat="39.44357" lon="-123.76866"/><rtept lat="39.44343" lon="-123.76915"/><rtept lat="39.44333" lon="-123.76935"/><rtept lat="39.44296" lon="-123.76989"/><rtept lat="39.44283" lon="-123.77014"/><rtept lat="39.44238" lon="-123.77143"/><rtept lat="39.44183" lon="-123.77288"/><rtept lat="39.44178" lon="-123.77315"/><rtept lat="39.44179" lon="-123.7753"/><rtept lat="39.44164" lon="-123.77689"/><rtept lat="39.44154" lon="-123.77815"/><rtept lat="39.44138" lon="-123.77963"/><rtept lat="39.44138" lon="-123.77988"/><rtept lat="39.44145" lon="-123.78038"/><rtept lat="39.44165" lon="-123.78118"/><rtept lat="39.44169" lon="-123.7816"/><rtept lat="39.44171" lon="-123.78864"/><rtept lat="39.44175" lon="-123.79181"/><rtept lat="39.44175" lon="-123.79272"/><rtept lat="39.4417" lon="-123.79505"/><rtept lat="39.4417" lon="-123.80273"/><rtept lat="39.44172" lon="-123.80393"/><rtept lat="39.44172" lon="-123.80594"/><rtept lat="39.43968" lon="-123.80598"/><rtept lat="39.43324" lon="-123.80617"/><rtept lat="39.43111" lon="-123.80627"/><rtept lat="39.43048" lon="-123.80633"/><rtept lat="39.42968" lon="-123.80647"/><rtept lat="39.42913" lon="-123.80546"/><rtept lat="39.42841" lon="-123.80383"/><rtept lat="39.42755" lon="-123.80316"/><rtept lat="39.4273" lon="-123.80302"/><rtept lat="39.42699" lon="-123.80292"/><rtept lat="39.42683" lon="-123.8029"/><rtept lat="39.42593" lon="-123.80318"/><rtept lat="39.42513" lon="-123.80339"/><rtept lat="39.42485" lon="-123.80333"/><rtept lat="39.42431" lon="-123.8031"/><rtept lat="39.42422" lon="-123.80309"/><rtept lat="39.42411" lon="-123.80311"/><rtept lat="39.42407" lon="-123.80314"/><rtept lat="39.42403" lon="-123.80323"/><rtept lat="39.42399" lon="-123.80343"/><rtept lat="39.42403" lon="-123.80323"/><rtept lat="39.42407" lon="-123.80314"/><rtept lat="39.42411" lon="-123.80311"/><rtept lat="39.42422" lon="-123.80309"/><rtept lat="39.42431" lon="-123.8031"/><rtept lat="39.42485" lon="-123.80333"/><rtept lat="39.42513" lon="-123.80339"/><rtept lat="39.42593" lon="-123.80318"/><rtept lat="39.42683" lon="-123.8029"/><rtept lat="39.42699" lon="-123.80292"/><rtept lat="39.4273" lon="-123.80302"/><rtept lat="39.42755" lon="-123.80316"/><rtept lat="39.42841" lon="-123.80383"/><rtept lat="39.42913" lon="-123.80546"/><rtept lat="39.42968" lon="-123.80647"/><rtept lat="39.43048" lon="-123.80633"/><rtept lat="39.43111" lon="-123.80627"/><rtept lat="39.43166" lon="-123.80624"/><rtept lat="39.43235" lon="-123.80622"/><rtept lat="39.43324" lon="-123.80617"/><rtept lat="39.44121" lon="-123.80594"/><rtept lat="39.44366" lon="-123.80596"/><rtept lat="39.44423" lon="-123.80598"/><rtept lat="39.4455" lon="-123.80593"/><rtept lat="39.4466" lon="-123.80592"/><rtept lat="39.44803" lon="-123.80593"/><rtept lat="39.44929" lon="-123.80591"/><rtept lat="39.44987" lon="-123.80592"/><rtept lat="39.45127" lon="-123.80588"/><rtept lat="39.45223" lon="-123.8059"/><rtept lat="39.45319" lon="-123.80583"/><rtept lat="39.45445" lon="-123.80562"/><rtept lat="39.45507" lon="-123.80555"/><rtept lat="39.45532" lon="-123.80554"/><rtept lat="39.45559" lon="-123.80557"/><rtept lat="39.45601" lon="-123.80568"/><rtept lat="39.45667" lon="-123.80594"/><rtept lat="39.45784" lon="-123.8063"/><rtept lat="39.45854" lon="-123.80645"/><rtept lat="39.45894" lon="-123.80651"/><rtept lat="39.45935" lon="-123.80654"/><rtept lat="39.45978" lon="-123.80651"/><rtept lat="39.46045" lon="-123.80641"/><rtept lat="39.46129" lon="-123.80622"/><rtept lat="39.46237" lon="-123.80602"/><rtept lat="39.46315" lon="-123.80576"/><rtept lat="39.46487" lon="-123.80507"/><rtept lat="39.46583" lon="-123.80458"/><rtept lat="39.4667" lon="-123.80404"/><rtept lat="39.46815" lon="-123.80322"/><rtept lat="39.46841" lon="-123.80301"/><rtept lat="39.46915" lon="-123.80188"/><rtept lat="39.46925" lon="-123.8017"/><rtept lat="39.46995" lon="-123.79984"/><rtept lat="39.47008" lon="-123.79958"/><rtept lat="39.4703" lon="-123.7992"/><rtept lat="39.47058" lon="-123.79884"/><rtept lat="39.47098" lon="-123.79842"/><rtept lat="39.47113" lon="-123.79831"/><rtept lat="39.47144" lon="-123.79814"/><rtept lat="39.47183" lon="-123.79795"/><rtept lat="39.47197" lon="-123.7979"/><rtept lat="39.47232" lon="-123.79783"/><rtept lat="39.47278" lon="-123.79779"/><rtept lat="39.47385" lon="-123.79775"/><rtept lat="39.47539" lon="-123.79773"/><rtept lat="39.47581" lon="-123.79778"/><rtept lat="39.47618" lon="-123.79785"/><rtept lat="39.47663" lon="-123.79791"/><rtept lat="39.47697" lon="-123.79793"/><rtept lat="39.47736" lon="-123.79784"/><rtept lat="39.47774" lon="-123.79764"/><rtept lat="39.4787" lon="-123.797"/><rtept lat="39.47955" lon="-123.79626"/><rtept lat="39.48083" lon="-123.79508"/><rtept lat="39.48214" lon="-123.79382"/><rtept lat="39.4827" lon="-123.79325"/><rtept lat="39.48283" lon="-123.7931"/><rtept lat="39.48399" lon="-123.7916"/><rtept lat="39.48538" lon="-123.78969"/><rtept lat="39.48616" lon="-123.78866"/><rtept lat="39.48638" lon="-123.78842"/><rtept lat="39.48688" lon="-123.78795"/><rtept lat="39.48713" lon="-123.78776"/><rtept lat="39.48901" lon="-123.7867"/><rtept lat="39.48946" lon="-123.78636"/><rtept lat="39.49" lon="-123.78588"/><rtept lat="39.4904" lon="-123.78544"/><rtept lat="39.4908" lon="-123.78493"/><rtept lat="39.49197" lon="-123.78315"/><rtept lat="39.49232" lon="-123.78271"/><rtept lat="39.49307" lon="-123.78166"/><rtept lat="39.49331" lon="-123.78138"/><rtept lat="39.49342" lon="-123.78128"/><rtept lat="39.49364" lon="-123.78115"/><rtept lat="39.4938" lon="-123.78109"/><rtept lat="39.49418" lon="-123.78099"/><rtept lat="39.49511" lon="-123.78084"/><rtept lat="39.49635" lon="-123.78041"/><rtept lat="39.49727" lon="-123.77996"/><rtept lat="39.49753" lon="-123.77978"/><rtept lat="39.49836" lon="-123.77902"/><rtept lat="39.49851" lon="-123.77882"/><rtept lat="39.49858" lon="-123.77848"/><rtept lat="39.49851" lon="-123.7755"/><rtept lat="39.49854" lon="-123.77511"/><rtept lat="39.49862" lon="-123.77483"/><rtept lat="39.49872" lon="-123.77462"/><rtept lat="39.49882" lon="-123.77447"/><rtept lat="39.49903" lon="-123.77424"/><rtept lat="39.49926" lon="-123.77409"/><rtept lat="39.49942" lon="-123.77404"/><rtept lat="39.49962" lon="-123.77401"/><rtept lat="39.50009" lon="-123.77403"/><rtept lat="39.50026" lon="-123.77401"/><rtept lat="39.50035" lon="-123.77397"/><rtept lat="39.50154" lon="-123.77301"/><rtept lat="39.50186" lon="-123.77271"/><rtept lat="39.50203" lon="-123.77251"/><rtept lat="39.50233" lon="-123.77205"/><rtept lat="39.50247" lon="-123.77188"/><rtept lat="39.50278" lon="-123.77155"/><rtept lat="39.50339" lon="-123.77095"/><rtept lat="39.50358" lon="-123.77067"/><rtept lat="39.50506" lon="-123.76828"/><rtept lat="39.50537" lon="-123.76783"/><rtept lat="39.50639" lon="-123.76673"/><rtept lat="39.50703" lon="-123.76612"/><rtept lat="39.50723" lon="-123.76595"/><rtept lat="39.50746" lon="-123.76585"/><rtept lat="39.50832" lon="-123.7656"/><rtept lat="39.50855" lon="-123.76549"/><rtept lat="39.50876" lon="-123.76536"/><rtept lat="39.5089" lon="-123.76524"/><rtept lat="39.50924" lon="-123.76486"/><rtept lat="39.50939" lon="-123.76476"/><rtept lat="39.5095" lon="-123.76472"/><rtept lat="39.50967" lon="-123.76469"/><rtept lat="39.51073" lon="-123.76465"/><rtept lat="39.51105" lon="-123.76462"/><rtept lat="39.51162" lon="-123.76451"/><rtept lat="39.51249" lon="-123.76424"/><rtept lat="39.51344" lon="-123.76391"/><rtept lat="39.51434" lon="-123.76362"/><rtept lat="39.5152" lon="-123.76338"/><rtept lat="39.51614" lon="-123.76306"/><rtept lat="39.51667" lon="-123.76292"/><rtept lat="39.51932" lon="-123.76209"/><rtept lat="39.52194" lon="-123.76132"/><rtept lat="39.52253" lon="-123.76105"/><rtept lat="39.52267" lon="-123.761"/><rtept lat="39.52297" lon="-123.76099"/><rtept lat="39.52356" lon="-123.76105"/><rtept lat="39.52387" lon="-123.76103"/><rtept lat="39.52426" lon="-123.76095"/><rtept lat="39.52469" lon="-123.76082"/><rtept lat="39.52516" lon="-123.76064"/><rtept lat="39.52683" lon="-123.75992"/><rtept lat="39.52718" lon="-123.75973"/><rtept lat="39.52757" lon="-123.75941"/><rtept lat="39.52787" lon="-123.75922"/><rtept lat="39.52798" lon="-123.75917"/><rtept lat="39.52817" lon="-123.75912"/><rtept lat="39.52846" lon="-123.7591"/><rtept lat="39.52917" lon="-123.75922"/><rtept lat="39.53215" lon="-123.75894"/><rtept lat="39.53245" lon="-123.7589"/><rtept lat="39.53256" lon="-123.75884"/><rtept lat="39.5327" lon="-123.75871"/><rtept lat="39.5329" lon="-123.75844"/><rtept lat="39.53389" lon="-123.75692"/><rtept lat="39.53405" lon="-123.75673"/><rtept lat="39.53425" lon="-123.75655"/><rtept lat="39.5345" lon="-123.75642"/><rtept lat="39.53508" lon="-123.75626"/><rtept lat="39.53717" lon="-123.7559"/><rtept lat="39.53752" lon="-123.75586"/><rtept lat="39.53811" lon="-123.75583"/><rtept lat="39.53848" lon="-123.75585"/><rtept lat="39.53892" lon="-123.7559"/><rtept lat="39.53932" lon="-123.75598"/><rtept lat="39.53996" lon="-123.75615"/><rtept lat="39.54048" lon="-123.75631"/><rtept lat="39.54129" lon="-123.75671"/><rtept lat="39.54184" lon="-123.75704"/><rtept lat="39.54237" lon="-123.75743"/><rtept lat="39.54286" lon="-123.75788"/><rtept lat="39.54352" lon="-123.75853"/><rtept lat="39.54578" lon="-123.76135"/><rtept lat="39.54603" lon="-123.76161"/><rtept lat="39.54642" lon="-123.76193"/><rtept lat="39.54671" lon="-123.76211"/><rtept lat="39.54714" lon="-123.7623"/><rtept lat="39.54744" lon="-123.76238"/><rtept lat="39.54775" lon="-123.76243"/><rtept lat="39.55032" lon="-123.76262"/><rtept lat="39.55057" lon="-123.76268"/><rtept lat="39.55174" lon="-123.76302"/><rtept lat="39.55254" lon="-123.76327"/><rtept lat="39.55307" lon="-123.76334"/><rtept lat="39.55422" lon="-123.76332"/><rtept lat="39.55557" lon="-123.76333"/><rtept lat="39.55665" lon="-123.7633"/><rtept lat="39.55689" lon="-123.76328"/><rtept lat="39.5571" lon="-123.7633"/><rtept lat="39.55721" lon="-123.76334"/><rtept lat="39.55736" lon="-123.76347"/><rtept lat="39.55747" lon="-123.76363"/><rtept lat="39.55754" lon="-123.76378"/><rtept lat="39.55761" lon="-123.76403"/><rtept lat="39.55762" lon="-123.76418"/><rtept lat="39.55758" lon="-123.76461"/><rtept lat="39.55764" lon="-123.76535"/><rtept lat="39.55768" lon="-123.76554"/><rtept lat="39.55772" lon="-123.76565"/><rtept lat="39.55779" lon="-123.76572"/><rtept lat="39.55791" lon="-123.76574"/><rtept lat="39.55801" lon="-123.76572"/><rtept lat="39.55837" lon="-123.76556"/><rtept lat="39.55909" lon="-123.76528"/><rtept lat="39.55979" lon="-123.76512"/><rtept lat="39.55992" lon="-123.76513"/><rtept lat="39.56003" lon="-123.76515"/><rtept lat="39.56138" lon="-123.76581"/><rtept lat="39.5617" lon="-123.76594"/><rtept lat="39.56195" lon="-123.76601"/><rtept lat="39.56242" lon="-123.7661"/><rtept lat="39.56365" lon="-123.76626"/><rtept lat="39.56385" lon="-123.76631"/><rtept lat="39.5645" lon="-123.76654"/><rtept lat="39.56471" lon="-123.76657"/><rtept lat="39.56482" lon="-123.76656"/><rtept lat="39.56493" lon="-123.76652"/><rtept lat="39.5651" lon="-123.76641"/><rtept lat="39.56569" lon="-123.76585"/><rtept lat="39.56586" lon="-123.7657"/><rtept lat="39.566" lon="-123.76561"/><rtept lat="39.56611" lon="-123.76557"/><rtept lat="39.5663" lon="-123.76554"/><rtept lat="39.56675" lon="-123.7656"/><rtept lat="39.56691" lon="-123.7656"/><rtept lat="39.56715" lon="-123.76557"/><rtept lat="39.56726" lon="-123.76558"/><rtept lat="39.56733" lon="-123.76561"/><rtept lat="39.56741" lon="-123.76572"/><rtept lat="39.56744" lon="-123.7659"/><rtept lat="39.56742" lon="-123.766"/><rtept lat="39.56726" lon="-123.76626"/><rtept lat="39.56705" lon="-123.76644"/><rtept lat="39.56694" lon="-123.7665"/><rtept lat="39.56667" lon="-123.76658"/><rtept lat="39.5666" lon="-123.76663"/><rtept lat="39.56649" lon="-123.76674"/><rtept lat="39.56642" lon="-123.76688"/><rtept lat="39.56637" lon="-123.76705"/><rtept lat="39.5662" lon="-123.76795"/><rtept lat="39.5662" lon="-123.76825"/><rtept lat="39.56628" lon="-123.76861"/><rtept lat="39.56637" lon="-123.76884"/><rtept lat="39.56662" lon="-123.76921"/><rtept lat="39.56682" lon="-123.76942"/><rtept lat="39.56718" lon="-123.76975"/><rtept lat="39.5674" lon="-123.7699"/><rtept lat="39.57011" lon="-123.77147"/><rtept lat="39.57051" lon="-123.77167"/><rtept lat="39.57093" lon="-123.77178"/><rtept lat="39.57184" lon="-123.77192"/><rtept lat="39.57395" lon="-123.7723"/><rtept lat="39.57769" lon="-123.77301"/><rtept lat="39.57796" lon="-123.77301"/><rtept lat="39.57811" lon="-123.77297"/><rtept lat="39.57823" lon="-123.7729"/><rtept lat="39.57904" lon="-123.77222"/><rtept lat="39.57934" lon="-123.77209"/><rtept lat="39.57967" lon="-123.77204"/><rtept lat="39.58017" lon="-123.77201"/><rtept lat="39.58241" lon="-123.77197"/><rtept lat="39.58453" lon="-123.77203"/><rtept lat="39.58507" lon="-123.77207"/><rtept lat="39.58522" lon="-123.77213"/><rtept lat="39.58536" lon="-123.7722"/><rtept lat="39.58553" lon="-123.77233"/><rtept lat="39.58631" lon="-123.77301"/><rtept lat="39.58641" lon="-123.77314"/><rtept lat="39.58816" lon="-123.77577"/><rtept lat="39.5888" lon="-123.7766"/><rtept lat="39.58923" lon="-123.7771"/><rtept lat="39.58952" lon="-123.7774"/><rtept lat="39.59127" lon="-123.77902"/><rtept lat="39.59244" lon="-123.78013"/><rtept lat="39.59379" lon="-123.78121"/><rtept lat="39.5948" lon="-123.78189"/><rtept lat="39.59556" lon="-123.78226"/><rtept lat="39.59676" lon="-123.78306"/><rtept lat="39.59703" lon="-123.78322"/><rtept lat="39.59856" lon="-123.78407"/><rtept lat="39.59909" lon="-123.78439"/><rtept lat="39.60047" lon="-123.78513"/><rtept lat="39.6011" lon="-123.78552"/><rtept lat="39.60121" lon="-123.78557"/><rtept lat="39.60139" lon="-123.78561"/><rtept lat="39.60153" lon="-123.78562"/><rtept lat="39.60177" lon="-123.78559"/><rtept lat="39.60268" lon="-123.78539"/><rtept lat="39.60351" lon="-123.78517"/><rtept lat="39.60425" lon="-123.78485"/><rtept lat="39.60618" lon="-123.78422"/><rtept lat="39.60694" lon="-123.78385"/><rtept lat="39.6071" lon="-123.78374"/><rtept lat="39.60717" lon="-123.78366"/><rtept lat="39.60724" lon="-123.78353"/><rtept lat="39.60735" lon="-123.78307"/><rtept lat="39.60739" lon="-123.78296"/><rtept lat="39.60755" lon="-123.78276"/><rtept lat="39.60766" lon="-123.78268"/><rtept lat="39.60784" lon="-123.7826"/><rtept lat="39.60796" lon="-123.78257"/><rtept lat="39.6081" lon="-123.78258"/><rtept lat="39.60827" lon="-123.78262"/><rtept lat="39.60864" lon="-123.7828"/><rtept lat="39.60878" lon="-123.78282"/><rtept lat="39.60891" lon="-123.78281"/><rtept lat="39.60905" lon="-123.78276"/><rtept lat="39.60947" lon="-123.7825"/><rtept lat="39.60959" lon="-123.78247"/><rtept lat="39.60974" lon="-123.78245"/><rtept lat="39.61045" lon="-123.78253"/><rtept lat="39.61074" lon="-123.78252"/><rtept lat="39.611" lon="-123.78246"/><rtept lat="39.61168" lon="-123.78218"/><rtept lat="39.61186" lon="-123.78216"/><rtept lat="39.61248" lon="-123.78215"/><rtept lat="39.61256" lon="-123.78211"/><rtept lat="39.61264" lon="-123.78202"/><rtept lat="39.6127" lon="-123.78184"/><rtept lat="39.61272" lon="-123.78147"/><rtept lat="39.6127" lon="-123.7811"/><rtept lat="39.61252" lon="-123.78025"/><rtept lat="39.61252" lon="-123.78011"/><rtept lat="39.61255" lon="-123.77991"/><rtept lat="39.61253" lon="-123.7796"/><rtept lat="39.61245" lon="-123.77922"/><rtept lat="39.61235" lon="-123.77891"/><rtept lat="39.61229" lon="-123.77864"/><rtept lat="39.61228" lon="-123.77848"/><rtept lat="39.61229" lon="-123.77834"/><rtept lat="39.61232" lon="-123.77823"/><rtept lat="39.61237" lon="-123.77814"/><rtept lat="39.61243" lon="-123.77808"/><rtept lat="39.61254" lon="-123.77804"/><rtept lat="39.61263" lon="-123.77807"/><rtept lat="39.6127" lon="-123.77812"/><rtept lat="39.61278" lon="-123.77824"/><rtept lat="39.61286" lon="-123.77846"/><rtept lat="39.61308" lon="-123.77942"/><rtept lat="39.61323" lon="-123.7799"/><rtept lat="39.61359" lon="-123.78055"/><rtept lat="39.61375" lon="-123.78087"/><rtept lat="39.61397" lon="-123.78142"/><rtept lat="39.61407" lon="-123.78157"/><rtept lat="39.61424" lon="-123.78172"/><rtept lat="39.61444" lon="-123.78178"/><rtept lat="39.6146" lon="-123.78179"/><rtept lat="39.61478" lon="-123.78175"/><rtept lat="39.61491" lon="-123.78169"/><rtept lat="39.61557" lon="-123.78121"/><rtept lat="39.61588" lon="-123.78087"/><rtept lat="39.61599" lon="-123.78081"/><rtept lat="39.61606" lon="-123.78083"/><rtept lat="39.61609" lon="-123.78086"/><rtept lat="39.61612" lon="-123.78097"/><rtept lat="39.61608" lon="-123.78114"/><rtept lat="39.61596" lon="-123.78147"/><rtept lat="39.61596" lon="-123.78159"/><rtept lat="39.616" lon="-123.7817"/><rtept lat="39.61614" lon="-123.7818"/><rtept lat="39.61626" lon="-123.78181"/><rtept lat="39.61672" lon="-123.78172"/><rtept lat="39.61699" lon="-123.78172"/><rtept lat="39.61723" lon="-123.78175"/><rtept lat="39.61762" lon="-123.78184"/><rtept lat="39.61808" lon="-123.78189"/><rtept lat="39.61834" lon="-123.78185"/><rtept lat="39.61886" lon="-123.78173"/><rtept lat="39.61997" lon="-123.78144"/><rtept lat="39.62215" lon="-123.78104"/><rtept lat="39.62228" lon="-123.78109"/><rtept lat="39.62239" lon="-123.7812"/><rtept lat="39.62255" lon="-123.78148"/><rtept lat="39.62268" lon="-123.78164"/><rtept lat="39.6229" lon="-123.78174"/><rtept lat="39.62375" lon="-123.78195"/><rtept lat="39.62417" lon="-123.78203"/><rtept lat="39.62452" lon="-123.78214"/><rtept lat="39.62469" lon="-123.78224"/><rtept lat="39.62509" lon="-123.78259"/><rtept lat="39.62519" lon="-123.78265"/><rtept lat="39.62553" lon="-123.78269"/><rtept lat="39.62585" lon="-123.78276"/><rtept lat="39.62591" lon="-123.78275"/><rtept lat="39.62597" lon="-123.78271"/><rtept lat="39.62611" lon="-123.78245"/><rtept lat="39.62621" lon="-123.78235"/><rtept lat="39.62631" lon="-123.78231"/><rtept lat="39.62643" lon="-123.78231"/><rtept lat="39.62678" lon="-123.78241"/><rtept lat="39.62715" lon="-123.78242"/><rtept lat="39.6275" lon="-123.78251"/><rtept lat="39.6277" lon="-123.78251"/><rtept lat="39.62808" lon="-123.78247"/><rtept lat="39.62844" lon="-123.7825"/><rtept lat="39.62857" lon="-123.78249"/><rtept lat="39.62897" lon="-123.78241"/><rtept lat="39.6294" lon="-123.78243"/><rtept lat="39.63007" lon="-123.78234"/><rtept lat="39.63021" lon="-123.78236"/><rtept lat="39.63067" lon="-123.78248"/><rtept lat="39.63089" lon="-123.78249"/><rtept lat="39.63128" lon="-123.78245"/><rtept lat="39.63238" lon="-123.78248"/><rtept lat="39.63273" lon="-123.78251"/><rtept lat="39.63504" lon="-123.78286"/><rtept lat="39.63547" lon="-123.78293"/><rtept lat="39.63555" lon="-123.78296"/><rtept lat="39.63562" lon="-123.78302"/><rtept lat="39.63571" lon="-123.7832"/><rtept lat="39.63574" lon="-123.78343"/><rtept lat="39.63575" lon="-123.78377"/><rtept lat="39.63574" lon="-123.78466"/><rtept lat="39.6358" lon="-123.78484"/><rtept lat="39.63585" lon="-123.78489"/><rtept lat="39.63592" lon="-123.78493"/><rtept lat="39.6361" lon="-123.78494"/><rtept lat="39.63746" lon="-123.78491"/><rtept lat="39.63964" lon="-123.7849"/><rtept lat="39.64042" lon="-123.78488"/><rtept lat="39.64186" lon="-123.78442"/><rtept lat="39.64229" lon="-123.78432"/><rtept lat="39.64257" lon="-123.78428"/><rtept lat="39.64344" lon="-123.78421"/><rtept lat="39.64372" lon="-123.78413"/><rtept lat="39.6439" lon="-123.78405"/><rtept lat="39.64406" lon="-123.784"/><rtept lat="39.64429" lon="-123.78402"/><rtept lat="39.64487" lon="-123.78436"/><rtept lat="39.64505" lon="-123.78443"/><rtept lat="39.64609" lon="-123.78465"/><rtept lat="39.64628" lon="-123.78466"/><rtept lat="39.64644" lon="-123.78465"/><rtept lat="39.64668" lon="-123.7846"/><rtept lat="39.64687" lon="-123.78452"/><rtept lat="39.64707" lon="-123.78439"/><rtept lat="39.64726" lon="-123.78423"/><rtept lat="39.64758" lon="-123.78387"/><rtept lat="39.64777" lon="-123.78352"/><rtept lat="39.64789" lon="-123.78326"/><rtept lat="39.64793" lon="-123.7831"/><rtept lat="39.64794" lon="-123.78168"/><rtept lat="39.64796" lon="-123.78143"/><rtept lat="39.64805" lon="-123.7811"/><rtept lat="39.64828" lon="-123.78062"/><rtept lat="39.64845" lon="-123.78032"/><rtept lat="39.64858" lon="-123.78018"/><rtept lat="39.64877" lon="-123.78007"/><rtept lat="39.64896" lon="-123.77999"/><rtept lat="39.64918" lon="-123.77994"/><rtept lat="39.64932" lon="-123.77994"/><rtept lat="39.64946" lon="-123.77998"/><rtept lat="39.64955" lon="-123.78004"/><rtept lat="39.64967" lon="-123.7802"/><rtept lat="39.6499" lon="-123.78092"/><rtept lat="39.64997" lon="-123.78104"/><rtept lat="39.65007" lon="-123.78114"/><rtept lat="39.6502" lon="-123.78121"/><rtept lat="39.65093" lon="-123.78148"/><rtept lat="39.65126" lon="-123.78168"/><rtept lat="39.65139" lon="-123.78178"/><rtept lat="39.65152" lon="-123.78192"/><rtept lat="39.65162" lon="-123.78206"/><rtept lat="39.65201" lon="-123.78283"/><rtept lat="39.65222" lon="-123.78319"/><rtept lat="39.65229" lon="-123.78341"/><rtept lat="39.65253" lon="-123.78392"/><rtept lat="39.65274" lon="-123.78416"/><rtept lat="39.65305" lon="-123.78435"/><rtept lat="39.65341" lon="-123.78449"/><rtept lat="39.65374" lon="-123.78453"/><rtept lat="39.65544" lon="-123.7845"/><rtept lat="39.65589" lon="-123.7845"/><rtept lat="39.65615" lon="-123.78452"/><rtept lat="39.65696" lon="-123.78465"/><rtept lat="39.65933" lon="-123.78514"/><rtept lat="39.66036" lon="-123.78537"/><rtept lat="39.66098" lon="-123.78561"/><rtept lat="39.66119" lon="-123.78572"/><rtept lat="39.66238" lon="-123.78644"/><rtept lat="39.66825" lon="-123.78983"/><rtept lat="39.66883" lon="-123.79015"/><rtept lat="39.66972" lon="-123.79052"/><rtept lat="39.67019" lon="-123.79066"/><rtept lat="39.67105" lon="-123.7908"/><rtept lat="39.67139" lon="-123.79083"/><rtept lat="39.67224" lon="-123.79083"/><rtept lat="39.67282" lon="-123.79075"/><rtept lat="39.67593" lon="-123.78998"/><rtept lat="39.67678" lon="-123.78987"/><rtept lat="39.67728" lon="-123.78986"/><rtept lat="39.67792" lon="-123.78989"/><rtept lat="39.67856" lon="-123.78999"/><rtept lat="39.67894" lon="-123.79007"/><rtept lat="39.68081" lon="-123.7906"/><rtept lat="39.68294" lon="-123.79118"/><rtept lat="39.68831" lon="-123.79271"/><rtept lat="39.6888" lon="-123.79286"/><rtept lat="39.68927" lon="-123.79305"/><rtept lat="39.68957" lon="-123.79321"/><rtept lat="39.69016" lon="-123.79356"/><rtept lat="39.69052" lon="-123.79382"/><rtept lat="39.69104" lon="-123.79424"/><rtept lat="39.69143" lon="-123.7946"/><rtept lat="39.6919" lon="-123.79509"/><rtept lat="39.69325" lon="-123.79683"/><rtept lat="39.69394" lon="-123.79756"/><rtept lat="39.69414" lon="-123.79781"/><rtept lat="39.69469" lon="-123.79838"/><rtept lat="39.69497" lon="-123.7985"/><rtept lat="39.69512" lon="-123.79851"/><rtept lat="39.69566" lon="-123.79839"/><rtept lat="39.69585" lon="-123.79841"/><rtept lat="39.69603" lon="-123.79847"/><rtept lat="39.69628" lon="-123.79865"/><rtept lat="39.69643" lon="-123.79884"/><rtept lat="39.69701" lon="-123.79973"/><rtept lat="39.69711" lon="-123.79986"/><rtept lat="39.69723" lon="-123.79998"/><rtept lat="39.69734" lon="-123.80004"/><rtept lat="39.69747" lon="-123.80008"/><rtept lat="39.69789" lon="-123.80012"/><rtept lat="39.69821" lon="-123.80021"/><rtept lat="39.69838" lon="-123.80032"/><rtept lat="39.69858" lon="-123.80049"/><rtept lat="39.69889" lon="-123.80084"/><rtept lat="39.69992" lon="-123.80251"/><rtept lat="39.70006" lon="-123.8027"/><rtept lat="39.70022" lon="-123.80287"/><rtept lat="39.70038" lon="-123.80299"/><rtept lat="39.70054" lon="-123.80307"/><rtept lat="39.70089" lon="-123.80319"/><rtept lat="39.7016" lon="-123.80342"/><rtept lat="39.70178" lon="-123.80346"/><rtept lat="39.70226" lon="-123.80352"/><rtept lat="39.70256" lon="-123.80359"/><rtept lat="39.70489" lon="-123.80395"/><rtept lat="39.70506" lon="-123.80399"/><rtept lat="39.70536" lon="-123.80415"/><rtept lat="39.70576" lon="-123.80432"/><rtept lat="39.70613" lon="-123.80455"/><rtept lat="39.70629" lon="-123.80469"/><rtept lat="39.70643" lon="-123.80485"/><rtept lat="39.70657" lon="-123.80505"/><rtept lat="39.70689" lon="-123.80568"/><rtept lat="39.70696" lon="-123.80576"/><rtept lat="39.70707" lon="-123.80583"/><rtept lat="39.70722" lon="-123.8059"/><rtept lat="39.70744" lon="-123.80596"/><rtept lat="39.70757" lon="-123.80597"/><rtept lat="39.70829" lon="-123.80591"/><rtept lat="39.70847" lon="-123.80593"/><rtept lat="39.70869" lon="-123.80602"/><rtept lat="39.70886" lon="-123.80612"/><rtept lat="39.70952" lon="-123.80665"/><rtept lat="39.70973" lon="-123.80677"/><rtept lat="39.70997" lon="-123.80688"/><rtept lat="39.71009" lon="-123.8069"/><rtept lat="39.71025" lon="-123.80685"/><rtept lat="39.71043" lon="-123.80674"/><rtept lat="39.71062" lon="-123.8066"/><rtept lat="39.71074" lon="-123.80649"/><rtept lat="39.71081" lon="-123.80639"/><rtept lat="39.71087" lon="-123.80626"/><rtept lat="39.71093" lon="-123.80598"/><rtept lat="39.71098" lon="-123.80495"/><rtept lat="39.71104" lon="-123.80449"/><rtept lat="39.71119" lon="-123.80367"/><rtept lat="39.71123" lon="-123.8035"/><rtept lat="39.71131" lon="-123.80334"/><rtept lat="39.71145" lon="-123.80324"/><rtept lat="39.71154" lon="-123.8032"/><rtept lat="39.71172" lon="-123.80318"/><rtept lat="39.71183" lon="-123.8032"/><rtept lat="39.71202" lon="-123.80328"/><rtept lat="39.71241" lon="-123.80348"/><rtept lat="39.7126" lon="-123.8035"/><rtept lat="39.71272" lon="-123.80342"/><rtept lat="39.71282" lon="-123.80321"/><rtept lat="39.71295" lon="-123.80273"/><rtept lat="39.71306" lon="-123.80241"/><rtept lat="39.71316" lon="-123.80218"/><rtept lat="39.71348" lon="-123.80162"/><rtept lat="39.71356" lon="-123.80142"/><rtept lat="39.71374" lon="-123.80087"/><rtept lat="39.71381" lon="-123.80073"/><rtept lat="39.71393" lon="-123.80061"/><rtept lat="39.71405" lon="-123.80055"/><rtept lat="39.71509" lon="-123.80052"/><rtept lat="39.71613" lon="-123.80055"/><rtept lat="39.71624" lon="-123.80057"/><rtept lat="39.71636" lon="-123.80061"/><rtept lat="39.71658" lon="-123.80074"/><rtept lat="39.71672" lon="-123.80086"/><rtept lat="39.717" lon="-123.80122"/><rtept lat="39.7171" lon="-123.80131"/><rtept lat="39.71747" lon="-123.80158"/><rtept lat="39.71756" lon="-123.80161"/><rtept lat="39.71766" lon="-123.80163"/><rtept lat="39.71782" lon="-123.80158"/><rtept lat="39.71795" lon="-123.80156"/><rtept lat="39.71804" lon="-123.80157"/><rtept lat="39.71821" lon="-123.80161"/><rtept lat="39.71869" lon="-123.80179"/><rtept lat="39.71888" lon="-123.80182"/><rtept lat="39.71908" lon="-123.80181"/><rtept lat="39.71934" lon="-123.80174"/><rtept lat="39.72043" lon="-123.80167"/><rtept lat="39.72083" lon="-123.80172"/><rtept lat="39.72118" lon="-123.80185"/><rtept lat="39.72194" lon="-123.80222"/><rtept lat="39.72235" lon="-123.80246"/><rtept lat="39.72253" lon="-123.80253"/><rtept lat="39.72277" lon="-123.80258"/><rtept lat="39.72341" lon="-123.80261"/><rtept lat="39.72384" lon="-123.80267"/><rtept lat="39.72416" lon="-123.80278"/><rtept lat="39.7246" lon="-123.80281"/><rtept lat="39.72466" lon="-123.80288"/><rtept lat="39.72468" lon="-123.80293"/><rtept lat="39.72466" lon="-123.80303"/><rtept lat="39.72461" lon="-123.80307"/><rtept lat="39.72452" lon="-123.80312"/><rtept lat="39.72429" lon="-123.8032"/><rtept lat="39.7241" lon="-123.80325"/><rtept lat="39.72359" lon="-123.80334"/><rtept lat="39.72351" lon="-123.8034"/><rtept lat="39.72345" lon="-123.80348"/><rtept lat="39.72337" lon="-123.80372"/><rtept lat="39.72332" lon="-123.80396"/><rtept lat="39.7232" lon="-123.80535"/><rtept lat="39.72325" lon="-123.8057"/><rtept lat="39.72336" lon="-123.80614"/><rtept lat="39.72337" lon="-123.80622"/><rtept lat="39.72336" lon="-123.80628"/><rtept lat="39.72333" lon="-123.80633"/><rtept lat="39.72322" lon="-123.80635"/><rtept lat="39.72316" lon="-123.80632"/><rtept lat="39.72281" lon="-123.80597"/><rtept lat="39.7227" lon="-123.80583"/><rtept lat="39.72261" lon="-123.80567"/><rtept lat="39.72249" lon="-123.80532"/><rtept lat="39.7223" lon="-123.80493"/><rtept lat="39.72213" lon="-123.8047"/><rtept lat="39.72195" lon="-123.80453"/><rtept lat="39.7213" lon="-123.804"/><rtept lat="39.72119" lon="-123.80394"/><rtept lat="39.72112" lon="-123.80393"/><rtept lat="39.721" lon="-123.80397"/><rtept lat="39.72091" lon="-123.80409"/><rtept lat="39.72077" lon="-123.80436"/><rtept lat="39.72062" lon="-123.80472"/><rtept lat="39.72059" lon="-123.80483"/><rtept lat="39.72058" lon="-123.80496"/><rtept lat="39.72061" lon="-123.80512"/><rtept lat="39.72066" lon="-123.80521"/><rtept lat="39.72132" lon="-123.80615"/><rtept lat="39.72153" lon="-123.80641"/><rtept lat="39.72173" lon="-123.80659"/><rtept lat="39.72212" lon="-123.80687"/><rtept lat="39.72247" lon="-123.80717"/><rtept lat="39.72256" lon="-123.80727"/><rtept lat="39.72273" lon="-123.80752"/><rtept lat="39.7229" lon="-123.80801"/><rtept lat="39.72305" lon="-123.80824"/><rtept lat="39.72314" lon="-123.8083"/><rtept lat="39.72338" lon="-123.80841"/><rtept lat="39.72348" lon="-123.80847"/><rtept lat="39.72355" lon="-123.80854"/><rtept lat="39.72359" lon="-123.80864"/><rtept lat="39.72377" lon="-123.80945"/><rtept lat="39.72388" lon="-123.80956"/><rtept lat="39.72394" lon="-123.80958"/><rtept lat="39.72399" lon="-123.80956"/><rtept lat="39.72408" lon="-123.80947"/><rtept lat="39.72415" lon="-123.80937"/><rtept lat="39.72425" lon="-123.80918"/><rtept lat="39.72444" lon="-123.80874"/><rtept lat="39.72456" lon="-123.80851"/><rtept lat="39.72464" lon="-123.8084"/><rtept lat="39.72471" lon="-123.80834"/><rtept lat="39.7248" lon="-123.8083"/><rtept lat="39.72489" lon="-123.80831"/><rtept lat="39.72494" lon="-123.80835"/><rtept lat="39.72497" lon="-123.80841"/><rtept lat="39.72508" lon="-123.80901"/><rtept lat="39.72514" lon="-123.80922"/><rtept lat="39.72522" lon="-123.8094"/><rtept lat="39.72528" lon="-123.80947"/><rtept lat="39.72558" lon="-123.80959"/><rtept lat="39.7257" lon="-123.80966"/><rtept lat="39.72591" lon="-123.80993"/><rtept lat="39.72605" lon="-123.81014"/><rtept lat="39.72622" lon="-123.8103"/><rtept lat="39.7263" lon="-123.81034"/><rtept lat="39.72642" lon="-123.81036"/><rtept lat="39.72669" lon="-123.81035"/><rtept lat="39.7269" lon="-123.81036"/><rtept lat="39.72703" lon="-123.81039"/><rtept lat="39.72713" lon="-123.8105"/><rtept lat="39.72713" lon="-123.81066"/><rtept lat="39.72692" lon="-123.81145"/><rtept lat="39.72682" lon="-123.81216"/><rtept lat="39.72675" lon="-123.8129"/><rtept lat="39.7267" lon="-123.813"/><rtept lat="39.72659" lon="-123.81312"/><rtept lat="39.72649" lon="-123.81318"/><rtept lat="39.72632" lon="-123.81318"/><rtept lat="39.72572" lon="-123.81311"/><rtept lat="39.72543" lon="-123.81312"/><rtept lat="39.72536" lon="-123.81315"/><rtept lat="39.72531" lon="-123.81321"/><rtept lat="39.72528" lon="-123.81329"/><rtept lat="39.72527" lon="-123.81338"/><rtept lat="39.72529" lon="-123.81347"/><rtept lat="39.7254" lon="-123.81366"/><rtept lat="39.72542" lon="-123.81373"/><rtept lat="39.72542" lon="-123.81389"/><rtept lat="39.72537" lon="-123.81404"/><rtept lat="39.72536" lon="-123.81418"/><rtept lat="39.72538" lon="-123.81432"/><rtept lat="39.72546" lon="-123.81448"/><rtept lat="39.72563" lon="-123.81461"/><rtept lat="39.72594" lon="-123.81463"/><rtept lat="39.72617" lon="-123.81469"/><rtept lat="39.7266" lon="-123.81487"/><rtept lat="39.72668" lon="-123.81492"/><rtept lat="39.72676" lon="-123.81504"/><rtept lat="39.72677" lon="-123.81563"/><rtept lat="39.72679" lon="-123.81571"/><rtept lat="39.72688" lon="-123.81587"/><rtept lat="39.72703" lon="-123.8159"/><rtept lat="39.72713" lon="-123.81584"/><rtept lat="39.72719" lon="-123.81575"/><rtept lat="39.72745" lon="-123.81516"/><rtept lat="39.7276" lon="-123.81496"/><rtept lat="39.72776" lon="-123.81479"/><rtept lat="39.72824" lon="-123.81442"/><rtept lat="39.72843" lon="-123.81424"/><rtept lat="39.72879" lon="-123.81382"/><rtept lat="39.72935" lon="-123.81324"/><rtept lat="39.72986" lon="-123.81287"/><rtept lat="39.72994" lon="-123.81278"/><rtept lat="39.73024" lon="-123.81176"/><rtept lat="39.73039" lon="-123.81145"/><rtept lat="39.73049" lon="-123.81135"/><rtept lat="39.73119" lon="-123.81088"/><rtept lat="39.73129" lon="-123.81079"/><rtept lat="39.73136" lon="-123.81056"/><rtept lat="39.73137" lon="-123.81048"/><rtept lat="39.73137" lon="-123.81026"/><rtept lat="39.73129" lon="-123.80984"/><rtept lat="39.73131" lon="-123.80947"/><rtept lat="39.73137" lon="-123.8092"/><rtept lat="39.73141" lon="-123.8091"/><rtept lat="39.73148" lon="-123.809"/><rtept lat="39.73173" lon="-123.8089"/><rtept lat="39.73185" lon="-123.80891"/><rtept lat="39.73223" lon="-123.80922"/><rtept lat="39.73232" lon="-123.80925"/><rtept lat="39.73237" lon="-123.80924"/><rtept lat="39.73251" lon="-123.80917"/><rtept lat="39.7328" lon="-123.80894"/><rtept lat="39.7329" lon="-123.80889"/><rtept lat="39.73302" lon="-123.80888"/><rtept lat="39.73316" lon="-123.80892"/><rtept lat="39.73329" lon="-123.80901"/><rtept lat="39.73335" lon="-123.80913"/><rtept lat="39.73337" lon="-123.80931"/><rtept lat="39.73329" lon="-123.80977"/><rtept lat="39.73331" lon="-123.80995"/><rtept lat="39.73337" lon="-123.81005"/><rtept lat="39.73354" lon="-123.81013"/><rtept lat="39.73363" lon="-123.81012"/><rtept lat="39.73392" lon="-123.81002"/><rtept lat="39.73404" lon="-123.81"/><rtept lat="39.73416" lon="-123.81004"/><rtept lat="39.73428" lon="-123.81014"/><rtept lat="39.73435" lon="-123.81024"/><rtept lat="39.73458" lon="-123.81084"/><rtept lat="39.73463" lon="-123.8114"/><rtept lat="39.73466" lon="-123.81154"/><rtept lat="39.73476" lon="-123.81179"/><rtept lat="39.7349" lon="-123.81208"/><rtept lat="39.73508" lon="-123.81226"/><rtept lat="39.73528" lon="-123.81236"/><rtept lat="39.73537" lon="-123.81246"/><rtept lat="39.73579" lon="-123.81324"/><rtept lat="39.73591" lon="-123.81351"/><rtept lat="39.73598" lon="-123.81375"/><rtept lat="39.73602" lon="-123.81424"/><rtept lat="39.73608" lon="-123.81436"/><rtept lat="39.73631" lon="-123.81458"/><rtept lat="39.73647" lon="-123.81476"/><rtept lat="39.73672" lon="-123.8151"/><rtept lat="39.73729" lon="-123.81574"/><rtept lat="39.73784" lon="-123.8165"/><rtept lat="39.73796" lon="-123.81662"/><rtept lat="39.73812" lon="-123.81674"/><rtept lat="39.7383" lon="-123.8168"/><rtept lat="39.73873" lon="-123.81688"/><rtept lat="39.73922" lon="-123.81705"/><rtept lat="39.73995" lon="-123.81733"/><rtept lat="39.7401" lon="-123.81737"/><rtept lat="39.74031" lon="-123.81738"/><rtept lat="39.74056" lon="-123.81736"/><rtept lat="39.74074" lon="-123.81733"/><rtept lat="39.74097" lon="-123.81725"/><rtept lat="39.74134" lon="-123.81706"/><rtept lat="39.74264" lon="-123.81623"/><rtept lat="39.74282" lon="-123.81614"/><rtept lat="39.74307" lon="-123.81607"/><rtept lat="39.74324" lon="-123.81605"/><rtept lat="39.74356" lon="-123.81605"/><rtept lat="39.74403" lon="-123.81617"/><rtept lat="39.74427" lon="-123.81629"/><rtept lat="39.74457" lon="-123.81648"/><rtept lat="39.74502" lon="-123.81683"/><rtept lat="39.74535" lon="-123.81701"/><rtept lat="39.74577" lon="-123.81715"/><rtept lat="39.74601" lon="-123.81719"/><rtept lat="39.74676" lon="-123.81718"/><rtept lat="39.74709" lon="-123.81716"/><rtept lat="39.74729" lon="-123.81712"/><rtept lat="39.74777" lon="-123.81695"/><rtept lat="39.74792" lon="-123.81693"/><rtept lat="39.74817" lon="-123.81697"/><rtept lat="39.74838" lon="-123.81708"/><rtept lat="39.74853" lon="-123.8172"/><rtept lat="39.74889" lon="-123.81761"/><rtept lat="39.74906" lon="-123.81777"/><rtept lat="39.74919" lon="-123.81785"/><rtept lat="39.74951" lon="-123.818"/><rtept lat="39.75022" lon="-123.81828"/><rtept lat="39.7505" lon="-123.81841"/><rtept lat="39.75076" lon="-123.81856"/><rtept lat="39.75152" lon="-123.81895"/><rtept lat="39.75219" lon="-123.81919"/><rtept lat="39.75283" lon="-123.81947"/><rtept lat="39.75304" lon="-123.81964"/><rtept lat="39.75343" lon="-123.82003"/><rtept lat="39.75415" lon="-123.8207"/><rtept lat="39.75444" lon="-123.82093"/><rtept lat="39.75478" lon="-123.82116"/><rtept lat="39.75493" lon="-123.82123"/><rtept lat="39.75658" lon="-123.82144"/><rtept lat="39.75774" lon="-123.82145"/><rtept lat="39.75791" lon="-123.82147"/><rtept lat="39.75803" lon="-123.82151"/><rtept lat="39.75858" lon="-123.82183"/><rtept lat="39.75921" lon="-123.82231"/><rtept lat="39.75947" lon="-123.82247"/><rtept lat="39.75979" lon="-123.8226"/><rtept lat="39.76032" lon="-123.82268"/><rtept lat="39.76047" lon="-123.82277"/><rtept lat="39.76096" lon="-123.8232"/><rtept lat="39.76139" lon="-123.82346"/><rtept lat="39.7628" lon="-123.82407"/><rtept lat="39.763" lon="-123.82418"/><rtept lat="39.76312" lon="-123.82428"/><rtept lat="39.76374" lon="-123.82496"/><rtept lat="39.76429" lon="-123.82561"/><rtept lat="39.76463" lon="-123.82595"/><rtept lat="39.76486" lon="-123.82616"/><rtept lat="39.76542" lon="-123.82654"/><rtept lat="39.76568" lon="-123.82685"/><rtept lat="39.76595" lon="-123.82726"/><rtept lat="39.76628" lon="-123.82767"/><rtept lat="39.76645" lon="-123.82785"/><rtept lat="39.7667" lon="-123.82804"/><rtept lat="39.76885" lon="-123.8299"/><rtept lat="39.76905" lon="-123.83004"/><rtept lat="39.76962" lon="-123.83037"/><rtept lat="39.77074" lon="-123.83106"/><rtept lat="39.77093" lon="-123.83114"/><rtept lat="39.7722" lon="-123.83151"/><rtept lat="39.77282" lon="-123.83172"/><rtept lat="39.77403" lon="-123.8322"/><rtept lat="39.77448" lon="-123.83243"/><rtept lat="39.77467" lon="-123.8325"/><rtept lat="39.77537" lon="-123.83266"/><rtept lat="39.77616" lon="-123.83281"/><rtept lat="39.77666" lon="-123.83286"/><rtept lat="39.77687" lon="-123.83284"/><rtept lat="39.77691" lon="-123.83285"/><rtept lat="39.77809" lon="-123.83245"/><rtept lat="39.77821" lon="-123.83244"/><rtept lat="39.77956" lon="-123.83249"/><rtept lat="39.77966" lon="-123.83246"/><rtept lat="39.77981" lon="-123.8324"/><rtept lat="39.78004" lon="-123.83221"/><rtept lat="39.78017" lon="-123.83199"/><rtept lat="39.78037" lon="-123.83153"/><rtept lat="39.78036" lon="-123.83155"/><rtept lat="39.78041" lon="-123.83163"/><rtept lat="39.78046" lon="-123.83181"/><rtept lat="39.78042" lon="-123.83212"/><rtept lat="39.78029" lon="-123.83236"/><rtept lat="39.7801" lon="-123.83254"/><rtept lat="39.77978" lon="-123.83279"/><rtept lat="39.7796" lon="-123.83286"/><rtept lat="39.77945" lon="-123.83288"/><rtept lat="39.77929" lon="-123.83298"/><rtept lat="39.77904" lon="-123.83305"/><rtept lat="39.77892" lon="-123.83306"/><rtept lat="39.77838" lon="-123.83281"/><rtept lat="39.77817" lon="-123.83284"/><rtept lat="39.778" lon="-123.8329"/><rtept lat="39.77786" lon="-123.83299"/><rtept lat="39.7778" lon="-123.83308"/><rtept lat="39.77775" lon="-123.8332"/><rtept lat="39.77767" lon="-123.83367"/><rtept lat="39.77747" lon="-123.83411"/><rtept lat="39.77753" lon="-123.83463"/><rtept lat="39.77746" lon="-123.83475"/><rtept lat="39.77725" lon="-123.83491"/><rtept lat="39.77719" lon="-123.83498"/><rtept lat="39.77705" lon="-123.83505"/><rtept lat="39.77688" lon="-123.83503"/><rtept lat="39.77681" lon="-123.83506"/><rtept lat="39.77673" lon="-123.83514"/><rtept lat="39.77663" lon="-123.83529"/><rtept lat="39.77666" lon="-123.83543"/><rtept lat="39.77671" lon="-123.83549"/><rtept lat="39.77679" lon="-123.83551"/><rtept lat="39.77714" lon="-123.83544"/><rtept lat="39.77727" lon="-123.83528"/><rtept lat="39.77737" lon="-123.83522"/><rtept lat="39.77754" lon="-123.8352"/><rtept lat="39.77782" lon="-123.83521"/><rtept lat="39.77801" lon="-123.83502"/><rtept lat="39.77805" lon="-123.8349"/><rtept lat="39.77806" lon="-123.83477"/><rtept lat="39.77803" lon="-123.83463"/><rtept lat="39.77802" lon="-123.83446"/><rtept lat="39.77804" lon="-123.83432"/><rtept lat="39.77816" lon="-123.83419"/><rtept lat="39.77827" lon="-123.83415"/><rtept lat="39.7784" lon="-123.83413"/><rtept lat="39.77867" lon="-123.83401"/><rtept lat="39.77881" lon="-123.83401"/><rtept lat="39.77887" lon="-123.83403"/><rtept lat="39.77905" lon="-123.83427"/><rtept lat="39.77918" lon="-123.83441"/><rtept lat="39.77949" lon="-123.8347"/><rtept lat="39.77966" lon="-123.83482"/><rtept lat="39.77978" lon="-123.83487"/><rtept lat="39.7799" lon="-123.83489"/><rtept lat="39.78053" lon="-123.8349"/><rtept lat="39.7806" lon="-123.83487"/><rtept lat="39.78068" lon="-123.83481"/><rtept lat="39.78073" lon="-123.83474"/><rtept lat="39.78077" lon="-123.83466"/><rtept lat="39.78091" lon="-123.83411"/><rtept lat="39.78107" lon="-123.83385"/><rtept lat="39.78115" lon="-123.83376"/><rtept lat="39.78144" lon="-123.83363"/><rtept lat="39.78162" lon="-123.83348"/><rtept lat="39.78169" lon="-123.83346"/><rtept lat="39.78181" lon="-123.83346"/><rtept lat="39.782" lon="-123.83352"/><rtept lat="39.78222" lon="-123.83363"/><rtept lat="39.78231" lon="-123.83365"/><rtept lat="39.78235" lon="-123.83363"/><rtept lat="39.78239" lon="-123.83357"/><rtept lat="39.78257" lon="-123.83309"/><rtept lat="39.78267" lon="-123.83292"/><rtept lat="39.78322" lon="-123.83245"/><rtept lat="39.78342" lon="-123.83219"/><rtept lat="39.78352" lon="-123.83203"/><rtept lat="39.78357" lon="-123.83193"/><rtept lat="39.78364" lon="-123.83167"/><rtept lat="39.78366" lon="-123.83152"/><rtept lat="39.78366" lon="-123.83109"/><rtept lat="39.78368" lon="-123.83098"/><rtept lat="39.78373" lon="-123.83088"/><rtept lat="39.78399" lon="-123.83063"/><rtept lat="39.78409" lon="-123.8305"/><rtept lat="39.78411" lon="-123.83044"/><rtept lat="39.78412" lon="-123.83033"/><rtept lat="39.7841" lon="-123.83021"/><rtept lat="39.78405" lon="-123.83012"/><rtept lat="39.78385" lon="-123.82988"/><rtept lat="39.78382" lon="-123.82977"/><rtept lat="39.7838" lon="-123.82957"/><rtept lat="39.78383" lon="-123.82918"/><rtept lat="39.78382" lon="-123.82908"/><rtept lat="39.78365" lon="-123.82875"/><rtept lat="39.78364" lon="-123.82863"/><rtept lat="39.78367" lon="-123.82859"/><rtept lat="39.78384" lon="-123.82849"/><rtept lat="39.78413" lon="-123.82811"/><rtept lat="39.78459" lon="-123.82779"/><rtept lat="39.78464" lon="-123.82777"/><rtept lat="39.78471" lon="-123.8278"/><rtept lat="39.78477" lon="-123.82786"/><rtept lat="39.78489" lon="-123.82812"/><rtept lat="39.78503" lon="-123.82825"/><rtept lat="39.78513" lon="-123.82832"/><rtept lat="39.78522" lon="-123.82835"/><rtept lat="39.7854" lon="-123.82833"/><rtept lat="39.78554" lon="-123.82822"/><rtept lat="39.78559" lon="-123.82814"/><rtept lat="39.78565" lon="-123.82787"/><rtept lat="39.78565" lon="-123.82767"/><rtept lat="39.78556" lon="-123.82641"/><rtept lat="39.78561" lon="-123.82635"/><rtept lat="39.78564" lon="-123.82634"/><rtept lat="39.78571" lon="-123.82635"/><rtept lat="39.78591" lon="-123.82665"/><rtept lat="39.7863" lon="-123.82745"/><rtept lat="39.78653" lon="-123.82782"/><rtept lat="39.78677" lon="-123.82808"/><rtept lat="39.78691" lon="-123.82817"/><rtept lat="39.78701" lon="-123.8282"/><rtept lat="39.78708" lon="-123.8282"/><rtept lat="39.78715" lon="-123.82817"/><rtept lat="39.78731" lon="-123.82805"/><rtept lat="39.7874" lon="-123.82805"/><rtept lat="39.78746" lon="-123.8281"/><rtept lat="39.78772" lon="-123.82842"/><rtept lat="39.78794" lon="-123.82874"/><rtept lat="39.78803" lon="-123.82881"/><rtept lat="39.78824" lon="-123.82881"/><rtept lat="39.78872" lon="-123.82864"/><rtept lat="39.78954" lon="-123.82847"/><rtept lat="39.78972" lon="-123.82842"/><rtept lat="39.78986" lon="-123.8284"/><rtept lat="39.7902" lon="-123.82842"/><rtept lat="39.79046" lon="-123.82853"/><rtept lat="39.79064" lon="-123.82866"/><rtept lat="39.79148" lon="-123.82954"/><rtept lat="39.79158" lon="-123.82961"/><rtept lat="39.79212" lon="-123.82985"/><rtept lat="39.79266" lon="-123.83033"/><rtept lat="39.79342" lon="-123.83067"/><rtept lat="39.79373" lon="-123.83074"/><rtept lat="39.79397" lon="-123.83095"/><rtept lat="39.7944" lon="-123.83106"/><rtept lat="39.79465" lon="-123.83096"/><rtept lat="39.79515" lon="-123.83094"/><rtept lat="39.79544" lon="-123.83103"/><rtept lat="39.79557" lon="-123.83112"/><rtept lat="39.79585" lon="-123.8314"/><rtept lat="39.79605" lon="-123.83154"/><rtept lat="39.79677" lon="-123.83179"/><rtept lat="39.79702" lon="-123.83217"/><rtept lat="39.7972" lon="-123.83265"/><rtept lat="39.79725" lon="-123.83312"/><rtept lat="39.79769" lon="-123.83385"/><rtept lat="39.79802" lon="-123.83431"/><rtept lat="39.79845" lon="-123.83455"/><rtept lat="39.79862" lon="-123.83471"/><rtept lat="39.79877" lon="-123.83492"/><rtept lat="39.79889" lon="-123.83501"/><rtept lat="39.79969" lon="-123.83499"/><rtept lat="39.80015" lon="-123.83491"/><rtept lat="39.80026" lon="-123.83491"/><rtept lat="39.80032" lon="-123.83493"/><rtept lat="39.80039" lon="-123.83499"/><rtept lat="39.80079" lon="-123.83551"/><rtept lat="39.80086" lon="-123.83556"/><rtept lat="39.80095" lon="-123.83553"/><rtept lat="39.80098" lon="-123.8355"/><rtept lat="39.80099" lon="-123.83508"/><rtept lat="39.80103" lon="-123.83491"/><rtept lat="39.8011" lon="-123.83474"/><rtept lat="39.80152" lon="-123.83408"/><rtept lat="39.80164" lon="-123.83395"/><rtept lat="39.80171" lon="-123.83392"/><rtept lat="39.80227" lon="-123.83382"/><rtept lat="39.80241" lon="-123.83384"/><rtept lat="39.80244" lon="-123.83385"/><rtept lat="39.80269" lon="-123.83408"/><rtept lat="39.80286" lon="-123.83421"/><rtept lat="39.80324" lon="-123.83468"/><rtept lat="39.8034" lon="-123.83476"/><rtept lat="39.80385" lon="-123.83487"/><rtept lat="39.80398" lon="-123.8348"/><rtept lat="39.80461" lon="-123.83475"/><rtept lat="39.80484" lon="-123.83491"/><rtept lat="39.80518" lon="-123.83525"/><rtept lat="39.80551" lon="-123.83554"/><rtept lat="39.8056" lon="-123.83573"/><rtept lat="39.80564" lon="-123.83617"/><rtept lat="39.80575" lon="-123.8364"/><rtept lat="39.80602" lon="-123.83658"/><rtept lat="39.80618" lon="-123.83665"/><rtept lat="39.80643" lon="-123.83698"/><rtept lat="39.80653" lon="-123.83707"/><rtept lat="39.80672" lon="-123.83738"/><rtept lat="39.80698" lon="-123.83757"/><rtept lat="39.80764" lon="-123.83775"/><rtept lat="39.80842" lon="-123.8379"/><rtept lat="39.80863" lon="-123.83792"/><rtept lat="39.80888" lon="-123.83802"/><rtept lat="39.80935" lon="-123.83813"/><rtept lat="39.80947" lon="-123.83806"/><rtept lat="39.80958" lon="-123.83794"/><rtept lat="39.8098" lon="-123.83745"/><rtept lat="39.80985" lon="-123.83739"/><rtept lat="39.81003" lon="-123.83736"/><rtept lat="39.81014" lon="-123.83747"/><rtept lat="39.81038" lon="-123.83823"/><rtept lat="39.8105" lon="-123.83847"/><rtept lat="39.81059" lon="-123.83853"/><rtept lat="39.8107" lon="-123.83854"/><rtept lat="39.8108" lon="-123.8386"/><rtept lat="39.81091" lon="-123.83859"/><rtept lat="39.81106" lon="-123.83861"/><rtept lat="39.81117" lon="-123.83858"/><rtept lat="39.81127" lon="-123.83849"/><rtept lat="39.81143" lon="-123.83843"/><rtept lat="39.8117" lon="-123.83843"/><rtept lat="39.81208" lon="-123.83836"/><rtept lat="39.81241" lon="-123.83842"/><rtept lat="39.81252" lon="-123.83848"/><rtept lat="39.81275" lon="-123.83874"/><rtept lat="39.81347" lon="-123.8393"/><rtept lat="39.81417" lon="-123.83964"/><rtept lat="39.81486" lon="-123.83954"/><rtept lat="39.81521" lon="-123.83956"/><rtept lat="39.81544" lon="-123.83969"/><rtept lat="39.8156" lon="-123.83986"/><rtept lat="39.81575" lon="-123.83989"/><rtept lat="39.81609" lon="-123.83989"/><rtept lat="39.81624" lon="-123.83993"/><rtept lat="39.81644" lon="-123.84002"/><rtept lat="39.8174" lon="-123.84058"/><rtept lat="39.81771" lon="-123.8408"/><rtept lat="39.81828" lon="-123.84116"/><rtept lat="39.81845" lon="-123.8414"/><rtept lat="39.81884" lon="-123.84175"/><rtept lat="39.81949" lon="-123.84238"/><rtept lat="39.81966" lon="-123.84257"/><rtept lat="39.81979" lon="-123.84266"/><rtept lat="39.82014" lon="-123.84283"/><rtept lat="39.82033" lon="-123.84288"/><rtept lat="39.82079" lon="-123.84286"/><rtept lat="39.82116" lon="-123.84292"/><rtept lat="39.8217" lon="-123.84269"/><rtept lat="39.82201" lon="-123.84274"/><rtept lat="39.82224" lon="-123.84264"/><rtept lat="39.82287" lon="-123.84247"/><rtept lat="39.82306" lon="-123.84251"/><rtept lat="39.82378" lon="-123.84317"/><rtept lat="39.82423" lon="-123.84363"/><rtept lat="39.82444" lon="-123.84398"/><rtept lat="39.82464" lon="-123.84426"/><rtept lat="39.82511" lon="-123.84505"/><rtept lat="39.82517" lon="-123.84507"/><rtept lat="39.8252" lon="-123.84505"/><rtept lat="39.82542" lon="-123.84479"/><rtept lat="39.82551" lon="-123.84476"/><rtept lat="39.82563" lon="-123.84478"/><rtept lat="39.82568" lon="-123.84482"/><rtept lat="39.82578" lon="-123.84496"/><rtept lat="39.82582" lon="-123.84521"/><rtept lat="39.82583" lon="-123.84543"/><rtept lat="39.82586" lon="-123.84556"/><rtept lat="39.82589" lon="-123.84566"/><rtept lat="39.82596" lon="-123.84573"/><rtept lat="39.82607" lon="-123.84576"/><rtept lat="39.82628" lon="-123.84576"/><rtept lat="39.82643" lon="-123.84572"/><rtept lat="39.82668" lon="-123.84554"/><rtept lat="39.82681" lon="-123.84547"/><rtept lat="39.82691" lon="-123.84545"/><rtept lat="39.82703" lon="-123.84546"/><rtept lat="39.82761" lon="-123.84578"/><rtept lat="39.82778" lon="-123.84603"/><rtept lat="39.82784" lon="-123.84618"/><rtept lat="39.82787" lon="-123.84637"/><rtept lat="39.82785" lon="-123.8466"/><rtept lat="39.8279" lon="-123.84693"/><rtept lat="39.82797" lon="-123.84708"/><rtept lat="39.82801" lon="-123.84713"/><rtept lat="39.82807" lon="-123.84716"/><rtept lat="39.82814" lon="-123.84717"/><rtept lat="39.8282" lon="-123.84716"/><rtept lat="39.82826" lon="-123.84707"/><rtept lat="39.82827" lon="-123.847"/><rtept lat="39.82823" lon="-123.84682"/><rtept lat="39.82822" lon="-123.84661"/><rtept lat="39.82825" lon="-123.84643"/><rtept lat="39.82829" lon="-123.8463"/><rtept lat="39.82834" lon="-123.84623"/><rtept lat="39.82843" lon="-123.84619"/><rtept lat="39.82847" lon="-123.8462"/><rtept lat="39.82854" lon="-123.84631"/><rtept lat="39.82862" lon="-123.84658"/><rtept lat="39.8289" lon="-123.84725"/><rtept lat="39.82899" lon="-123.84734"/><rtept lat="39.82905" lon="-123.84734"/><rtept lat="39.82911" lon="-123.84731"/><rtept lat="39.82915" lon="-123.84726"/><rtept lat="39.82918" lon="-123.84707"/><rtept lat="39.82918" lon="-123.84689"/><rtept lat="39.82916" lon="-123.84677"/><rtept lat="39.82918" lon="-123.84654"/><rtept lat="39.82923" lon="-123.84626"/><rtept lat="39.82929" lon="-123.84604"/><rtept lat="39.82939" lon="-123.84581"/><rtept lat="39.82951" lon="-123.84562"/><rtept lat="39.82964" lon="-123.84546"/><rtept lat="39.82983" lon="-123.84532"/><rtept lat="39.82989" lon="-123.84522"/><rtept lat="39.82995" lon="-123.84493"/><rtept lat="39.82993" lon="-123.84458"/><rtept lat="39.82994" lon="-123.84424"/><rtept lat="39.82996" lon="-123.8441"/><rtept lat="39.83004" lon="-123.84391"/><rtept lat="39.83039" lon="-123.84343"/><rtept lat="39.83045" lon="-123.84339"/><rtept lat="39.83052" lon="-123.84337"/><rtept lat="39.8306" lon="-123.84339"/><rtept lat="39.83079" lon="-123.84351"/><rtept lat="39.83093" lon="-123.84363"/><rtept lat="39.83107" lon="-123.84377"/><rtept lat="39.83119" lon="-123.84393"/><rtept lat="39.8313" lon="-123.8441"/><rtept lat="39.83141" lon="-123.84436"/><rtept lat="39.83187" lon="-123.84476"/><rtept lat="39.83195" lon="-123.8448"/><rtept lat="39.83208" lon="-123.84482"/><rtept lat="39.83222" lon="-123.84479"/><rtept lat="39.83226" lon="-123.84476"/><rtept lat="39.83259" lon="-123.84428"/><rtept lat="39.83269" lon="-123.84422"/><rtept lat="39.83295" lon="-123.84413"/><rtept lat="39.83353" lon="-123.84386"/><rtept lat="39.83396" lon="-123.8437"/><rtept lat="39.83463" lon="-123.84363"/><rtept lat="39.83456" lon="-123.84474"/><rtept lat="39.83438" lon="-123.84514"/><rtept lat="39.83411" lon="-123.84558"/><rtept lat="39.83385" lon="-123.84608"/><rtept lat="39.83373" lon="-123.84625"/><rtept lat="39.83358" lon="-123.84631"/><rtept lat="39.83339" lon="-123.84632"/><rtept lat="39.83329" lon="-123.84636"/><rtept lat="39.83324" lon="-123.8464"/><rtept lat="39.83316" lon="-123.84665"/><rtept lat="39.83313" lon="-123.84691"/><rtept lat="39.83307" lon="-123.84707"/><rtept lat="39.83296" lon="-123.84721"/><rtept lat="39.8328" lon="-123.84786"/><rtept lat="39.83246" lon="-123.849"/><rtept lat="39.83231" lon="-123.84927"/><rtept lat="39.83207" lon="-123.84952"/><rtept lat="39.83231" lon="-123.84927"/><rtept lat="39.83246" lon="-123.849"/><rtept lat="39.8328" lon="-123.84786"/><rtept lat="39.83296" lon="-123.84721"/><rtept lat="39.83307" lon="-123.84707"/><rtept lat="39.83313" lon="-123.84691"/><rtept lat="39.83316" lon="-123.84665"/><rtept lat="39.83324" lon="-123.8464"/><rtept lat="39.83329" lon="-123.84636"/><rtept lat="39.83339" lon="-123.84632"/><rtept lat="39.83358" lon="-123.84631"/><rtept lat="39.83373" lon="-123.84625"/><rtept lat="39.83385" lon="-123.84608"/><rtept lat="39.83411" lon="-123.84558"/><rtept lat="39.83438" lon="-123.84514"/><rtept lat="39.83456" lon="-123.84474"/><rtept lat="39.83463" lon="-123.84363"/><rtept lat="39.83396" lon="-123.8437"/><rtept lat="39.83353" lon="-123.84386"/><rtept lat="39.83295" lon="-123.84413"/><rtept lat="39.83269" lon="-123.84422"/><rtept lat="39.83259" lon="-123.84428"/><rtept lat="39.83226" lon="-123.84476"/><rtept lat="39.83222" lon="-123.84479"/><rtept lat="39.83208" lon="-123.84482"/><rtept lat="39.83195" lon="-123.8448"/><rtept lat="39.83187" lon="-123.84476"/><rtept lat="39.83141" lon="-123.84436"/><rtept lat="39.8313" lon="-123.8441"/><rtept lat="39.83119" lon="-123.84393"/><rtept lat="39.83107" lon="-123.84377"/><rtept lat="39.83093" lon="-123.84363"/><rtept lat="39.83079" lon="-123.84351"/><rtept lat="39.8306" lon="-123.84339"/><rtept lat="39.83052" lon="-123.84337"/><rtept lat="39.83045" lon="-123.84339"/><rtept lat="39.83039" lon="-123.84343"/><rtept lat="39.83004" lon="-123.84391"/><rtept lat="39.82996" lon="-123.8441"/><rtept lat="39.82994" lon="-123.84424"/><rtept lat="39.82993" lon="-123.84458"/><rtept lat="39.82995" lon="-123.84493"/><rtept lat="39.82989" lon="-123.84522"/><rtept lat="39.82983" lon="-123.84532"/><rtept lat="39.82964" lon="-123.84546"/><rtept lat="39.82951" lon="-123.84562"/><rtept lat="39.82939" lon="-123.84581"/><rtept lat="39.82929" lon="-123.84604"/><rtept lat="39.82923" lon="-123.84626"/><rtept lat="39.82918" lon="-123.84654"/><rtept lat="39.82916" lon="-123.84677"/><rtept lat="39.82918" lon="-123.84689"/><rtept lat="39.82918" lon="-123.84707"/><rtept lat="39.82915" lon="-123.84726"/><rtept lat="39.82911" lon="-123.84731"/><rtept lat="39.82905" lon="-123.84734"/><rtept lat="39.82899" lon="-123.84734"/><rtept lat="39.8289" lon="-123.84725"/><rtept lat="39.82862" lon="-123.84658"/><rtept lat="39.82854" lon="-123.84631"/><rtept lat="39.82847" lon="-123.8462"/><rtept lat="39.82843" lon="-123.84619"/><rtept lat="39.82834" lon="-123.84623"/><rtept lat="39.82829" lon="-123.8463"/><rtept lat="39.82825" lon="-123.84643"/><rtept lat="39.82822" lon="-123.84661"/><rtept lat="39.82823" lon="-123.84682"/><rtept lat="39.82827" lon="-123.847"/><rtept lat="39.82826" lon="-123.84707"/><rtept lat="39.8282" lon="-123.84716"/><rtept lat="39.82814" lon="-123.84717"/><rtept lat="39.82807" lon="-123.84716"/><rtept lat="39.82801" lon="-123.84713"/><rtept lat="39.82797" lon="-123.84708"/><rtept lat="39.8279" lon="-123.84693"/><rtept lat="39.82785" lon="-123.8466"/><rtept lat="39.82787" lon="-123.84637"/><rtept lat="39.82784" lon="-123.84618"/><rtept lat="39.82778" lon="-123.84603"/><rtept lat="39.82761" lon="-123.84578"/><rtept lat="39.82703" lon="-123.84546"/><rtept lat="39.82691" lon="-123.84545"/><rtept lat="39.82681" lon="-123.84547"/><rtept lat="39.82668" lon="-123.84554"/><rtept lat="39.82643" lon="-123.84572"/><rtept lat="39.82628" lon="-123.84576"/><rtept lat="39.82607" lon="-123.84576"/><rtept lat="39.82596" lon="-123.84573"/><rtept lat="39.82589" lon="-123.84566"/><rtept lat="39.82586" lon="-123.84556"/><rtept lat="39.82583" lon="-123.84543"/><rtept lat="39.82582" lon="-123.84521"/><rtept lat="39.82578" lon="-123.84496"/><rtept lat="39.82568" lon="-123.84482"/><rtept lat="39.82563" lon="-123.84478"/><rtept lat="39.82551" lon="-123.84476"/><rtept lat="39.82542" lon="-123.84479"/><rtept lat="39.8252" lon="-123.84505"/><rtept lat="39.82517" lon="-123.84507"/><rtept lat="39.82511" lon="-123.84505"/><rtept lat="39.82464" lon="-123.84426"/><rtept lat="39.82444" lon="-123.84398"/><rtept lat="39.82423" lon="-123.84363"/><rtept lat="39.82378" lon="-123.84317"/><rtept lat="39.82306" lon="-123.84251"/><rtept lat="39.82287" lon="-123.84247"/><rtept lat="39.82224" lon="-123.84264"/><rtept lat="39.82201" lon="-123.84274"/><rtept lat="39.8217" lon="-123.84269"/><rtept lat="39.82116" lon="-123.84292"/><rtept lat="39.82079" lon="-123.84286"/><rtept lat="39.82033" lon="-123.84288"/><rtept lat="39.82014" lon="-123.84283"/><rtept lat="39.81979" lon="-123.84266"/><rtept lat="39.81966" lon="-123.84257"/><rtept lat="39.81949" lon="-123.84238"/><rtept lat="39.81884" lon="-123.84175"/><rtept lat="39.81845" lon="-123.8414"/><rtept lat="39.81828" lon="-123.84116"/><rtept lat="39.81771" lon="-123.8408"/><rtept lat="39.8174" lon="-123.84058"/><rtept lat="39.81644" lon="-123.84002"/><rtept lat="39.81624" lon="-123.83993"/><rtept lat="39.81609" lon="-123.83989"/><rtept lat="39.81575" lon="-123.83989"/><rtept lat="39.8156" lon="-123.83986"/><rtept lat="39.81544" lon="-123.83969"/><rtept lat="39.81521" lon="-123.83956"/><rtept lat="39.81486" lon="-123.83954"/><rtept lat="39.81417" lon="-123.83964"/><rtept lat="39.81347" lon="-123.8393"/><rtept lat="39.81275" lon="-123.83874"/><rtept lat="39.81252" lon="-123.83848"/><rtept lat="39.81241" lon="-123.83842"/><rtept lat="39.81208" lon="-123.83836"/><rtept lat="39.8117" lon="-123.83843"/><rtept lat="39.81143" lon="-123.83843"/><rtept lat="39.81127" lon="-123.83849"/><rtept lat="39.81117" lon="-123.83858"/><rtept lat="39.81106" lon="-123.83861"/><rtept lat="39.81091" lon="-123.83859"/><rtept lat="39.8108" lon="-123.8386"/><rtept lat="39.8107" lon="-123.83854"/><rtept lat="39.81059" lon="-123.83853"/><rtept lat="39.8105" lon="-123.83847"/><rtept lat="39.81038" lon="-123.83823"/><rtept lat="39.81014" lon="-123.83747"/><rtept lat="39.81003" lon="-123.83736"/><rtept lat="39.80985" lon="-123.83739"/><rtept lat="39.8098" lon="-123.83745"/><rtept lat="39.80958" lon="-123.83794"/><rtept lat="39.80947" lon="-123.83806"/><rtept lat="39.80935" lon="-123.83813"/><rtept lat="39.80888" lon="-123.83802"/><rtept lat="39.80863" lon="-123.83792"/><rtept lat="39.80842" lon="-123.8379"/><rtept lat="39.80764" lon="-123.83775"/><rtept lat="39.80698" lon="-123.83757"/><rtept lat="39.80672" lon="-123.83738"/><rtept lat="39.80653" lon="-123.83707"/><rtept lat="39.80643" lon="-123.83698"/><rtept lat="39.80618" lon="-123.83665"/><rtept lat="39.80602" lon="-123.83658"/><rtept lat="39.80575" lon="-123.8364"/><rtept lat="39.80564" lon="-123.83617"/><rtept lat="39.8056" lon="-123.83573"/><rtept lat="39.80551" lon="-123.83554"/><rtept lat="39.80518" lon="-123.83525"/><rtept lat="39.80484" lon="-123.83491"/><rtept lat="39.80461" lon="-123.83475"/><rtept lat="39.80398" lon="-123.8348"/><rtept lat="39.80385" lon="-123.83487"/><rtept lat="39.8034" lon="-123.83476"/><rtept lat="39.80324" lon="-123.83468"/><rtept lat="39.80286" lon="-123.83421"/><rtept lat="39.80269" lon="-123.83408"/><rtept lat="39.80244" lon="-123.83385"/><rtept lat="39.80241" lon="-123.83384"/><rtept lat="39.80227" lon="-123.83382"/><rtept lat="39.80171" lon="-123.83392"/><rtept lat="39.80164" lon="-123.83395"/><rtept lat="39.80152" lon="-123.83408"/><rtept lat="39.8011" lon="-123.83474"/><rtept lat="39.80103" lon="-123.83491"/><rtept lat="39.80099" lon="-123.83508"/><rtept lat="39.80098" lon="-123.8355"/><rtept lat="39.80095" lon="-123.83553"/><rtept lat="39.80086" lon="-123.83556"/><rtept lat="39.80079" lon="-123.83551"/><rtept lat="39.80039" lon="-123.83499"/><rtept lat="39.80032" lon="-123.83493"/><rtept lat="39.80026" lon="-123.83491"/><rtept lat="39.80015" lon="-123.83491"/><rtept lat="39.79969" lon="-123.83499"/><rtept lat="39.79889" lon="-123.83501"/><rtept lat="39.79877" lon="-123.83492"/><rtept lat="39.79862" lon="-123.83471"/><rtept lat="39.79845" lon="-123.83455"/><rtept lat="39.79802" lon="-123.83431"/><rtept lat="39.79769" lon="-123.83385"/><rtept lat="39.79725" lon="-123.83312"/><rtept lat="39.7972" lon="-123.83265"/><rtept lat="39.79702" lon="-123.83217"/><rtept lat="39.79677" lon="-123.83179"/><rtept lat="39.79605" lon="-123.83154"/><rtept lat="39.79585" lon="-123.8314"/><rtept lat="39.79557" lon="-123.83112"/><rtept lat="39.79544" lon="-123.83103"/><rtept lat="39.79515" lon="-123.83094"/><rtept lat="39.79465" lon="-123.83096"/><rtept lat="39.7944" lon="-123.83106"/><rtept lat="39.79397" lon="-123.83095"/><rtept lat="39.79373" lon="-123.83074"/><rtept lat="39.79342" lon="-123.83067"/><rtept lat="39.79266" lon="-123.83033"/><rtept lat="39.79212" lon="-123.82985"/><rtept lat="39.79158" lon="-123.82961"/><rtept lat="39.79148" lon="-123.82954"/><rtept lat="39.79064" lon="-123.82866"/><rtept lat="39.79046" lon="-123.82853"/><rtept lat="39.7902" lon="-123.82842"/><rtept lat="39.78986" lon="-123.8284"/><rtept lat="39.78972" lon="-123.82842"/><rtept lat="39.78954" lon="-123.82847"/><rtept lat="39.78872" lon="-123.82864"/><rtept lat="39.78824" lon="-123.82881"/><rtept lat="39.78803" lon="-123.82881"/><rtept lat="39.78794" lon="-123.82874"/><rtept lat="39.78772" lon="-123.82842"/><rtept lat="39.78746" lon="-123.8281"/><rtept lat="39.7874" lon="-123.82805"/><rtept lat="39.78731" lon="-123.82805"/><rtept lat="39.78715" lon="-123.82817"/><rtept lat="39.78708" lon="-123.8282"/><rtept lat="39.78701" lon="-123.8282"/><rtept lat="39.78691" lon="-123.82817"/><rtept lat="39.78677" lon="-123.82808"/><rtept lat="39.78653" lon="-123.82782"/><rtept lat="39.7863" lon="-123.82745"/><rtept lat="39.78591" lon="-123.82665"/><rtept lat="39.78571" lon="-123.82635"/><rtept lat="39.78564" lon="-123.82634"/><rtept lat="39.78561" lon="-123.82635"/><rtept lat="39.78556" lon="-123.82641"/><rtept lat="39.78565" lon="-123.82767"/><rtept lat="39.78565" lon="-123.82787"/><rtept lat="39.78559" lon="-123.82814"/><rtept lat="39.78554" lon="-123.82822"/><rtept lat="39.7854" lon="-123.82833"/><rtept lat="39.78522" lon="-123.82835"/><rtept lat="39.78513" lon="-123.82832"/><rtept lat="39.78503" lon="-123.82825"/><rtept lat="39.78489" lon="-123.82812"/><rtept lat="39.78477" lon="-123.82786"/><rtept lat="39.78471" lon="-123.8278"/><rtept lat="39.78464" lon="-123.82777"/><rtept lat="39.78459" lon="-123.82779"/><rtept lat="39.78413" lon="-123.82811"/><rtept lat="39.78384" lon="-123.82849"/><rtept lat="39.78367" lon="-123.82859"/><rtept lat="39.78364" lon="-123.82863"/><rtept lat="39.78365" lon="-123.82875"/><rtept lat="39.78382" lon="-123.82908"/><rtept lat="39.78383" lon="-123.82918"/><rtept lat="39.7838" lon="-123.82957"/><rtept lat="39.78382" lon="-123.82977"/><rtept lat="39.78385" lon="-123.82988"/><rtept lat="39.78405" lon="-123.83012"/><rtept lat="39.7841" lon="-123.83021"/><rtept lat="39.78412" lon="-123.83033"/><rtept lat="39.78411" lon="-123.83044"/><rtept lat="39.78409" lon="-123.8305"/><rtept lat="39.78399" lon="-123.83063"/><rtept lat="39.78373" lon="-123.83088"/><rtept lat="39.78368" lon="-123.83098"/><rtept lat="39.78366" lon="-123.83109"/><rtept lat="39.78366" lon="-123.83152"/><rtept lat="39.78364" lon="-123.83167"/><rtept lat="39.78357" lon="-123.83193"/><rtept lat="39.78352" lon="-123.83203"/><rtept lat="39.78342" lon="-123.83219"/><rtept lat="39.78322" lon="-123.83245"/><rtept lat="39.78267" lon="-123.83292"/><rtept lat="39.78257" lon="-123.83309"/><rtept lat="39.78239" lon="-123.83357"/><rtept lat="39.78235" lon="-123.83363"/><rtept lat="39.78231" lon="-123.83365"/><rtept lat="39.78222" lon="-123.83363"/><rtept lat="39.782" lon="-123.83352"/><rtept lat="39.78181" lon="-123.83346"/><rtept lat="39.78169" lon="-123.83346"/><rtept lat="39.78162" lon="-123.83348"/><rtept lat="39.78144" lon="-123.83363"/><rtept lat="39.78115" lon="-123.83376"/><rtept lat="39.78107" lon="-123.83385"/><rtept lat="39.78091" lon="-123.83411"/><rtept lat="39.78077" lon="-123.83466"/><rtept lat="39.78073" lon="-123.83474"/><rtept lat="39.78068" lon="-123.83481"/><rtept lat="39.7806" lon="-123.83487"/><rtept lat="39.78053" lon="-123.8349"/><rtept lat="39.7799" lon="-123.83489"/><rtept lat="39.77978" lon="-123.83487"/><rtept lat="39.77966" lon="-123.83482"/><rtept lat="39.77949" lon="-123.8347"/><rtept lat="39.77918" lon="-123.83441"/><rtept lat="39.77905" lon="-123.83427"/><rtept lat="39.77887" lon="-123.83403"/><rtept lat="39.77881" lon="-123.83401"/><rtept lat="39.77867" lon="-123.83401"/><rtept lat="39.7784" lon="-123.83413"/><rtept lat="39.77827" lon="-123.83415"/><rtept lat="39.77816" lon="-123.83419"/><rtept lat="39.77804" lon="-123.83432"/><rtept lat="39.77802" lon="-123.83446"/><rtept lat="39.77803" lon="-123.83463"/><rtept lat="39.77806" lon="-123.83477"/><rtept lat="39.77805" lon="-123.8349"/><rtept lat="39.77801" lon="-123.83502"/><rtept lat="39.77782" lon="-123.83521"/><rtept lat="39.77754" lon="-123.8352"/><rtept lat="39.77737" lon="-123.83522"/><rtept lat="39.77727" lon="-123.83528"/><rtept lat="39.77714" lon="-123.83544"/><rtept lat="39.77679" lon="-123.83551"/><rtept lat="39.77671" lon="-123.83549"/><rtept lat="39.77666" lon="-123.83543"/><rtept lat="39.77663" lon="-123.83529"/><rtept lat="39.77673" lon="-123.83514"/><rtept lat="39.77681" lon="-123.83506"/><rtept lat="39.77688" lon="-123.83503"/><rtept lat="39.77705" lon="-123.83505"/><rtept lat="39.77719" lon="-123.83498"/><rtept lat="39.77725" lon="-123.83491"/><rtept lat="39.77746" lon="-123.83475"/><rtept lat="39.77753" lon="-123.83463"/><rtept lat="39.77747" lon="-123.83411"/><rtept lat="39.77767" lon="-123.83367"/><rtept lat="39.77775" lon="-123.8332"/><rtept lat="39.7778" lon="-123.83308"/><rtept lat="39.77786" lon="-123.83299"/><rtept lat="39.778" lon="-123.8329"/><rtept lat="39.77817" lon="-123.83284"/><rtept lat="39.77838" lon="-123.83281"/><rtept lat="39.77892" lon="-123.83306"/><rtept lat="39.77904" lon="-123.83305"/><rtept lat="39.77929" lon="-123.83298"/><rtept lat="39.77945" lon="-123.83288"/><rtept lat="39.7796" lon="-123.83286"/><rtept lat="39.77978" lon="-123.83279"/><rtept lat="39.7801" lon="-123.83254"/><rtept lat="39.78029" lon="-123.83236"/><rtept lat="39.78042" lon="-123.83212"/><rtept lat="39.78046" lon="-123.83181"/><rtept lat="39.78041" lon="-123.83163"/><rtept lat="39.78036" lon="-123.83155"/><rtept lat="39.78061" lon="-123.83077"/><rtept lat="39.78065" lon="-123.83056"/><rtept lat="39.78078" lon="-123.8293"/><rtept lat="39.78077" lon="-123.82894"/><rtept lat="39.78072" lon="-123.82864"/><rtept lat="39.78065" lon="-123.82837"/><rtept lat="39.78041" lon="-123.82757"/><rtept lat="39.78003" lon="-123.82648"/><rtept lat="39.77991" lon="-123.82608"/><rtept lat="39.77987" lon="-123.82587"/><rtept lat="39.77987" lon="-123.82576"/><rtept lat="39.77991" lon="-123.82557"/><rtept lat="39.77995" lon="-123.82545"/><rtept lat="39.78042" lon="-123.82463"/><rtept lat="39.78152" lon="-123.82292"/><rtept lat="39.78191" lon="-123.82244"/><rtept lat="39.78217" lon="-123.82221"/><rtept lat="39.78235" lon="-123.82201"/><rtept lat="39.78252" lon="-123.82177"/><rtept lat="39.78291" lon="-123.8211"/><rtept lat="39.78337" lon="-123.82039"/><rtept lat="39.78347" lon="-123.82028"/><rtept lat="39.78363" lon="-123.82016"/><rtept lat="39.78377" lon="-123.8201"/><rtept lat="39.78431" lon="-123.81999"/><rtept lat="39.78506" lon="-123.81956"/><rtept lat="39.78514" lon="-123.81949"/><rtept lat="39.7856" lon="-123.81937"/><rtept lat="39.78581" lon="-123.81926"/><rtept lat="39.78646" lon="-123.81873"/><rtept lat="39.78687" lon="-123.8182"/><rtept lat="39.78708" lon="-123.81784"/><rtept lat="39.78744" lon="-123.81763"/><rtept lat="39.78811" lon="-123.81748"/><rtept lat="39.7891" lon="-123.81731"/><rtept lat="39.78932" lon="-123.81718"/><rtept lat="39.78972" lon="-123.81675"/><rtept lat="39.78997" lon="-123.81664"/><rtept lat="39.7901" lon="-123.81662"/><rtept lat="39.79072" lon="-123.81674"/><rtept lat="39.79144" lon="-123.81696"/><rtept lat="39.79181" lon="-123.81716"/><rtept lat="39.79192" lon="-123.81718"/><rtept lat="39.79231" lon="-123.81708"/><rtept lat="39.79332" lon="-123.81668"/><rtept lat="39.79354" lon="-123.81663"/><rtept lat="39.79376" lon="-123.81662"/><rtept lat="39.79395" lon="-123.81664"/><rtept lat="39.7941" lon="-123.81668"/><rtept lat="39.79441" lon="-123.81681"/><rtept lat="39.79545" lon="-123.81736"/><rtept lat="39.79559" lon="-123.81746"/><rtept lat="39.79568" lon="-123.81756"/><rtept lat="39.79594" lon="-123.81797"/><rtept lat="39.79614" lon="-123.8184"/><rtept lat="39.79652" lon="-123.81901"/><rtept lat="39.7966" lon="-123.8191"/><rtept lat="39.79709" lon="-123.81946"/><rtept lat="39.79722" lon="-123.81958"/><rtept lat="39.79734" lon="-123.81974"/><rtept lat="39.79764" lon="-123.82023"/><rtept lat="39.79794" lon="-123.82025"/><rtept lat="39.79842" lon="-123.82061"/><rtept lat="39.79849" lon="-123.82058"/><rtept lat="39.79856" lon="-123.82052"/><rtept lat="39.79865" lon="-123.82039"/><rtept lat="39.79869" lon="-123.82019"/><rtept lat="39.79867" lon="-123.82008"/><rtept lat="39.79857" lon="-123.81994"/><rtept lat="39.79803" lon="-123.81943"/><rtept lat="39.7978" lon="-123.81913"/><rtept lat="39.79731" lon="-123.81832"/><rtept lat="39.79722" lon="-123.81812"/><rtept lat="39.79722" lon="-123.8177"/><rtept lat="39.79718" lon="-123.81756"/><rtept lat="39.79714" lon="-123.81752"/><rtept lat="39.79703" lon="-123.8175"/><rtept lat="39.79695" lon="-123.81752"/><rtept lat="39.79682" lon="-123.81759"/><rtept lat="39.79674" lon="-123.8176"/><rtept lat="39.79666" lon="-123.81758"/><rtept lat="39.79657" lon="-123.8175"/><rtept lat="39.79579" lon="-123.81635"/><rtept lat="39.79572" lon="-123.81613"/><rtept lat="39.79565" lon="-123.81601"/><rtept lat="39.79556" lon="-123.81589"/><rtept lat="39.79535" lon="-123.8157"/><rtept lat="39.79511" lon="-123.81531"/><rtept lat="39.79496" lon="-123.81514"/><rtept lat="39.79479" lon="-123.81503"/><rtept lat="39.79465" lon="-123.8149"/><rtept lat="39.79461" lon="-123.8148"/><rtept lat="39.79461" lon="-123.81461"/><rtept lat="39.79475" lon="-123.81416"/><rtept lat="39.7947" lon="-123.81396"/><rtept lat="39.79463" lon="-123.81382"/><rtept lat="39.79462" lon="-123.81374"/><rtept lat="39.79466" lon="-123.81358"/><rtept lat="39.79479" lon="-123.81329"/><rtept lat="39.79485" lon="-123.8132"/><rtept lat="39.79495" lon="-123.81311"/><rtept lat="39.7953" lon="-123.81286"/><rtept lat="39.79542" lon="-123.81273"/><rtept lat="39.79561" lon="-123.81229"/><rtept lat="39.79583" lon="-123.81184"/><rtept lat="39.79589" lon="-123.81155"/><rtept lat="39.79597" lon="-123.81141"/><rtept lat="39.79609" lon="-123.81133"/><rtept lat="39.79644" lon="-123.81126"/><rtept lat="39.79657" lon="-123.81121"/><rtept lat="39.79664" lon="-123.81115"/><rtept lat="39.79669" lon="-123.81107"/><rtept lat="39.7967" lon="-123.81075"/><rtept lat="39.79673" lon="-123.81058"/><rtept lat="39.79682" lon="-123.81031"/><rtept lat="39.79707" lon="-123.8099"/><rtept lat="39.79733" lon="-123.80954"/><rtept lat="39.79742" lon="-123.80953"/><rtept lat="39.79755" lon="-123.80957"/><rtept lat="39.79768" lon="-123.8097"/><rtept lat="39.79803" lon="-123.81034"/><rtept lat="39.7981" lon="-123.81036"/><rtept lat="39.79816" lon="-123.81033"/><rtept lat="39.79845" lon="-123.80991"/><rtept lat="39.79863" lon="-123.80985"/><rtept lat="39.79892" lon="-123.80984"/><rtept lat="39.79912" lon="-123.80994"/><rtept lat="39.79956" lon="-123.81033"/><rtept lat="39.79967" lon="-123.81038"/><rtept lat="39.79987" lon="-123.81037"/><rtept lat="39.79999" lon="-123.81033"/><rtept lat="39.80023" lon="-123.81014"/><rtept lat="39.80039" lon="-123.80992"/><rtept lat="39.80094" lon="-123.80962"/><rtept lat="39.80103" lon="-123.80954"/><rtept lat="39.80108" lon="-123.80947"/><rtept lat="39.8012" lon="-123.80922"/><rtept lat="39.80127" lon="-123.80895"/><rtept lat="39.80126" lon="-123.80885"/><rtept lat="39.80117" lon="-123.80873"/><rtept lat="39.80091" lon="-123.80859"/><rtept lat="39.8008" lon="-123.8085"/><rtept lat="39.80066" lon="-123.8083"/><rtept lat="39.8005" lon="-123.80779"/><rtept lat="39.80036" lon="-123.80748"/><rtept lat="39.80036" lon="-123.80735"/><rtept lat="39.8004" lon="-123.80725"/><rtept lat="39.80046" lon="-123.80719"/><rtept lat="39.80053" lon="-123.80715"/><rtept lat="39.80061" lon="-123.80715"/><rtept lat="39.80077" lon="-123.80717"/><rtept lat="39.80112" lon="-123.80729"/><rtept lat="39.8013" lon="-123.8073"/><rtept lat="39.80143" lon="-123.80728"/><rtept lat="39.80181" lon="-123.80714"/><rtept lat="39.80212" lon="-123.807"/><rtept lat="39.8023" lon="-123.80688"/><rtept lat="39.80281" lon="-123.80648"/><rtept lat="39.80293" lon="-123.80634"/><rtept lat="39.80313" lon="-123.80597"/><rtept lat="39.80319" lon="-123.8059"/><rtept lat="39.80334" lon="-123.80581"/><rtept lat="39.80368" lon="-123.80571"/><rtept lat="39.80419" lon="-123.80564"/><rtept lat="39.8043" lon="-123.80559"/><rtept lat="39.80452" lon="-123.80543"/><rtept lat="39.80468" lon="-123.80523"/><rtept lat="39.8048" lon="-123.80503"/><rtept lat="39.8049" lon="-123.80474"/><rtept lat="39.805" lon="-123.8043"/><rtept lat="39.80507" lon="-123.80417"/><rtept lat="39.80521" lon="-123.80402"/><rtept lat="39.80531" lon="-123.80395"/><rtept lat="39.8055" lon="-123.8039"/><rtept lat="39.8056" lon="-123.80391"/><rtept lat="39.80571" lon="-123.80395"/><rtept lat="39.80604" lon="-123.80415"/><rtept lat="39.80621" lon="-123.80422"/><rtept lat="39.8066" lon="-123.80432"/><rtept lat="39.80666" lon="-123.80437"/><rtept lat="39.80686" lon="-123.80469"/><rtept lat="39.80709" lon="-123.80498"/><rtept lat="39.80743" lon="-123.8053"/><rtept lat="39.80765" lon="-123.80543"/><rtept lat="39.80794" lon="-123.80554"/><rtept lat="39.80823" lon="-123.8056"/><rtept lat="39.80846" lon="-123.80561"/><rtept lat="39.80861" lon="-123.80564"/><rtept lat="39.80871" lon="-123.80569"/><rtept lat="39.80966" lon="-123.80638"/><rtept lat="39.80972" lon="-123.80641"/><rtept lat="39.80985" lon="-123.80643"/><rtept lat="39.80992" lon="-123.80642"/><rtept lat="39.80996" lon="-123.80641"/><rtept lat="39.81003" lon="-123.80635"/><rtept lat="39.8101" lon="-123.80621"/><rtept lat="39.81011" lon="-123.80609"/><rtept lat="39.8101" lon="-123.80604"/><rtept lat="39.81004" lon="-123.80589"/><rtept lat="39.80989" lon="-123.80571"/><rtept lat="39.80957" lon="-123.80549"/><rtept lat="39.8095" lon="-123.80538"/><rtept lat="39.80946" lon="-123.80526"/><rtept lat="39.80942" lon="-123.80478"/><rtept lat="39.80938" lon="-123.8046"/><rtept lat="39.80924" lon="-123.80418"/><rtept lat="39.80923" lon="-123.80405"/><rtept lat="39.80928" lon="-123.80365"/><rtept lat="39.80927" lon="-123.80338"/><rtept lat="39.80925" lon="-123.80329"/><rtept lat="39.80907" lon="-123.8029"/><rtept lat="39.80903" lon="-123.80276"/><rtept lat="39.80896" lon="-123.80198"/><rtept lat="39.80882" lon="-123.8014"/><rtept lat="39.80886" lon="-123.80003"/><rtept lat="39.80883" lon="-123.79964"/><rtept lat="39.8088" lon="-123.79946"/><rtept lat="39.80869" lon="-123.79925"/><rtept lat="39.80859" lon="-123.79913"/><rtept lat="39.80852" lon="-123.79909"/><rtept lat="39.80836" lon="-123.79908"/><rtept lat="39.80825" lon="-123.79912"/><rtept lat="39.80811" lon="-123.79922"/><rtept lat="39.80795" lon="-123.79929"/><rtept lat="39.80781" lon="-123.7993"/><rtept lat="39.80772" lon="-123.79927"/><rtept lat="39.80768" lon="-123.79922"/><rtept lat="39.80763" lon="-123.79902"/><rtept lat="39.80759" lon="-123.79868"/><rtept lat="39.80756" lon="-123.79792"/><rtept lat="39.80758" lon="-123.79732"/><rtept lat="39.80762" lon="-123.7971"/><rtept lat="39.80773" lon="-123.79672"/><rtept lat="39.80777" lon="-123.79649"/><rtept lat="39.80781" lon="-123.79636"/><rtept lat="39.80843" lon="-123.79533"/><rtept lat="39.80861" lon="-123.7951"/><rtept lat="39.80925" lon="-123.79446"/><rtept lat="39.80942" lon="-123.79427"/><rtept lat="39.80959" lon="-123.79399"/><rtept lat="39.8097" lon="-123.79375"/><rtept lat="39.80985" lon="-123.79334"/><rtept lat="39.80996" lon="-123.79292"/><rtept lat="39.81002" lon="-123.79256"/><rtept lat="39.81015" lon="-123.79124"/><rtept lat="39.8102" lon="-123.79109"/><rtept lat="39.81028" lon="-123.79093"/><rtept lat="39.81037" lon="-123.79081"/><rtept lat="39.81109" lon="-123.79029"/><rtept lat="39.81136" lon="-123.79002"/><rtept lat="39.81152" lon="-123.78978"/><rtept lat="39.81216" lon="-123.78861"/><rtept lat="39.81233" lon="-123.78836"/><rtept lat="39.81277" lon="-123.78792"/><rtept lat="39.81295" lon="-123.78778"/><rtept lat="39.81307" lon="-123.78771"/><rtept lat="39.81356" lon="-123.78755"/><rtept lat="39.81387" lon="-123.78739"/><rtept lat="39.81434" lon="-123.78696"/><rtept lat="39.81487" lon="-123.78655"/><rtept lat="39.81514" lon="-123.78632"/><rtept lat="39.81552" lon="-123.7859"/><rtept lat="39.81576" lon="-123.78557"/><rtept lat="39.81622" lon="-123.78488"/><rtept lat="39.81734" lon="-123.78302"/><rtept lat="39.81766" lon="-123.78238"/><rtept lat="39.81776" lon="-123.78214"/><rtept lat="39.8179" lon="-123.7816"/><rtept lat="39.81798" lon="-123.78111"/><rtept lat="39.81817" lon="-123.78095"/><rtept lat="39.81832" lon="-123.78088"/><rtept lat="39.81847" lon="-123.78084"/><rtept lat="39.81856" lon="-123.78085"/><rtept lat="39.81864" lon="-123.78091"/><rtept lat="39.81871" lon="-123.78101"/><rtept lat="39.81936" lon="-123.78251"/><rtept lat="39.81965" lon="-123.78307"/><rtept lat="39.81973" lon="-123.78313"/><rtept lat="39.81986" lon="-123.78317"/><rtept lat="39.82001" lon="-123.78317"/><rtept lat="39.82012" lon="-123.78315"/><rtept lat="39.82048" lon="-123.78294"/><rtept lat="39.82079" lon="-123.78286"/><rtept lat="39.821" lon="-123.78275"/><rtept lat="39.82105" lon="-123.78269"/><rtept lat="39.82108" lon="-123.78261"/><rtept lat="39.82134" lon="-123.7813"/><rtept lat="39.8214" lon="-123.78106"/><rtept lat="39.82148" lon="-123.78092"/><rtept lat="39.82157" lon="-123.78083"/><rtept lat="39.82167" lon="-123.78078"/><rtept lat="39.82179" lon="-123.78075"/><rtept lat="39.82208" lon="-123.78075"/><rtept lat="39.82292" lon="-123.78093"/><rtept lat="39.82303" lon="-123.78091"/><rtept lat="39.8238" lon="-123.78036"/><rtept lat="39.82422" lon="-123.77995"/><rtept lat="39.82461" lon="-123.77964"/><rtept lat="39.82489" lon="-123.77946"/><rtept lat="39.82505" lon="-123.77938"/><rtept lat="39.82537" lon="-123.77928"/><rtept lat="39.82567" lon="-123.77925"/><rtept lat="39.82617" lon="-123.7791"/><rtept lat="39.82655" lon="-123.77913"/><rtept lat="39.82663" lon="-123.77911"/><rtept lat="39.82755" lon="-123.77791"/><rtept lat="39.82792" lon="-123.77782"/><rtept lat="39.82849" lon="-123.77751"/><rtept lat="39.82885" lon="-123.77746"/><rtept lat="39.82901" lon="-123.77739"/><rtept lat="39.82913" lon="-123.7773"/><rtept lat="39.82926" lon="-123.77716"/><rtept lat="39.82955" lon="-123.77666"/><rtept lat="39.82963" lon="-123.77659"/><rtept lat="39.82969" lon="-123.77657"/><rtept lat="39.83" lon="-123.77656"/><rtept lat="39.83018" lon="-123.77659"/><rtept lat="39.83028" lon="-123.77664"/><rtept lat="39.83066" lon="-123.77691"/><rtept lat="39.83073" lon="-123.77691"/><rtept lat="39.83095" lon="-123.77684"/><rtept lat="39.83167" lon="-123.77655"/><rtept lat="39.83187" lon="-123.77645"/><rtept lat="39.83192" lon="-123.77641"/><rtept lat="39.83199" lon="-123.77627"/><rtept lat="39.83201" lon="-123.77609"/><rtept lat="39.83202" lon="-123.77552"/><rtept lat="39.83212" lon="-123.77528"/><rtept lat="39.83241" lon="-123.77491"/><rtept lat="39.83256" lon="-123.77482"/><rtept lat="39.83286" lon="-123.77471"/><rtept lat="39.83306" lon="-123.77467"/><rtept lat="39.83312" lon="-123.77469"/><rtept lat="39.83332" lon="-123.77485"/><rtept lat="39.83358" lon="-123.775"/><rtept lat="39.83365" lon="-123.77502"/><rtept lat="39.83392" lon="-123.77501"/><rtept lat="39.83401" lon="-123.77499"/><rtept lat="39.83412" lon="-123.77493"/><rtept lat="39.83436" lon="-123.77475"/><rtept lat="39.83484" lon="-123.77415"/><rtept lat="39.83533" lon="-123.77369"/><rtept lat="39.83547" lon="-123.77347"/><rtept lat="39.8356" lon="-123.7732"/><rtept lat="39.83575" lon="-123.77297"/><rtept lat="39.83589" lon="-123.7728"/><rtept lat="39.83614" lon="-123.77264"/><rtept lat="39.83663" lon="-123.77242"/><rtept lat="39.83701" lon="-123.77233"/><rtept lat="39.83723" lon="-123.77238"/><rtept lat="39.83768" lon="-123.77254"/><rtept lat="39.83808" lon="-123.77278"/><rtept lat="39.83846" lon="-123.77297"/><rtept lat="39.83917" lon="-123.77307"/><rtept lat="39.83994" lon="-123.77309"/><rtept lat="39.84123" lon="-123.77317"/><rtept lat="39.84193" lon="-123.77326"/><rtept lat="39.84258" lon="-123.77331"/><rtept lat="39.84288" lon="-123.77331"/><rtept lat="39.84309" lon="-123.77328"/><rtept lat="39.84326" lon="-123.77322"/><rtept lat="39.84344" lon="-123.77309"/><rtept lat="39.84352" lon="-123.77301"/><rtept lat="39.84365" lon="-123.77281"/><rtept lat="39.84381" lon="-123.77246"/><rtept lat="39.84405" lon="-123.77208"/><rtept lat="39.84433" lon="-123.77183"/><rtept lat="39.84447" lon="-123.77167"/><rtept lat="39.8446" lon="-123.77143"/><rtept lat="39.84472" lon="-123.77107"/><rtept lat="39.8449" lon="-123.77081"/><rtept lat="39.84499" lon="-123.77065"/><rtept lat="39.84512" lon="-123.7705"/><rtept lat="39.84529" lon="-123.77036"/><rtept lat="39.84558" lon="-123.77029"/><rtept lat="39.84572" lon="-123.77032"/><rtept lat="39.84624" lon="-123.77035"/><rtept lat="39.84648" lon="-123.77045"/><rtept lat="39.84659" lon="-123.77047"/><rtept lat="39.84667" lon="-123.77042"/><rtept lat="39.84672" lon="-123.77035"/><rtept lat="39.84674" lon="-123.77024"/><rtept lat="39.84673" lon="-123.76977"/><rtept lat="39.84647" lon="-123.76889"/><rtept lat="39.84646" lon="-123.76863"/><rtept lat="39.84653" lon="-123.76811"/><rtept lat="39.84651" lon="-123.76769"/><rtept lat="39.84654" lon="-123.76751"/><rtept lat="39.8466" lon="-123.76739"/><rtept lat="39.84677" lon="-123.7672"/><rtept lat="39.84694" lon="-123.76711"/><rtept lat="39.84733" lon="-123.76706"/><rtept lat="39.84831" lon="-123.76722"/><rtept lat="39.84841" lon="-123.76719"/><rtept lat="39.84846" lon="-123.76715"/><rtept lat="39.84853" lon="-123.76702"/><rtept lat="39.84874" lon="-123.76681"/><rtept lat="39.84884" lon="-123.76676"/><rtept lat="39.84896" lon="-123.76675"/><rtept lat="39.84906" lon="-123.76677"/><rtept lat="39.8492" lon="-123.76685"/><rtept lat="39.8493" lon="-123.76701"/><rtept lat="39.84955" lon="-123.7675"/><rtept lat="39.84961" lon="-123.76758"/><rtept lat="39.84973" lon="-123.76759"/><rtept lat="39.84983" lon="-123.76752"/><rtept lat="39.84999" lon="-123.76729"/><rtept lat="39.85015" lon="-123.76702"/><rtept lat="39.85025" lon="-123.76675"/><rtept lat="39.8504" lon="-123.76606"/><rtept lat="39.85045" lon="-123.76594"/><rtept lat="39.85056" lon="-123.76576"/><rtept lat="39.85066" lon="-123.76569"/><rtept lat="39.85073" lon="-123.76567"/><rtept lat="39.85116" lon="-123.7657"/><rtept lat="39.85124" lon="-123.76568"/><rtept lat="39.85128" lon="-123.76564"/><rtept lat="39.85131" lon="-123.76552"/><rtept lat="39.85131" lon="-123.76545"/><rtept lat="39.85127" lon="-123.76526"/><rtept lat="39.85128" lon="-123.76502"/><rtept lat="39.8514" lon="-123.76476"/><rtept lat="39.85145" lon="-123.76427"/><rtept lat="39.85157" lon="-123.76409"/><rtept lat="39.85169" lon="-123.76408"/><rtept lat="39.8521" lon="-123.76424"/><rtept lat="39.85231" lon="-123.76409"/><rtept lat="39.85248" lon="-123.76409"/><rtept lat="39.85256" lon="-123.76412"/><rtept lat="39.85265" lon="-123.76417"/><rtept lat="39.85311" lon="-123.76459"/><rtept lat="39.85316" lon="-123.7647"/><rtept lat="39.85323" lon="-123.76497"/><rtept lat="39.8533" lon="-123.76503"/><rtept lat="39.85341" lon="-123.76503"/><rtept lat="39.85353" lon="-123.76496"/><rtept lat="39.85393" lon="-123.76433"/><rtept lat="39.8543" lon="-123.76393"/><rtept lat="39.85434" lon="-123.76386"/><rtept lat="39.85442" lon="-123.76324"/><rtept lat="39.85448" lon="-123.76301"/><rtept lat="39.85475" lon="-123.76238"/><rtept lat="39.8548" lon="-123.76229"/><rtept lat="39.85489" lon="-123.76221"/><rtept lat="39.85501" lon="-123.76217"/><rtept lat="39.85507" lon="-123.76217"/><rtept lat="39.85568" lon="-123.76234"/><rtept lat="39.85607" lon="-123.76249"/><rtept lat="39.85641" lon="-123.76256"/><rtept lat="39.85677" lon="-123.76268"/><rtept lat="39.85704" lon="-123.76273"/><rtept lat="39.8571" lon="-123.7627"/><rtept lat="39.85715" lon="-123.76261"/><rtept lat="39.85717" lon="-123.76253"/><rtept lat="39.85714" lon="-123.76227"/><rtept lat="39.85697" lon="-123.76203"/><rtept lat="39.85667" lon="-123.76133"/><rtept lat="39.85663" lon="-123.76113"/><rtept lat="39.85665" lon="-123.76074"/><rtept lat="39.85635" lon="-123.76003"/><rtept lat="39.85632" lon="-123.7599"/><rtept lat="39.85632" lon="-123.75974"/><rtept lat="39.85634" lon="-123.75961"/><rtept lat="39.85639" lon="-123.75948"/><rtept lat="39.85656" lon="-123.75916"/><rtept lat="39.85707" lon="-123.75837"/><rtept lat="39.85759" lon="-123.75768"/><rtept lat="39.85778" lon="-123.75711"/><rtept lat="39.85783" lon="-123.75702"/><rtept lat="39.85868" lon="-123.75571"/><rtept lat="39.85916" lon="-123.7551"/><rtept lat="39.85933" lon="-123.75493"/><rtept lat="39.85945" lon="-123.75486"/><rtept lat="39.85993" lon="-123.75474"/><rtept lat="39.86039" lon="-123.75473"/><rtept lat="39.86047" lon="-123.75465"/><rtept lat="39.86053" lon="-123.75456"/><rtept lat="39.86058" lon="-123.75441"/><rtept lat="39.86065" lon="-123.75383"/><rtept lat="39.86068" lon="-123.75324"/><rtept lat="39.86064" lon="-123.75292"/><rtept lat="39.86049" lon="-123.75238"/><rtept lat="39.86047" lon="-123.7522"/><rtept lat="39.8605" lon="-123.75174"/><rtept lat="39.86063" lon="-123.75121"/><rtept lat="39.86066" lon="-123.75102"/><rtept lat="39.8607" lon="-123.75047"/><rtept lat="39.8607" lon="-123.74988"/><rtept lat="39.86075" lon="-123.74942"/><rtept lat="39.86085" lon="-123.74888"/><rtept lat="39.86088" lon="-123.74857"/><rtept lat="39.86086" lon="-123.74823"/><rtept lat="39.86084" lon="-123.74816"/><rtept lat="39.86044" lon="-123.7476"/><rtept lat="39.86015" lon="-123.74704"/><rtept lat="39.85986" lon="-123.74681"/><rtept lat="39.85982" lon="-123.74675"/><rtept lat="39.85979" lon="-123.74666"/><rtept lat="39.85979" lon="-123.74647"/><rtept lat="39.85984" lon="-123.74628"/><rtept lat="39.86005" lon="-123.74603"/><rtept lat="39.86007" lon="-123.74593"/><rtept lat="39.86008" lon="-123.74579"/><rtept lat="39.86005" lon="-123.74559"/><rtept lat="39.85994" lon="-123.74539"/><rtept lat="39.85968" lon="-123.74511"/><rtept lat="39.85946" lon="-123.7448"/><rtept lat="39.85927" lon="-123.74449"/><rtept lat="39.85904" lon="-123.74392"/><rtept lat="39.859" lon="-123.74386"/><rtept lat="39.85895" lon="-123.74383"/><rtept lat="39.85888" lon="-123.74381"/><rtept lat="39.85874" lon="-123.74381"/><rtept lat="39.8586" lon="-123.74385"/><rtept lat="39.85824" lon="-123.74408"/><rtept lat="39.85818" lon="-123.7441"/><rtept lat="39.85808" lon="-123.74407"/><rtept lat="39.85788" lon="-123.74391"/><rtept lat="39.85764" lon="-123.74381"/><rtept lat="39.85752" lon="-123.7438"/><rtept lat="39.85739" lon="-123.74387"/><rtept lat="39.85719" lon="-123.74409"/><rtept lat="39.85711" lon="-123.74413"/><rtept lat="39.85691" lon="-123.74412"/><rtept lat="39.85685" lon="-123.74414"/><rtept lat="39.85655" lon="-123.74437"/><rtept lat="39.85641" lon="-123.74439"/><rtept lat="39.85633" lon="-123.74434"/><rtept lat="39.85625" lon="-123.74425"/><rtept lat="39.85616" lon="-123.74392"/><rtept lat="39.85612" lon="-123.74337"/><rtept lat="39.85608" lon="-123.74323"/><rtept lat="39.85603" lon="-123.74315"/><rtept lat="39.85596" lon="-123.74311"/><rtept lat="39.85524" lon="-123.74312"/><rtept lat="39.85511" lon="-123.74315"/><rtept lat="39.85479" lon="-123.74329"/><rtept lat="39.85432" lon="-123.74335"/><rtept lat="39.85426" lon="-123.74337"/><rtept lat="39.85365" lon="-123.74405"/><rtept lat="39.85332" lon="-123.74439"/><rtept lat="39.85313" lon="-123.74454"/><rtept lat="39.85305" lon="-123.74456"/><rtept lat="39.8529" lon="-123.74451"/><rtept lat="39.85286" lon="-123.74448"/><rtept lat="39.85279" lon="-123.74438"/><rtept lat="39.85274" lon="-123.74421"/><rtept lat="39.85271" lon="-123.74398"/><rtept lat="39.85271" lon="-123.74376"/><rtept lat="39.85275" lon="-123.74354"/><rtept lat="39.85308" lon="-123.74293"/><rtept lat="39.85324" lon="-123.74232"/><rtept lat="39.85325" lon="-123.74217"/><rtept lat="39.85323" lon="-123.74201"/><rtept lat="39.85311" lon="-123.74177"/><rtept lat="39.85304" lon="-123.7417"/><rtept lat="39.85236" lon="-123.74138"/><rtept lat="39.85179" lon="-123.74109"/><rtept lat="39.85152" lon="-123.74102"/><rtept lat="39.85133" lon="-123.741"/><rtept lat="39.85123" lon="-123.74099"/><rtept lat="39.8511" lon="-123.74102"/><rtept lat="39.851" lon="-123.74111"/><rtept lat="39.85072" lon="-123.74175"/><rtept lat="39.85039" lon="-123.74225"/><rtept lat="39.85023" lon="-123.7424"/><rtept lat="39.85015" lon="-123.74241"/><rtept lat="39.8501" lon="-123.74237"/><rtept lat="39.84979" lon="-123.74199"/><rtept lat="39.84953" lon="-123.74178"/><rtept lat="39.84931" lon="-123.74166"/><rtept lat="39.84925" lon="-123.74159"/><rtept lat="39.84924" lon="-123.74152"/><rtept lat="39.84926" lon="-123.74092"/><rtept lat="39.84932" lon="-123.74037"/><rtept lat="39.84931" lon="-123.74005"/><rtept lat="39.84926" lon="-123.73995"/><rtept lat="39.84894" lon="-123.73959"/><rtept lat="39.84886" lon="-123.73943"/><rtept lat="39.84883" lon="-123.73919"/><rtept lat="39.84884" lon="-123.73907"/><rtept lat="39.8489" lon="-123.73896"/><rtept lat="39.84944" lon="-123.73866"/><rtept lat="39.84954" lon="-123.73858"/><rtept lat="39.84963" lon="-123.73833"/><rtept lat="39.84966" lon="-123.73808"/><rtept lat="39.84965" lon="-123.73792"/><rtept lat="39.84956" lon="-123.73757"/><rtept lat="39.84931" lon="-123.73676"/><rtept lat="39.84923" lon="-123.73643"/><rtept lat="39.84915" lon="-123.73592"/><rtept lat="39.8489" lon="-123.73501"/><rtept lat="39.84889" lon="-123.73481"/><rtept lat="39.84892" lon="-123.73468"/><rtept lat="39.84899" lon="-123.73456"/><rtept lat="39.84911" lon="-123.73449"/><rtept lat="39.84922" lon="-123.7345"/><rtept lat="39.84938" lon="-123.73456"/><rtept lat="39.84959" lon="-123.73467"/><rtept lat="39.85012" lon="-123.735"/><rtept lat="39.85033" lon="-123.73528"/><rtept lat="39.85045" lon="-123.73541"/><rtept lat="39.85056" lon="-123.73547"/><rtept lat="39.85107" lon="-123.73551"/><rtept lat="39.85146" lon="-123.73544"/><rtept lat="39.85173" lon="-123.73549"/><rtept lat="39.85186" lon="-123.73556"/><rtept lat="39.85194" lon="-123.73565"/><rtept lat="39.85231" lon="-123.7364"/><rtept lat="39.85242" lon="-123.73659"/><rtept lat="39.8525" lon="-123.73667"/><rtept lat="39.85254" lon="-123.73668"/><rtept lat="39.85261" lon="-123.73667"/><rtept lat="39.85266" lon="-123.73662"/><rtept lat="39.85268" lon="-123.73653"/><rtept lat="39.85267" lon="-123.73643"/><rtept lat="39.85253" lon="-123.73611"/><rtept lat="39.85237" lon="-123.73562"/><rtept lat="39.85213" lon="-123.73503"/><rtept lat="39.85203" lon="-123.73488"/><rtept lat="39.85177" lon="-123.7346"/><rtept lat="39.85165" lon="-123.73442"/><rtept lat="39.85146" lon="-123.73406"/><rtept lat="39.85108" lon="-123.73377"/><rtept lat="39.85095" lon="-123.73364"/><rtept lat="39.85088" lon="-123.73352"/><rtept lat="39.85074" lon="-123.73312"/><rtept lat="39.85053" lon="-123.73278"/><rtept lat="39.85048" lon="-123.73256"/><rtept lat="39.85047" lon="-123.73236"/><rtept lat="39.85047" lon="-123.73221"/><rtept lat="39.85052" lon="-123.73204"/><rtept lat="39.85054" lon="-123.73186"/><rtept lat="39.85053" lon="-123.7317"/><rtept lat="39.85051" lon="-123.73156"/><rtept lat="39.85038" lon="-123.73117"/><rtept lat="39.85015" lon="-123.73063"/><rtept lat="39.85012" lon="-123.73052"/><rtept lat="39.8501" lon="-123.73022"/><rtept lat="39.85011" lon="-123.72998"/><rtept lat="39.85013" lon="-123.72989"/><rtept lat="39.85029" lon="-123.7297"/><rtept lat="39.85045" lon="-123.72968"/><rtept lat="39.85056" lon="-123.72971"/><rtept lat="39.85071" lon="-123.7298"/><rtept lat="39.85087" lon="-123.72987"/><rtept lat="39.85137" lon="-123.72995"/><rtept lat="39.85192" lon="-123.72994"/><rtept lat="39.85234" lon="-123.7298"/><rtept lat="39.85252" lon="-123.72984"/><rtept lat="39.85276" lon="-123.72992"/><rtept lat="39.85285" lon="-123.7299"/><rtept lat="39.85292" lon="-123.72985"/><rtept lat="39.85322" lon="-123.72957"/><rtept lat="39.85342" lon="-123.72944"/><rtept lat="39.85361" lon="-123.72937"/><rtept lat="39.85372" lon="-123.72937"/><rtept lat="39.85423" lon="-123.72956"/><rtept lat="39.8547" lon="-123.72968"/><rtept lat="39.85482" lon="-123.72974"/><rtept lat="39.85493" lon="-123.72985"/><rtept lat="39.85514" lon="-123.73019"/><rtept lat="39.85523" lon="-123.73027"/><rtept lat="39.85534" lon="-123.73028"/><rtept lat="39.85544" lon="-123.73025"/><rtept lat="39.85554" lon="-123.73016"/><rtept lat="39.85569" lon="-123.72996"/><rtept lat="39.85584" lon="-123.72987"/><rtept lat="39.85594" lon="-123.72985"/><rtept lat="39.85603" lon="-123.72986"/><rtept lat="39.85663" lon="-123.73003"/><rtept lat="39.85684" lon="-123.72999"/><rtept lat="39.85694" lon="-123.72991"/><rtept lat="39.85731" lon="-123.72954"/><rtept lat="39.85756" lon="-123.72937"/><rtept lat="39.85831" lon="-123.72897"/><rtept lat="39.85854" lon="-123.72887"/><rtept lat="39.85892" lon="-123.72855"/><rtept lat="39.85919" lon="-123.72836"/><rtept lat="39.85946" lon="-123.7281"/><rtept lat="39.85992" lon="-123.72751"/><rtept lat="39.86047" lon="-123.72728"/><rtept lat="39.8606" lon="-123.72714"/><rtept lat="39.86067" lon="-123.72705"/><rtept lat="39.861" lon="-123.72647"/><rtept lat="39.86128" lon="-123.72607"/><rtept lat="39.86172" lon="-123.7256"/><rtept lat="39.86209" lon="-123.72512"/><rtept lat="39.86225" lon="-123.72501"/><rtept lat="39.86372" lon="-123.72421"/><rtept lat="39.86397" lon="-123.72401"/><rtept lat="39.86405" lon="-123.72388"/><rtept lat="39.86415" lon="-123.7236"/><rtept lat="39.86418" lon="-123.72345"/><rtept lat="39.86402" lon="-123.72183"/><rtept lat="39.86401" lon="-123.72163"/><rtept lat="39.86404" lon="-123.72149"/><rtept lat="39.86411" lon="-123.72132"/><rtept lat="39.86454" lon="-123.72061"/><rtept lat="39.86496" lon="-123.72003"/><rtept lat="39.86532" lon="-123.71958"/><rtept lat="39.86558" lon="-123.71931"/><rtept lat="39.86608" lon="-123.71863"/><rtept lat="39.86619" lon="-123.71836"/><rtept lat="39.86621" lon="-123.71822"/><rtept lat="39.86621" lon="-123.71802"/><rtept lat="39.86619" lon="-123.71786"/><rtept lat="39.86608" lon="-123.71749"/><rtept lat="39.86609" lon="-123.7174"/><rtept lat="39.86614" lon="-123.71729"/><rtept lat="39.8662" lon="-123.71725"/><rtept lat="39.86626" lon="-123.71724"/><rtept lat="39.86634" lon="-123.71725"/><rtept lat="39.86655" lon="-123.71735"/><rtept lat="39.86665" lon="-123.71738"/><rtept lat="39.86673" lon="-123.71738"/><rtept lat="39.86693" lon="-123.71731"/><rtept lat="39.8673" lon="-123.71708"/><rtept lat="39.86754" lon="-123.71688"/><rtept lat="39.8678" lon="-123.71669"/><rtept lat="39.86789" lon="-123.71661"/><rtept lat="39.86802" lon="-123.71645"/><rtept lat="39.86812" lon="-123.71629"/><rtept lat="39.86822" lon="-123.71599"/><rtept lat="39.86827" lon="-123.71569"/><rtept lat="39.86828" lon="-123.71551"/><rtept lat="39.86821" lon="-123.71481"/><rtept lat="39.86814" lon="-123.7136"/><rtept lat="39.86847" lon="-123.71349"/><rtept lat="39.86942" lon="-123.71304"/><rtept lat="39.87051" lon="-123.71215"/><rtept lat="39.87121" lon="-123.71178"/><rtept lat="39.87271" lon="-123.71082"/><rtept lat="39.87325" lon="-123.71059"/><rtept lat="39.87374" lon="-123.71044"/><rtept lat="39.87403" lon="-123.71039"/><rtept lat="39.87437" lon="-123.7104"/><rtept lat="39.87476" lon="-123.71046"/><rtept lat="39.87498" lon="-123.71057"/><rtept lat="39.87509" lon="-123.71067"/><rtept lat="39.87564" lon="-123.71139"/><rtept lat="39.87587" lon="-123.71159"/><rtept lat="39.87606" lon="-123.71173"/><rtept lat="39.87623" lon="-123.71183"/><rtept lat="39.87644" lon="-123.71194"/><rtept lat="39.87675" lon="-123.71205"/><rtept lat="39.87697" lon="-123.71216"/><rtept lat="39.87715" lon="-123.7123"/><rtept lat="39.87725" lon="-123.71248"/><rtept lat="39.87733" lon="-123.71267"/><rtept lat="39.87752" lon="-123.71333"/><rtept lat="39.87768" lon="-123.71372"/><rtept lat="39.87815" lon="-123.71431"/><rtept lat="39.87856" lon="-123.71477"/><rtept lat="39.87872" lon="-123.71504"/><rtept lat="39.87879" lon="-123.71522"/><rtept lat="39.87884" lon="-123.71546"/><rtept lat="39.87888" lon="-123.71593"/><rtept lat="39.87889" lon="-123.71645"/><rtept lat="39.87885" lon="-123.71711"/><rtept lat="39.87876" lon="-123.71752"/><rtept lat="39.87858" lon="-123.71807"/><rtept lat="39.87846" lon="-123.71834"/><rtept lat="39.87838" lon="-123.71847"/><rtept lat="39.87827" lon="-123.71859"/><rtept lat="39.87793" lon="-123.7189"/><rtept lat="39.87772" lon="-123.71903"/><rtept lat="39.8775" lon="-123.71928"/><rtept lat="39.87732" lon="-123.71954"/><rtept lat="39.87719" lon="-123.71975"/><rtept lat="39.87714" lon="-123.71988"/><rtept lat="39.87705" lon="-123.72024"/><rtept lat="39.87703" lon="-123.72056"/><rtept lat="39.87705" lon="-123.72083"/><rtept lat="39.8771" lon="-123.72104"/><rtept lat="39.87728" lon="-123.72154"/><rtept lat="39.87763" lon="-123.72225"/><rtept lat="39.87783" lon="-123.72276"/><rtept lat="39.87794" lon="-123.72315"/><rtept lat="39.87807" lon="-123.72393"/><rtept lat="39.87808" lon="-123.72459"/><rtept lat="39.87806" lon="-123.72678"/><rtept lat="39.87802" lon="-123.7278"/><rtept lat="39.87801" lon="-123.73005"/><rtept lat="39.87805" lon="-123.73052"/><rtept lat="39.87811" lon="-123.73095"/><rtept lat="39.87818" lon="-123.73127"/><rtept lat="39.87834" lon="-123.73176"/><rtept lat="39.87869" lon="-123.73239"/><rtept lat="39.879" lon="-123.73275"/><rtept lat="39.87916" lon="-123.7329"/><rtept lat="39.87961" lon="-123.7332"/><rtept lat="39.88032" lon="-123.73353"/><rtept lat="39.88109" lon="-123.73382"/><rtept lat="39.88206" lon="-123.73429"/><rtept lat="39.88276" lon="-123.73474"/><rtept lat="39.88319" lon="-123.73507"/><rtept lat="39.88365" lon="-123.73534"/><rtept lat="39.88514" lon="-123.73605"/><rtept lat="39.88557" lon="-123.73633"/><rtept lat="39.88577" lon="-123.73648"/><rtept lat="39.88613" lon="-123.73682"/><rtept lat="39.88639" lon="-123.73713"/><rtept lat="39.88655" lon="-123.73735"/><rtept lat="39.88706" lon="-123.73818"/><rtept lat="39.88723" lon="-123.73851"/><rtept lat="39.88741" lon="-123.73912"/><rtept lat="39.88746" lon="-123.73939"/><rtept lat="39.88748" lon="-123.73967"/><rtept lat="39.88747" lon="-123.74018"/><rtept lat="39.88679" lon="-123.74477"/><rtept lat="39.88683" lon="-123.74536"/><rtept lat="39.88691" lon="-123.74614"/><rtept lat="39.88706" lon="-123.74678"/><rtept lat="39.88729" lon="-123.74726"/><rtept lat="39.88751" lon="-123.74752"/><rtept lat="39.88769" lon="-123.74763"/><rtept lat="39.88792" lon="-123.74773"/><rtept lat="39.88849" lon="-123.74788"/><rtept lat="39.88928" lon="-123.74804"/><rtept lat="39.88952" lon="-123.74807"/><rtept lat="39.89009" lon="-123.7481"/><rtept lat="39.89029" lon="-123.74813"/><rtept lat="39.89044" lon="-123.74819"/><rtept lat="39.89069" lon="-123.74838"/><rtept lat="39.89082" lon="-123.74854"/><rtept lat="39.89113" lon="-123.749"/><rtept lat="39.89127" lon="-123.74929"/><rtept lat="39.89136" lon="-123.74959"/><rtept lat="39.89143" lon="-123.74996"/><rtept lat="39.89153" lon="-123.75073"/><rtept lat="39.89173" lon="-123.75171"/><rtept lat="39.89181" lon="-123.75257"/><rtept lat="39.89184" lon="-123.75276"/><rtept lat="39.89196" lon="-123.75314"/><rtept lat="39.89216" lon="-123.7535"/><rtept lat="39.8924" lon="-123.75378"/><rtept lat="39.89252" lon="-123.75387"/><rtept lat="39.89268" lon="-123.75396"/><rtept lat="39.89286" lon="-123.75403"/><rtept lat="39.89323" lon="-123.75407"/><rtept lat="39.89343" lon="-123.75406"/><rtept lat="39.89478" lon="-123.75391"/><rtept lat="39.89499" lon="-123.75384"/><rtept lat="39.89519" lon="-123.75374"/><rtept lat="39.89534" lon="-123.75362"/><rtept lat="39.8956" lon="-123.75334"/><rtept lat="39.89573" lon="-123.75314"/><rtept lat="39.89584" lon="-123.7529"/><rtept lat="39.89618" lon="-123.75196"/><rtept lat="39.89633" lon="-123.75163"/><rtept lat="39.89657" lon="-123.75122"/><rtept lat="39.89684" lon="-123.75087"/><rtept lat="39.897" lon="-123.75073"/><rtept lat="39.89719" lon="-123.75063"/><rtept lat="39.89738" lon="-123.75056"/><rtept lat="39.89754" lon="-123.75053"/><rtept lat="39.89781" lon="-123.75057"/><rtept lat="39.89814" lon="-123.7507"/><rtept lat="39.89859" lon="-123.75098"/><rtept lat="39.8989" lon="-123.75122"/><rtept lat="39.89912" lon="-123.75145"/><rtept lat="39.89937" lon="-123.75175"/><rtept lat="39.89962" lon="-123.75215"/><rtept lat="39.9004" lon="-123.75397"/><rtept lat="39.90062" lon="-123.75437"/><rtept lat="39.9008" lon="-123.75459"/><rtept lat="39.9011" lon="-123.75479"/><rtept lat="39.90143" lon="-123.75483"/><rtept lat="39.9016" lon="-123.7548"/><rtept lat="39.90183" lon="-123.75468"/><rtept lat="39.90206" lon="-123.75444"/><rtept lat="39.90223" lon="-123.75411"/><rtept lat="39.90228" lon="-123.75391"/><rtept lat="39.9023" lon="-123.7537"/><rtept lat="39.90232" lon="-123.75292"/><rtept lat="39.90236" lon="-123.75264"/><rtept lat="39.90242" lon="-123.75236"/><rtept lat="39.90258" lon="-123.75177"/><rtept lat="39.90292" lon="-123.75088"/><rtept lat="39.90304" lon="-123.7507"/><rtept lat="39.90348" lon="-123.75016"/><rtept lat="39.90369" lon="-123.74992"/><rtept lat="39.90388" lon="-123.74974"/><rtept lat="39.90414" lon="-123.74956"/><rtept lat="39.90436" lon="-123.74944"/><rtept lat="39.9045" lon="-123.7494"/><rtept lat="39.90502" lon="-123.74936"/><rtept lat="39.90576" lon="-123.74946"/><rtept lat="39.90592" lon="-123.74951"/><rtept lat="39.90614" lon="-123.74965"/><rtept lat="39.90637" lon="-123.74983"/><rtept lat="39.90649" lon="-123.74996"/><rtept lat="39.90662" lon="-123.75021"/><rtept lat="39.90671" lon="-123.75044"/><rtept lat="39.9068" lon="-123.75076"/><rtept lat="39.90687" lon="-123.75112"/><rtept lat="39.907" lon="-123.75208"/><rtept lat="39.90728" lon="-123.75353"/><rtept lat="39.90732" lon="-123.7538"/><rtept lat="39.90733" lon="-123.75402"/><rtept lat="39.90732" lon="-123.75429"/><rtept lat="39.90725" lon="-123.75473"/><rtept lat="39.90712" lon="-123.75509"/><rtept lat="39.90633" lon="-123.75686"/><rtept lat="39.90621" lon="-123.75731"/><rtept lat="39.90621" lon="-123.75772"/><rtept lat="39.90625" lon="-123.75798"/><rtept lat="39.90633" lon="-123.75825"/><rtept lat="39.90649" lon="-123.75853"/><rtept lat="39.90667" lon="-123.75876"/><rtept lat="39.90678" lon="-123.75885"/><rtept lat="39.90698" lon="-123.75897"/><rtept lat="39.90708" lon="-123.75901"/><rtept lat="39.90731" lon="-123.75906"/><rtept lat="39.90749" lon="-123.75906"/><rtept lat="39.90767" lon="-123.75901"/><rtept lat="39.90788" lon="-123.75891"/><rtept lat="39.90806" lon="-123.75879"/><rtept lat="39.90921" lon="-123.75787"/><rtept lat="39.90957" lon="-123.75767"/><rtept lat="39.90984" lon="-123.75758"/><rtept lat="39.91015" lon="-123.75757"/><rtept lat="39.9104" lon="-123.75762"/><rtept lat="39.9107" lon="-123.75774"/><rtept lat="39.91108" lon="-123.75781"/><rtept lat="39.91149" lon="-123.75784"/><rtept lat="39.91173" lon="-123.75791"/><rtept lat="39.91302" lon="-123.75863"/><rtept lat="39.91333" lon="-123.75897"/><rtept lat="39.91355" lon="-123.75931"/><rtept lat="39.91372" lon="-123.75977"/><rtept lat="39.91387" lon="-123.76004"/><rtept lat="39.91406" lon="-123.76032"/><rtept lat="39.9144" lon="-123.76066"/><rtept lat="39.91459" lon="-123.76088"/><rtept lat="39.91473" lon="-123.76109"/><rtept lat="39.91486" lon="-123.76136"/><rtept lat="39.91499" lon="-123.76183"/><rtept lat="39.9152" lon="-123.76311"/><rtept lat="39.91534" lon="-123.76359"/><rtept lat="39.91624" lon="-123.76592"/><rtept lat="39.91652" lon="-123.76646"/><rtept lat="39.91673" lon="-123.76676"/><rtept lat="39.91696" lon="-123.76703"/><rtept lat="39.9171" lon="-123.76716"/><rtept lat="39.91752" lon="-123.76735"/><rtept lat="39.91783" lon="-123.76743"/><rtept lat="39.91821" lon="-123.76741"/><rtept lat="39.91849" lon="-123.76732"/><rtept lat="39.91874" lon="-123.76716"/><rtept lat="39.91889" lon="-123.76703"/><rtept lat="39.91906" lon="-123.76678"/><rtept lat="39.91925" lon="-123.76632"/><rtept lat="39.91944" lon="-123.76557"/><rtept lat="39.91955" lon="-123.76527"/><rtept lat="39.91983" lon="-123.76477"/><rtept lat="39.92002" lon="-123.76455"/><rtept lat="39.92136" lon="-123.76321"/><rtept lat="39.92284" lon="-123.7616"/><rtept lat="39.92329" lon="-123.76129"/><rtept lat="39.9235" lon="-123.76118"/><rtept lat="39.9237" lon="-123.7611"/><rtept lat="39.92408" lon="-123.76101"/><rtept lat="39.92444" lon="-123.76096"/><rtept lat="39.92526" lon="-123.7609"/><rtept lat="39.92621" lon="-123.7608"/><rtept lat="39.92728" lon="-123.76073"/><rtept lat="39.92765" lon="-123.76076"/><rtept lat="39.92802" lon="-123.76085"/><rtept lat="39.92841" lon="-123.76099"/><rtept lat="39.92873" lon="-123.76115"/><rtept lat="39.92904" lon="-123.76136"/><rtept lat="39.92954" lon="-123.76182"/><rtept lat="39.93106" lon="-123.76352"/><rtept lat="39.93143" lon="-123.76399"/><rtept lat="39.9317" lon="-123.76437"/><rtept lat="39.93204" lon="-123.76494"/><rtept lat="39.93246" lon="-123.76585"/><rtept lat="39.93352" lon="-123.76893"/><rtept lat="39.93378" lon="-123.76955"/><rtept lat="39.93437" lon="-123.77056"/><rtept lat="39.93456" lon="-123.77082"/><rtept lat="39.93962" lon="-123.7769"/><rtept lat="39.94003" lon="-123.77732"/><rtept lat="39.94037" lon="-123.77761"/><rtept lat="39.94075" lon="-123.77784"/><rtept lat="39.94122" lon="-123.77808"/><rtept lat="39.94778" lon="-123.78086"/><rtept lat="39.94833" lon="-123.78103"/><rtept lat="39.94897" lon="-123.78116"/><rtept lat="39.94928" lon="-123.78118"/><rtept lat="39.94991" lon="-123.78119"/><rtept lat="39.95062" lon="-123.7811"/><rtept lat="39.9511" lon="-123.78098"/><rtept lat="39.95164" lon="-123.78081"/><rtept lat="39.953" lon="-123.78023"/><rtept lat="39.9539" lon="-123.77996"/><rtept lat="39.95436" lon="-123.77992"/><rtept lat="39.95489" lon="-123.77992"/><rtept lat="39.95526" lon="-123.77994"/><rtept lat="39.95571" lon="-123.78002"/><rtept lat="39.95609" lon="-123.78012"/><rtept lat="39.957" lon="-123.7805"/><rtept lat="39.95753" lon="-123.78084"/><rtept lat="39.95792" lon="-123.78113"/><rtept lat="39.95827" lon="-123.78146"/><rtept lat="39.95863" lon="-123.78184"/><rtept lat="39.95891" lon="-123.78219"/><rtept lat="39.95925" lon="-123.7827"/><rtept lat="39.96015" lon="-123.78416"/><rtept lat="39.9614" lon="-123.78613"/><rtept lat="39.96204" lon="-123.78728"/><rtept lat="39.96257" lon="-123.78858"/><rtept lat="39.96278" lon="-123.78917"/><rtept lat="39.96328" lon="-123.7909"/><rtept lat="39.96366" lon="-123.79198"/><rtept lat="39.96387" lon="-123.7924"/><rtept lat="39.96415" lon="-123.79289"/><rtept lat="39.96481" lon="-123.7939"/><rtept lat="39.96539" lon="-123.79458"/><rtept lat="39.96564" lon="-123.79483"/><rtept lat="39.96645" lon="-123.79547"/><rtept lat="39.96738" lon="-123.79604"/><rtept lat="39.96903" lon="-123.79692"/><rtept lat="39.97561" lon="-123.80061"/><rtept lat="39.97637" lon="-123.80096"/><rtept lat="39.97862" lon="-123.80188"/><rtept lat="39.97974" lon="-123.80228"/><rtept lat="39.98008" lon="-123.80237"/><rtept lat="39.98046" lon="-123.8024"/><rtept lat="39.98095" lon="-123.8024"/><rtept lat="39.98153" lon="-123.80228"/><rtept lat="39.98201" lon="-123.80212"/><rtept lat="39.98272" lon="-123.80173"/><rtept lat="39.9832" lon="-123.80132"/><rtept lat="39.98378" lon="-123.80068"/><rtept lat="39.98401" lon="-123.80033"/><rtept lat="39.98425" lon="-123.79991"/><rtept lat="39.98498" lon="-123.79818"/><rtept lat="39.98523" lon="-123.79763"/><rtept lat="39.9855" lon="-123.79713"/><rtept lat="39.98599" lon="-123.79644"/><rtept lat="39.98628" lon="-123.79611"/><rtept lat="39.98663" lon="-123.79575"/><rtept lat="39.98795" lon="-123.79448"/><rtept lat="39.98825" lon="-123.79414"/><rtept lat="39.98852" lon="-123.79377"/><rtept lat="39.98877" lon="-123.79332"/><rtept lat="39.98902" lon="-123.79273"/><rtept lat="39.98975" lon="-123.79075"/><rtept lat="39.98995" lon="-123.79031"/><rtept lat="39.9902" lon="-123.78992"/><rtept lat="39.99056" lon="-123.78947"/><rtept lat="39.99121" lon="-123.78894"/><rtept lat="39.99157" lon="-123.78875"/><rtept lat="39.99193" lon="-123.7886"/><rtept lat="39.99226" lon="-123.78852"/><rtept lat="39.99276" lon="-123.7885"/><rtept lat="39.99523" lon="-123.78858"/><rtept lat="39.99561" lon="-123.78855"/><rtept lat="39.99598" lon="-123.78848"/><rtept lat="39.99637" lon="-123.78837"/><rtept lat="39.99684" lon="-123.78819"/><rtept lat="39.99731" lon="-123.78792"/><rtept lat="39.99768" lon="-123.78764"/><rtept lat="39.99805" lon="-123.78731"/><rtept lat="39.99929" lon="-123.7859"/><rtept lat="40.0008" lon="-123.78409"/><rtept lat="40.00122" lon="-123.78365"/><rtept lat="40.0015" lon="-123.78345"/><rtept lat="40.00191" lon="-123.78325"/><rtept lat="40.00207" lon="-123.7832"/><rtept lat="40.00224" lon="-123.78318"/><rtept lat="40.00297" lon="-123.78317"/><rtept lat="40.00337" lon="-123.78318"/><rtept lat="40.00364" lon="-123.78323"/><rtept lat="40.00382" lon="-123.78329"/><rtept lat="40.00399" lon="-123.78338"/><rtept lat="40.00429" lon="-123.78362"/><rtept lat="40.00442" lon="-123.78376"/><rtept lat="40.00463" lon="-123.78405"/><rtept lat="40.00483" lon="-123.78447"/><rtept lat="40.00489" lon="-123.78465"/><rtept lat="40.005" lon="-123.78513"/><rtept lat="40.00522" lon="-123.78635"/><rtept lat="40.0053" lon="-123.78662"/><rtept lat="40.00549" lon="-123.78707"/><rtept lat="40.00567" lon="-123.78735"/><rtept lat="40.00583" lon="-123.78756"/><rtept lat="40.00604" lon="-123.78775"/><rtept lat="40.00701" lon="-123.78849"/><rtept lat="40.00804" lon="-123.7894"/><rtept lat="40.00841" lon="-123.78969"/><rtept lat="40.00881" lon="-123.78994"/><rtept lat="40.00937" lon="-123.79019"/><rtept lat="40.00972" lon="-123.7903"/><rtept lat="40.01051" lon="-123.7906"/><rtept lat="40.0111" lon="-123.79085"/><rtept lat="40.0115" lon="-123.79099"/><rtept lat="40.01187" lon="-123.79108"/><rtept lat="40.01198" lon="-123.79109"/><rtept lat="40.01218" lon="-123.79108"/><rtept lat="40.01265" lon="-123.79094"/><rtept lat="40.01281" lon="-123.79092"/><rtept lat="40.01323" lon="-123.79092"/><rtept lat="40.01336" lon="-123.79095"/><rtept lat="40.01371" lon="-123.79111"/><rtept lat="40.01396" lon="-123.79129"/><rtept lat="40.01425" lon="-123.79145"/><rtept lat="40.01441" lon="-123.7915"/><rtept lat="40.01462" lon="-123.79154"/><rtept lat="40.01502" lon="-123.79153"/><rtept lat="40.01574" lon="-123.79132"/><rtept lat="40.01618" lon="-123.79131"/><rtept lat="40.01686" lon="-123.79136"/><rtept lat="40.01765" lon="-123.79136"/><rtept lat="40.01832" lon="-123.79125"/><rtept lat="40.01873" lon="-123.79128"/><rtept lat="40.0191" lon="-123.7914"/><rtept lat="40.01941" lon="-123.7916"/><rtept lat="40.01966" lon="-123.79179"/><rtept lat="40.01999" lon="-123.79213"/><rtept lat="40.0202" lon="-123.79228"/><rtept lat="40.0207" lon="-123.79286"/><rtept lat="40.02102" lon="-123.79316"/><rtept lat="40.0213" lon="-123.79334"/><rtept lat="40.02194" lon="-123.79355"/><rtept lat="40.02239" lon="-123.79374"/><rtept lat="40.02255" lon="-123.79384"/><rtept lat="40.02273" lon="-123.79392"/><rtept lat="40.02291" lon="-123.79398"/><rtept lat="40.0238" lon="-123.79414"/><rtept lat="40.02402" lon="-123.79413"/><rtept lat="40.02464" lon="-123.79403"/><rtept lat="40.02559" lon="-123.79375"/><rtept lat="40.02588" lon="-123.7937"/><rtept lat="40.02731" lon="-123.79364"/><rtept lat="40.02767" lon="-123.79366"/><rtept lat="40.02796" lon="-123.79375"/><rtept lat="40.02834" lon="-123.79395"/><rtept lat="40.02852" lon="-123.79399"/><rtept lat="40.029" lon="-123.79395"/><rtept lat="40.02998" lon="-123.79392"/><rtept lat="40.03143" lon="-123.79372"/><rtept lat="40.03184" lon="-123.79365"/><rtept lat="40.03207" lon="-123.79358"/><rtept lat="40.03247" lon="-123.79336"/><rtept lat="40.03268" lon="-123.79327"/><rtept lat="40.03332" lon="-123.79317"/><rtept lat="40.0338" lon="-123.79314"/><rtept lat="40.0341" lon="-123.79307"/><rtept lat="40.03424" lon="-123.793"/><rtept lat="40.03445" lon="-123.79276"/><rtept lat="40.03525" lon="-123.79131"/><rtept lat="40.03537" lon="-123.79091"/><rtept lat="40.03555" lon="-123.79018"/><rtept lat="40.03556" lon="-123.78974"/><rtept lat="40.03554" lon="-123.78921"/><rtept lat="40.03543" lon="-123.78826"/><rtept lat="40.0353" lon="-123.78775"/><rtept lat="40.03517" lon="-123.78738"/><rtept lat="40.03472" lon="-123.7863"/><rtept lat="40.03442" lon="-123.78565"/><rtept lat="40.03423" lon="-123.78536"/><rtept lat="40.03378" lon="-123.78489"/><rtept lat="40.03344" lon="-123.78448"/><rtept lat="40.03301" lon="-123.78391"/><rtept lat="40.0328" lon="-123.78357"/><rtept lat="40.03259" lon="-123.78316"/><rtept lat="40.03244" lon="-123.78276"/><rtept lat="40.03224" lon="-123.78232"/><rtept lat="40.03211" lon="-123.78199"/><rtept lat="40.032" lon="-123.78163"/><rtept lat="40.03184" lon="-123.78081"/><rtept lat="40.03183" lon="-123.78017"/><rtept lat="40.03189" lon="-123.77958"/><rtept lat="40.03196" lon="-123.77915"/><rtept lat="40.03207" lon="-123.77868"/><rtept lat="40.03223" lon="-123.77813"/><rtept lat="40.03258" lon="-123.77735"/><rtept lat="40.0328" lon="-123.77697"/><rtept lat="40.03302" lon="-123.77669"/><rtept lat="40.03322" lon="-123.77647"/><rtept lat="40.03359" lon="-123.77614"/><rtept lat="40.03397" lon="-123.7759"/><rtept lat="40.03433" lon="-123.77575"/><rtept lat="40.03464" lon="-123.77566"/><rtept lat="40.03498" lon="-123.77561"/><rtept lat="40.03541" lon="-123.77559"/><rtept lat="40.03574" lon="-123.77559"/><rtept lat="40.03599" lon="-123.77561"/><rtept lat="40.03636" lon="-123.77569"/><rtept lat="40.03695" lon="-123.77595"/><rtept lat="40.03716" lon="-123.77608"/><rtept lat="40.03757" lon="-123.77638"/><rtept lat="40.04234" lon="-123.78025"/><rtept lat="40.04334" lon="-123.78112"/><rtept lat="40.04501" lon="-123.78239"/><rtept lat="40.04544" lon="-123.78278"/><rtept lat="40.04581" lon="-123.78315"/><rtept lat="40.0461" lon="-123.78348"/><rtept lat="40.04639" lon="-123.78385"/><rtept lat="40.04686" lon="-123.78457"/><rtept lat="40.04705" lon="-123.7849"/><rtept lat="40.04745" lon="-123.78578"/><rtept lat="40.04769" lon="-123.78641"/><rtept lat="40.04792" lon="-123.78716"/><rtept lat="40.04816" lon="-123.78803"/><rtept lat="40.04851" lon="-123.78917"/><rtept lat="40.04868" lon="-123.78964"/><rtept lat="40.04889" lon="-123.79012"/><rtept lat="40.0491" lon="-123.79052"/><rtept lat="40.04933" lon="-123.79089"/><rtept lat="40.04961" lon="-123.79126"/><rtept lat="40.04987" lon="-123.79154"/><rtept lat="40.05017" lon="-123.79182"/><rtept lat="40.05081" lon="-123.7923"/><rtept lat="40.05119" lon="-123.79249"/><rtept lat="40.05156" lon="-123.79265"/><rtept lat="40.05222" lon="-123.79282"/><rtept lat="40.05258" lon="-123.79285"/><rtept lat="40.053" lon="-123.79285"/><rtept lat="40.05336" lon="-123.79281"/><rtept lat="40.0537" lon="-123.79274"/><rtept lat="40.05405" lon="-123.79263"/><rtept lat="40.05454" lon="-123.79242"/><rtept lat="40.05485" lon="-123.79223"/><rtept lat="40.05512" lon="-123.79204"/><rtept lat="40.05547" lon="-123.79176"/><rtept lat="40.05581" lon="-123.79142"/><rtept lat="40.05607" lon="-123.79112"/><rtept lat="40.05634" lon="-123.79074"/><rtept lat="40.05654" lon="-123.79042"/><rtept lat="40.0573" lon="-123.78897"/><rtept lat="40.05962" lon="-123.78472"/><rtept lat="40.05982" lon="-123.78444"/><rtept lat="40.06001" lon="-123.78421"/><rtept lat="40.06028" lon="-123.78395"/><rtept lat="40.06055" lon="-123.78375"/><rtept lat="40.06091" lon="-123.78354"/><rtept lat="40.0615" lon="-123.78333"/><rtept lat="40.06175" lon="-123.78329"/><rtept lat="40.06198" lon="-123.78328"/><rtept lat="40.06248" lon="-123.78332"/><rtept lat="40.06293" lon="-123.78345"/><rtept lat="40.06311" lon="-123.78354"/><rtept lat="40.06354" lon="-123.7838"/><rtept lat="40.06385" lon="-123.78407"/><rtept lat="40.06408" lon="-123.78432"/><rtept lat="40.06456" lon="-123.78495"/><rtept lat="40.06518" lon="-123.78587"/><rtept lat="40.06598" lon="-123.7871"/><rtept lat="40.06623" lon="-123.78745"/><rtept lat="40.06643" lon="-123.7877"/><rtept lat="40.06671" lon="-123.788"/><rtept lat="40.067" lon="-123.78825"/><rtept lat="40.06728" lon="-123.78845"/><rtept lat="40.0675" lon="-123.78863"/><rtept lat="40.06897" lon="-123.78941"/><rtept lat="40.07056" lon="-123.79023"/><rtept lat="40.07104" lon="-123.79044"/><rtept lat="40.0725" lon="-123.79088"/><rtept lat="40.07329" lon="-123.79108"/><rtept lat="40.07361" lon="-123.79111"/><rtept lat="40.074" lon="-123.79106"/><rtept lat="40.07424" lon="-123.79101"/><rtept lat="40.0745" lon="-123.79093"/><rtept lat="40.07714" lon="-123.78965"/><rtept lat="40.07749" lon="-123.78952"/><rtept lat="40.07783" lon="-123.78944"/><rtept lat="40.07818" lon="-123.78941"/><rtept lat="40.07849" lon="-123.78943"/><rtept lat="40.07882" lon="-123.78949"/><rtept lat="40.07914" lon="-123.78961"/><rtept lat="40.08051" lon="-123.79028"/><rtept lat="40.08095" lon="-123.79046"/><rtept lat="40.08132" lon="-123.79057"/><rtept lat="40.08165" lon="-123.79061"/><rtept lat="40.08216" lon="-123.79063"/><rtept lat="40.08298" lon="-123.79052"/><rtept lat="40.08382" lon="-123.79037"/><rtept lat="40.08599" lon="-123.7899"/><rtept lat="40.08643" lon="-123.78983"/><rtept lat="40.08708" lon="-123.78981"/><rtept lat="40.08754" lon="-123.78988"/><rtept lat="40.08801" lon="-123.78998"/><rtept lat="40.09038" lon="-123.79058"/><rtept lat="40.09097" lon="-123.79077"/><rtept lat="40.09126" lon="-123.79082"/><rtept lat="40.09178" lon="-123.7911"/><rtept lat="40.09234" lon="-123.79159"/><rtept lat="40.09266" lon="-123.79192"/><rtept lat="40.09407" lon="-123.79376"/><rtept lat="40.09448" lon="-123.79423"/><rtept lat="40.0949" lon="-123.79459"/><rtept lat="40.09536" lon="-123.79492"/><rtept lat="40.09707" lon="-123.79603"/><rtept lat="40.09764" lon="-123.79635"/><rtept lat="40.09838" lon="-123.79663"/><rtept lat="40.09882" lon="-123.79675"/><rtept lat="40.09914" lon="-123.7968"/><rtept lat="40.09948" lon="-123.79683"/><rtept lat="40.09992" lon="-123.79684"/><rtept lat="40.10036" lon="-123.79683"/><rtept lat="40.10108" lon="-123.79669"/><rtept lat="40.10194" lon="-123.79622"/><rtept lat="40.10239" lon="-123.79601"/><rtept lat="40.10316" lon="-123.79559"/><rtept lat="40.10328" lon="-123.7955"/><rtept lat="40.1035" lon="-123.79522"/><rtept lat="40.10418" lon="-123.79584"/><rtept lat="40.10456" lon="-123.79613"/><rtept lat="40.10484" lon="-123.79628"/><rtept lat="40.105" lon="-123.79633"/><rtept lat="40.10516" lon="-123.79636"/><rtept lat="40.10533" lon="-123.79637"/><rtept lat="40.10554" lon="-123.79635"/><rtept lat="40.10642" lon="-123.79615"/><rtept lat="40.1075" lon="-123.79594"/><rtept lat="40.10785" lon="-123.79581"/><rtept lat="40.10803" lon="-123.79569"/><rtept lat="40.10863" lon="-123.79514"/><rtept lat="40.10893" lon="-123.79494"/><rtept lat="40.10923" lon="-123.79479"/><rtept lat="40.10972" lon="-123.79463"/><rtept lat="40.10984" lon="-123.79461"/><rtept lat="40.11052" lon="-123.79456"/><rtept lat="40.11099" lon="-123.79457"/><rtept lat="40.11255" lon="-123.79447"/><rtept lat="40.113" lon="-123.79449"/><rtept lat="40.11323" lon="-123.79453"/><rtept lat="40.11464" lon="-123.79491"/><rtept lat="40.11485" lon="-123.79501"/><rtept lat="40.11522" lon="-123.79527"/><rtept lat="40.11557" lon="-123.79555"/><rtept lat="40.11574" lon="-123.79574"/><rtept lat="40.11588" lon="-123.79597"/><rtept lat="40.11637" lon="-123.79687"/><rtept lat="40.11661" lon="-123.79735"/><rtept lat="40.11667" lon="-123.79753"/><rtept lat="40.11673" lon="-123.79788"/><rtept lat="40.11683" lon="-123.79893"/><rtept lat="40.11685" lon="-123.79957"/><rtept lat="40.11682" lon="-123.79999"/><rtept lat="40.11641" lon="-123.80351"/><rtept lat="40.11632" lon="-123.80442"/><rtept lat="40.116" lon="-123.80671"/><rtept lat="40.11546" lon="-123.81009"/><rtept lat="40.11517" lon="-123.81143"/><rtept lat="40.11513" lon="-123.81185"/><rtept lat="40.11515" lon="-123.81282"/><rtept lat="40.11523" lon="-123.81363"/><rtept lat="40.11537" lon="-123.81425"/><rtept lat="40.11604" lon="-123.8163"/><rtept lat="40.11664" lon="-123.81783"/><rtept lat="40.11695" lon="-123.81869"/><rtept lat="40.11715" lon="-123.81914"/><rtept lat="40.11793" lon="-123.82035"/><rtept lat="40.11844" lon="-123.82107"/><rtept lat="40.11936" lon="-123.82227"/><rtept lat="40.11974" lon="-123.82268"/><rtept lat="40.12093" lon="-123.82385"/><rtept lat="40.12086" lon="-123.82418"/><rtept lat="40.12083" lon="-123.82534"/><rtept lat="40.12081" lon="-123.82793"/><rtept lat="40.12079" lon="-123.82841"/><rtept lat="40.12081" lon="-123.8297"/><rtept lat="40.12078" lon="-123.83089"/><rtept lat="40.12083" lon="-123.831"/><rtept lat="40.12094" lon="-123.83111"/><rtept lat="40.12121" lon="-123.8312"/><rtept lat="40.12135" lon="-123.8312"/><rtept lat="40.12149" lon="-123.83116"/><rtept lat="40.12165" lon="-123.83106"/><rtept lat="40.12209" lon="-123.83083"/><rtept lat="40.12226" lon="-123.83084"/><rtept lat="40.12275" lon="-123.83073"/><rtept lat="40.12308" lon="-123.83044"/><rtept lat="40.12348" lon="-123.83014"/><rtept lat="40.12363" lon="-123.83013"/><rtept lat="40.12377" lon="-123.83021"/><rtept lat="40.12389" lon="-123.83029"/><rtept lat="40.12399" lon="-123.83045"/><rtept lat="40.12403" lon="-123.83063"/><rtept lat="40.12407" lon="-123.83097"/><rtept lat="40.12423" lon="-123.83153"/><rtept lat="40.12423" lon="-123.83161"/><rtept lat="40.12419" lon="-123.83181"/><rtept lat="40.1241" lon="-123.832"/><rtept lat="40.124" lon="-123.83276"/><rtept lat="40.12396" lon="-123.83284"/><rtept lat="40.12391" lon="-123.83289"/><rtept lat="40.12374" lon="-123.83295"/><rtept lat="40.12359" lon="-123.83295"/><rtept lat="40.12316" lon="-123.83283"/><rtept lat="40.12291" lon="-123.83285"/><rtept lat="40.12264" lon="-123.83297"/><rtept lat="40.1222" lon="-123.83344"/><rtept lat="40.1221" lon="-123.8336"/><rtept lat="40.12207" lon="-123.83385"/><rtept lat="40.12207" lon="-123.83434"/><rtept lat="40.1221" lon="-123.83469"/><rtept lat="40.12215" lon="-123.83758"/><rtept lat="40.12219" lon="-123.83773"/><rtept lat="40.12226" lon="-123.83787"/><rtept lat="40.12288" lon="-123.83888"/><rtept lat="40.12291" lon="-123.839"/><rtept lat="40.12292" lon="-123.83929"/><rtept lat="40.12288" lon="-123.83945"/><rtept lat="40.12278" lon="-123.83966"/><rtept lat="40.12228" lon="-123.8402"/><rtept lat="40.12204" lon="-123.84053"/><rtept lat="40.122" lon="-123.84077"/><rtept lat="40.12203" lon="-123.84093"/><rtept lat="40.12221" lon="-123.84115"/><rtept lat="40.1224" lon="-123.84145"/><rtept lat="40.12321" lon="-123.84298"/><rtept lat="40.12328" lon="-123.84319"/><rtept lat="40.12355" lon="-123.84452"/><rtept lat="40.12366" lon="-123.84495"/><rtept lat="40.12381" lon="-123.84523"/><rtept lat="40.12392" lon="-123.84532"/><rtept lat="40.12404" lon="-123.84539"/><rtept lat="40.12417" lon="-123.84543"/><rtept lat="40.12486" lon="-123.84542"/><rtept lat="40.12501" lon="-123.84538"/><rtept lat="40.1252" lon="-123.84525"/><rtept lat="40.12541" lon="-123.84499"/><rtept lat="40.12552" lon="-123.84493"/><rtept lat="40.12559" lon="-123.84492"/><rtept lat="40.1257" lon="-123.84494"/><rtept lat="40.12629" lon="-123.84538"/><rtept lat="40.12644" lon="-123.84551"/><rtept lat="40.12687" lon="-123.84594"/><rtept lat="40.12698" lon="-123.84608"/><rtept lat="40.12716" lon="-123.8464"/><rtept lat="40.12724" lon="-123.8466"/><rtept lat="40.12728" lon="-123.84677"/><rtept lat="40.12729" lon="-123.84693"/><rtept lat="40.12728" lon="-123.84709"/><rtept lat="40.12722" lon="-123.84741"/><rtept lat="40.12716" lon="-123.84755"/><rtept lat="40.12707" lon="-123.84766"/><rtept lat="40.12693" lon="-123.84778"/><rtept lat="40.12615" lon="-123.84826"/><rtept lat="40.12611" lon="-123.8483"/><rtept lat="40.12602" lon="-123.84846"/><rtept lat="40.12598" lon="-123.84857"/><rtept lat="40.12596" lon="-123.84876"/><rtept lat="40.12597" lon="-123.84897"/><rtept lat="40.1265" lon="-123.85052"/><rtept lat="40.12748" lon="-123.85302"/><rtept lat="40.1276" lon="-123.85323"/><rtept lat="40.12774" lon="-123.8534"/><rtept lat="40.12783" lon="-123.85347"/><rtept lat="40.1283" lon="-123.85371"/><rtept lat="40.12839" lon="-123.85377"/><rtept lat="40.12846" lon="-123.85385"/><rtept lat="40.1289" lon="-123.85477"/><rtept lat="40.12949" lon="-123.85617"/><rtept lat="40.12975" lon="-123.85682"/><rtept lat="40.12985" lon="-123.85715"/><rtept lat="40.12995" lon="-123.85757"/><rtept lat="40.12998" lon="-123.85791"/><rtept lat="40.12994" lon="-123.8585"/><rtept lat="40.12983" lon="-123.85923"/><rtept lat="40.12972" lon="-123.86067"/><rtept lat="40.12961" lon="-123.8612"/><rtept lat="40.12933" lon="-123.86211"/><rtept lat="40.12927" lon="-123.86243"/><rtept lat="40.12926" lon="-123.86429"/><rtept lat="40.12924" lon="-123.86445"/><rtept lat="40.12913" lon="-123.86476"/><rtept lat="40.1291" lon="-123.86496"/><rtept lat="40.12913" lon="-123.86557"/><rtept lat="40.12911" lon="-123.86591"/><rtept lat="40.12906" lon="-123.86613"/><rtept lat="40.12897" lon="-123.86633"/><rtept lat="40.12889" lon="-123.86644"/><rtept lat="40.12877" lon="-123.86655"/><rtept lat="40.12864" lon="-123.86663"/><rtept lat="40.12786" lon="-123.86687"/><rtept lat="40.12661" lon="-123.86733"/><rtept lat="40.12655" lon="-123.86738"/><rtept lat="40.12648" lon="-123.86748"/><rtept lat="40.12635" lon="-123.86771"/><rtept lat="40.12618" lon="-123.86826"/><rtept lat="40.12602" lon="-123.86863"/><rtept lat="40.12593" lon="-123.86888"/><rtept lat="40.12592" lon="-123.86916"/><rtept lat="40.12595" lon="-123.86936"/><rtept lat="40.12622" lon="-123.87006"/><rtept lat="40.12626" lon="-123.87025"/><rtept lat="40.12626" lon="-123.87042"/><rtept lat="40.12619" lon="-123.87071"/><rtept lat="40.12602" lon="-123.87096"/><rtept lat="40.12593" lon="-123.87103"/><rtept lat="40.12562" lon="-123.8712"/><rtept lat="40.12543" lon="-123.87137"/><rtept lat="40.12519" lon="-123.87182"/><rtept lat="40.12494" lon="-123.87219"/><rtept lat="40.12468" lon="-123.87273"/><rtept lat="40.12464" lon="-123.87297"/><rtept lat="40.12464" lon="-123.8734"/><rtept lat="40.12462" lon="-123.8736"/><rtept lat="40.12456" lon="-123.87383"/><rtept lat="40.12445" lon="-123.87408"/><rtept lat="40.12433" lon="-123.87426"/><rtept lat="40.12389" lon="-123.87471"/><rtept lat="40.12377" lon="-123.87486"/><rtept lat="40.12369" lon="-123.875"/><rtept lat="40.12364" lon="-123.87513"/><rtept lat="40.12359" lon="-123.87545"/><rtept lat="40.12363" lon="-123.87668"/><rtept lat="40.12359" lon="-123.8769"/><rtept lat="40.12353" lon="-123.87712"/><rtept lat="40.12337" lon="-123.87744"/><rtept lat="40.123" lon="-123.87793"/><rtept lat="40.12287" lon="-123.87813"/><rtept lat="40.12271" lon="-123.87844"/><rtept lat="40.12258" lon="-123.87887"/><rtept lat="40.12255" lon="-123.87908"/><rtept lat="40.12249" lon="-123.87931"/><rtept lat="40.12246" lon="-123.88055"/><rtept lat="40.12239" lon="-123.88084"/><rtept lat="40.12233" lon="-123.88099"/><rtept lat="40.12171" lon="-123.88209"/><rtept lat="40.12129" lon="-123.88278"/><rtept lat="40.12022" lon="-123.88411"/><rtept lat="40.12" lon="-123.88427"/><rtept lat="40.11989" lon="-123.8843"/><rtept lat="40.11973" lon="-123.88429"/><rtept lat="40.11957" lon="-123.88421"/><rtept lat="40.11927" lon="-123.88399"/><rtept lat="40.11909" lon="-123.88391"/><rtept lat="40.11895" lon="-123.88389"/><rtept lat="40.11881" lon="-123.88391"/><rtept lat="40.11856" lon="-123.88402"/><rtept lat="40.11806" lon="-123.88441"/><rtept lat="40.11758" lon="-123.88472"/><rtept lat="40.11751" lon="-123.8848"/><rtept lat="40.11732" lon="-123.88518"/><rtept lat="40.11726" lon="-123.88527"/><rtept lat="40.11718" lon="-123.88534"/><rtept lat="40.11709" lon="-123.88539"/><rtept lat="40.11668" lon="-123.88553"/><rtept lat="40.11652" lon="-123.8856"/><rtept lat="40.11643" lon="-123.8857"/><rtept lat="40.11616" lon="-123.88629"/><rtept lat="40.11596" lon="-123.88651"/><rtept lat="40.11589" lon="-123.88655"/><rtept lat="40.11578" lon="-123.88657"/><rtept lat="40.11566" lon="-123.88655"/><rtept lat="40.11535" lon="-123.88635"/><rtept lat="40.11526" lon="-123.88632"/><rtept lat="40.11516" lon="-123.88633"/><rtept lat="40.11491" lon="-123.88644"/><rtept lat="40.1146" lon="-123.88666"/><rtept lat="40.11448" lon="-123.88679"/><rtept lat="40.11429" lon="-123.88707"/><rtept lat="40.11422" lon="-123.8872"/><rtept lat="40.1141" lon="-123.8876"/><rtept lat="40.11403" lon="-123.88802"/><rtept lat="40.11388" lon="-123.88976"/><rtept lat="40.11381" lon="-123.88992"/><rtept lat="40.11375" lon="-123.88997"/><rtept lat="40.11337" lon="-123.89012"/><rtept lat="40.11304" lon="-123.89034"/><rtept lat="40.11294" lon="-123.89037"/><rtept lat="40.11276" lon="-123.89037"/><rtept lat="40.11237" lon="-123.89032"/><rtept lat="40.11225" lon="-123.89034"/><rtept lat="40.11167" lon="-123.89058"/><rtept lat="40.11143" lon="-123.8907"/><rtept lat="40.11115" lon="-123.89097"/><rtept lat="40.11069" lon="-123.89131"/><rtept lat="40.11059" lon="-123.89143"/><rtept lat="40.1105" lon="-123.8916"/><rtept lat="40.11047" lon="-123.89172"/><rtept lat="40.11049" lon="-123.89204"/><rtept lat="40.11082" lon="-123.89433"/><rtept lat="40.1109" lon="-123.89476"/><rtept lat="40.11092" lon="-123.89509"/><rtept lat="40.11102" lon="-123.89562"/><rtept lat="40.11108" lon="-123.89686"/><rtept lat="40.11108" lon="-123.89702"/><rtept lat="40.11104" lon="-123.89713"/><rtept lat="40.111" lon="-123.8972"/><rtept lat="40.11056" lon="-123.89752"/><rtept lat="40.11011" lon="-123.8978"/><rtept lat="40.10956" lon="-123.89819"/><rtept lat="40.10866" lon="-123.89899"/><rtept lat="40.1083" lon="-123.89934"/><rtept lat="40.10821" lon="-123.89969"/><rtept lat="40.10812" lon="-123.90116"/><rtept lat="40.1081" lon="-123.90125"/><rtept lat="40.1069" lon="-123.90328"/><rtept lat="40.10671" lon="-123.90347"/><rtept lat="40.10607" lon="-123.90382"/><rtept lat="40.10565" lon="-123.90392"/><rtept lat="40.1053" lon="-123.9041"/><rtept lat="40.10521" lon="-123.90417"/><rtept lat="40.10507" lon="-123.90433"/><rtept lat="40.10474" lon="-123.90493"/><rtept lat="40.10464" lon="-123.90513"/><rtept lat="40.10442" lon="-123.9058"/><rtept lat="40.10433" lon="-123.90603"/><rtept lat="40.10415" lon="-123.90625"/><rtept lat="40.10403" lon="-123.90632"/><rtept lat="40.10325" lon="-123.90662"/><rtept lat="40.10264" lon="-123.90726"/><rtept lat="40.10256" lon="-123.9073"/><rtept lat="40.10249" lon="-123.90731"/><rtept lat="40.10224" lon="-123.90721"/><rtept lat="40.10213" lon="-123.9072"/><rtept lat="40.10202" lon="-123.90724"/><rtept lat="40.10193" lon="-123.90732"/><rtept lat="40.10187" lon="-123.90743"/><rtept lat="40.10174" lon="-123.90776"/><rtept lat="40.10171" lon="-123.90788"/><rtept lat="40.10171" lon="-123.90853"/><rtept lat="40.10169" lon="-123.90863"/><rtept lat="40.10158" lon="-123.9089"/><rtept lat="40.10133" lon="-123.90933"/><rtept lat="40.1013" lon="-123.90944"/><rtept lat="40.10129" lon="-123.90957"/><rtept lat="40.10141" lon="-123.90988"/><rtept lat="40.10144" lon="-123.91"/><rtept lat="40.10143" lon="-123.91012"/><rtept lat="40.1014" lon="-123.91023"/><rtept lat="40.10135" lon="-123.91031"/><rtept lat="40.10127" lon="-123.91038"/><rtept lat="40.10118" lon="-123.91041"/><rtept lat="40.1011" lon="-123.91041"/><rtept lat="40.10094" lon="-123.91037"/><rtept lat="40.10089" lon="-123.91038"/><rtept lat="40.10081" lon="-123.91043"/><rtept lat="40.10061" lon="-123.91066"/><rtept lat="40.10047" lon="-123.91072"/><rtept lat="40.10031" lon="-123.91071"/><rtept lat="40.09993" lon="-123.91062"/><rtept lat="40.09976" lon="-123.91067"/><rtept lat="40.09967" lon="-123.91079"/><rtept lat="40.09954" lon="-123.91113"/><rtept lat="40.09953" lon="-123.91121"/><rtept lat="40.09963" lon="-123.91159"/><rtept lat="40.10004" lon="-123.9126"/><rtept lat="40.10025" lon="-123.91307"/><rtept lat="40.10055" lon="-123.91356"/><rtept lat="40.10059" lon="-123.91367"/><rtept lat="40.10063" lon="-123.91409"/><rtept lat="40.10066" lon="-123.91421"/><rtept lat="40.10089" lon="-123.91464"/><rtept lat="40.10092" lon="-123.91484"/><rtept lat="40.10105" lon="-123.91514"/><rtept lat="40.10109" lon="-123.91537"/><rtept lat="40.10106" lon="-123.91639"/><rtept lat="40.10107" lon="-123.91653"/><rtept lat="40.1011" lon="-123.91665"/><rtept lat="40.10117" lon="-123.91679"/><rtept lat="40.10136" lon="-123.91708"/><rtept lat="40.1015" lon="-123.91724"/><rtept lat="40.10163" lon="-123.91731"/><rtept lat="40.10198" lon="-123.9174"/><rtept lat="40.10222" lon="-123.91742"/><rtept lat="40.10255" lon="-123.91742"/><rtept lat="40.10273" lon="-123.91746"/><rtept lat="40.10284" lon="-123.9175"/><rtept lat="40.10327" lon="-123.91782"/><rtept lat="40.10338" lon="-123.91787"/><rtept lat="40.10386" lon="-123.91797"/><rtept lat="40.10395" lon="-123.91803"/><rtept lat="40.10405" lon="-123.91816"/><rtept lat="40.10423" lon="-123.91858"/><rtept lat="40.10436" lon="-123.91898"/><rtept lat="40.1044" lon="-123.91936"/><rtept lat="40.10446" lon="-123.91956"/><rtept lat="40.10461" lon="-123.91997"/><rtept lat="40.10503" lon="-123.92091"/><rtept lat="40.10515" lon="-123.92147"/><rtept lat="40.10536" lon="-123.92395"/><rtept lat="40.10533" lon="-123.92431"/><rtept lat="40.10528" lon="-123.92447"/><rtept lat="40.10519" lon="-123.92468"/><rtept lat="40.10504" lon="-123.92491"/><rtept lat="40.10487" lon="-123.92507"/><rtept lat="40.10467" lon="-123.92519"/><rtept lat="40.10438" lon="-123.92525"/><rtept lat="40.1042" lon="-123.92523"/><rtept lat="40.10386" lon="-123.92512"/><rtept lat="40.10365" lon="-123.9251"/><rtept lat="40.10327" lon="-123.92511"/><rtept lat="40.10316" lon="-123.92514"/><rtept lat="40.10276" lon="-123.92538"/><rtept lat="40.10212" lon="-123.92555"/><rtept lat="40.10185" lon="-123.92565"/><rtept lat="40.09973" lon="-123.9266"/><rtept lat="40.09945" lon="-123.9268"/><rtept lat="40.09914" lon="-123.92721"/><rtept lat="40.09892" lon="-123.92754"/><rtept lat="40.09879" lon="-123.92786"/><rtept lat="40.09868" lon="-123.92837"/><rtept lat="40.09847" lon="-123.92894"/><rtept lat="40.0982" lon="-123.92955"/><rtept lat="40.09811" lon="-123.92967"/><rtept lat="40.09737" lon="-123.93012"/><rtept lat="40.09687" lon="-123.93064"/><rtept lat="40.09638" lon="-123.931"/><rtept lat="40.09629" lon="-123.93105"/><rtept lat="40.09617" lon="-123.93108"/><rtept lat="40.09603" lon="-123.93108"/><rtept lat="40.09582" lon="-123.93105"/><rtept lat="40.09544" lon="-123.93091"/><rtept lat="40.09462" lon="-123.93089"/><rtept lat="40.09436" lon="-123.93095"/><rtept lat="40.09393" lon="-123.9311"/><rtept lat="40.09312" lon="-123.93134"/><rtept lat="40.09302" lon="-123.93139"/><rtept lat="40.09282" lon="-123.93154"/><rtept lat="40.09271" lon="-123.93167"/><rtept lat="40.09236" lon="-123.93218"/><rtept lat="40.09219" lon="-123.93251"/><rtept lat="40.09202" lon="-123.93292"/><rtept lat="40.09174" lon="-123.93368"/><rtept lat="40.09161" lon="-123.93392"/><rtept lat="40.09102" lon="-123.93516"/><rtept lat="40.09096" lon="-123.93533"/><rtept lat="40.09094" lon="-123.9355"/><rtept lat="40.09094" lon="-123.93568"/><rtept lat="40.09096" lon="-123.93585"/><rtept lat="40.09104" lon="-123.93615"/><rtept lat="40.09142" lon="-123.93698"/><rtept lat="40.0916" lon="-123.93744"/><rtept lat="40.09177" lon="-123.93798"/><rtept lat="40.09185" lon="-123.93832"/><rtept lat="40.09184" lon="-123.93853"/><rtept lat="40.0918" lon="-123.93865"/><rtept lat="40.09174" lon="-123.93876"/><rtept lat="40.09167" lon="-123.9388"/><rtept lat="40.09161" lon="-123.93881"/><rtept lat="40.09153" lon="-123.93879"/><rtept lat="40.09146" lon="-123.93873"/><rtept lat="40.09142" lon="-123.93866"/><rtept lat="40.09138" lon="-123.93832"/><rtept lat="40.09129" lon="-123.93795"/><rtept lat="40.09123" lon="-123.93784"/><rtept lat="40.09085" lon="-123.93731"/><rtept lat="40.0907" lon="-123.93717"/><rtept lat="40.09043" lon="-123.93701"/><rtept lat="40.09035" lon="-123.93699"/><rtept lat="40.09027" lon="-123.93701"/><rtept lat="40.08996" lon="-123.93727"/><rtept lat="40.08988" lon="-123.9373"/><rtept lat="40.08974" lon="-123.93731"/><rtept lat="40.08955" lon="-123.93722"/><rtept lat="40.08947" lon="-123.93712"/><rtept lat="40.0894" lon="-123.93699"/><rtept lat="40.08895" lon="-123.93567"/><rtept lat="40.08887" lon="-123.93554"/><rtept lat="40.0888" lon="-123.93545"/><rtept lat="40.08827" lon="-123.93496"/><rtept lat="40.08821" lon="-123.93493"/><rtept lat="40.08813" lon="-123.93493"/><rtept lat="40.08807" lon="-123.93497"/><rtept lat="40.08804" lon="-123.935"/><rtept lat="40.088" lon="-123.93509"/><rtept lat="40.08801" lon="-123.93518"/><rtept lat="40.08805" lon="-123.93527"/><rtept lat="40.08832" lon="-123.93554"/><rtept lat="40.08839" lon="-123.93564"/><rtept lat="40.08845" lon="-123.93577"/><rtept lat="40.08859" lon="-123.93638"/><rtept lat="40.08862" lon="-123.93666"/><rtept lat="40.0886" lon="-123.93692"/><rtept lat="40.08847" lon="-123.93759"/><rtept lat="40.08846" lon="-123.93775"/><rtept lat="40.08848" lon="-123.93793"/><rtept lat="40.08852" lon="-123.93809"/><rtept lat="40.08874" lon="-123.9385"/><rtept lat="40.08888" lon="-123.93866"/><rtept lat="40.08909" lon="-123.93883"/><rtept lat="40.08914" lon="-123.93892"/><rtept lat="40.08917" lon="-123.93902"/><rtept lat="40.08917" lon="-123.93912"/><rtept lat="40.08915" lon="-123.93923"/><rtept lat="40.08904" lon="-123.93956"/><rtept lat="40.08897" lon="-123.93989"/><rtept lat="40.08895" lon="-123.94012"/><rtept lat="40.08896" lon="-123.94037"/><rtept lat="40.08894" lon="-123.94046"/><rtept lat="40.0889" lon="-123.94054"/><rtept lat="40.08828" lon="-123.94116"/><rtept lat="40.08824" lon="-123.94126"/><rtept lat="40.08818" lon="-123.94156"/><rtept lat="40.08813" lon="-123.94171"/><rtept lat="40.08805" lon="-123.94186"/><rtept lat="40.08736" lon="-123.94276"/><rtept lat="40.08732" lon="-123.94286"/><rtept lat="40.08731" lon="-123.94297"/><rtept lat="40.08732" lon="-123.94308"/><rtept lat="40.08736" lon="-123.94319"/><rtept lat="40.08743" lon="-123.94327"/><rtept lat="40.08758" lon="-123.94336"/><rtept lat="40.08775" lon="-123.94343"/><rtept lat="40.08785" lon="-123.94345"/><rtept lat="40.08835" lon="-123.94343"/><rtept lat="40.08846" lon="-123.94347"/><rtept lat="40.08856" lon="-123.94355"/><rtept lat="40.08861" lon="-123.94363"/><rtept lat="40.08866" lon="-123.94379"/><rtept lat="40.08875" lon="-123.94423"/><rtept lat="40.08874" lon="-123.94433"/><rtept lat="40.0887" lon="-123.94445"/><rtept lat="40.08855" lon="-123.94466"/><rtept lat="40.0885" lon="-123.94477"/><rtept lat="40.0884" lon="-123.94505"/><rtept lat="40.08832" lon="-123.94545"/><rtept lat="40.08825" lon="-123.94558"/><rtept lat="40.08817" lon="-123.94567"/><rtept lat="40.08774" lon="-123.94592"/><rtept lat="40.08764" lon="-123.94605"/><rtept lat="40.08734" lon="-123.94658"/><rtept lat="40.08701" lon="-123.94708"/><rtept lat="40.08657" lon="-123.94765"/><rtept lat="40.08649" lon="-123.94772"/><rtept lat="40.0864" lon="-123.94776"/><rtept lat="40.08594" lon="-123.94783"/><rtept lat="40.08578" lon="-123.94794"/><rtept lat="40.08557" lon="-123.94805"/><rtept lat="40.08537" lon="-123.94812"/><rtept lat="40.08519" lon="-123.94817"/><rtept lat="40.08467" lon="-123.94825"/><rtept lat="40.08405" lon="-123.94847"/><rtept lat="40.08376" lon="-123.94847"/><rtept lat="40.08365" lon="-123.94849"/><rtept lat="40.08352" lon="-123.94855"/><rtept lat="40.08342" lon="-123.94862"/><rtept lat="40.08298" lon="-123.94927"/><rtept lat="40.08284" lon="-123.94965"/><rtept lat="40.08275" lon="-123.95009"/><rtept lat="40.08235" lon="-123.95075"/><rtept lat="40.08205" lon="-123.95128"/><rtept lat="40.08186" lon="-123.95155"/><rtept lat="40.08135" lon="-123.95208"/><rtept lat="40.08094" lon="-123.95254"/><rtept lat="40.08043" lon="-123.95298"/><rtept lat="40.07979" lon="-123.9537"/><rtept lat="40.07943" lon="-123.95401"/><rtept lat="40.07922" lon="-123.95426"/><rtept lat="40.07912" lon="-123.95443"/><rtept lat="40.07897" lon="-123.95479"/><rtept lat="40.0789" lon="-123.9549"/><rtept lat="40.07875" lon="-123.95508"/><rtept lat="40.07861" lon="-123.95519"/><rtept lat="40.07845" lon="-123.95526"/><rtept lat="40.07811" lon="-123.95532"/><rtept lat="40.07801" lon="-123.95537"/><rtept lat="40.07775" lon="-123.95556"/><rtept lat="40.07721" lon="-123.95588"/><rtept lat="40.07704" lon="-123.95601"/><rtept lat="40.07694" lon="-123.95612"/><rtept lat="40.07654" lon="-123.95665"/><rtept lat="40.07638" lon="-123.95682"/><rtept lat="40.07628" lon="-123.95689"/><rtept lat="40.0761" lon="-123.95697"/><rtept lat="40.07592" lon="-123.95701"/><rtept lat="40.0757" lon="-123.95715"/><rtept lat="40.07555" lon="-123.95721"/><rtept lat="40.07486" lon="-123.95735"/><rtept lat="40.07452" lon="-123.95738"/><rtept lat="40.07411" lon="-123.95733"/><rtept lat="40.07344" lon="-123.95729"/><rtept lat="40.07332" lon="-123.9573"/><rtept lat="40.07315" lon="-123.95735"/><rtept lat="40.07268" lon="-123.9576"/><rtept lat="40.07243" lon="-123.95778"/><rtept lat="40.0722" lon="-123.95787"/><rtept lat="40.07173" lon="-123.95788"/><rtept lat="40.07076" lon="-123.95799"/><rtept lat="40.07065" lon="-123.95803"/><rtept lat="40.0702" lon="-123.9583"/><rtept lat="40.06957" lon="-123.95876"/><rtept lat="40.06923" lon="-123.95904"/><rtept lat="40.06895" lon="-123.95931"/><rtept lat="40.06862" lon="-123.95967"/><rtept lat="40.06798" lon="-123.96051"/><rtept lat="40.06771" lon="-123.96101"/><rtept lat="40.06751" lon="-123.96145"/><rtept lat="40.0673" lon="-123.96177"/><rtept lat="40.06716" lon="-123.96191"/><rtept lat="40.06695" lon="-123.96205"/><rtept lat="40.06664" lon="-123.96222"/><rtept lat="40.06616" lon="-123.96254"/><rtept lat="40.06588" lon="-123.96269"/><rtept lat="40.06541" lon="-123.96289"/><rtept lat="40.06477" lon="-123.96312"/><rtept lat="40.06436" lon="-123.9633"/><rtept lat="40.06396" lon="-123.96352"/><rtept lat="40.06358" lon="-123.96375"/><rtept lat="40.06345" lon="-123.96385"/><rtept lat="40.06333" lon="-123.96401"/><rtept lat="40.06322" lon="-123.96423"/><rtept lat="40.06302" lon="-123.96494"/><rtept lat="40.06286" lon="-123.96534"/><rtept lat="40.06277" lon="-123.96551"/><rtept lat="40.0626" lon="-123.96575"/><rtept lat="40.06225" lon="-123.96612"/><rtept lat="40.06186" lon="-123.96672"/><rtept lat="40.06158" lon="-123.96742"/><rtept lat="40.06153" lon="-123.96753"/><rtept lat="40.06145" lon="-123.96764"/><rtept lat="40.06112" lon="-123.96798"/><rtept lat="40.06086" lon="-123.9682"/><rtept lat="40.06013" lon="-123.96861"/><rtept lat="40.05919" lon="-123.969"/><rtept lat="40.05911" lon="-123.96906"/><rtept lat="40.05903" lon="-123.96915"/><rtept lat="40.05896" lon="-123.96926"/><rtept lat="40.05882" lon="-123.96961"/><rtept lat="40.05831" lon="-123.97106"/><rtept lat="40.05823" lon="-123.97132"/><rtept lat="40.05819" lon="-123.97153"/><rtept lat="40.05815" lon="-123.97189"/><rtept lat="40.05826" lon="-123.9728"/><rtept lat="40.05829" lon="-123.97335"/><rtept lat="40.05825" lon="-123.97369"/><rtept lat="40.05818" lon="-123.97402"/><rtept lat="40.05813" lon="-123.97418"/><rtept lat="40.05788" lon="-123.97473"/><rtept lat="40.05774" lon="-123.97493"/><rtept lat="40.05729" lon="-123.97585"/><rtept lat="40.05696" lon="-123.97624"/><rtept lat="40.0568" lon="-123.97637"/><rtept lat="40.05648" lon="-123.97657"/><rtept lat="40.0563" lon="-123.97671"/><rtept lat="40.05623" lon="-123.97682"/><rtept lat="40.05553" lon="-123.9773"/><rtept lat="40.05533" lon="-123.97755"/><rtept lat="40.05525" lon="-123.97785"/><rtept lat="40.05522" lon="-123.97833"/><rtept lat="40.05519" lon="-123.97852"/><rtept lat="40.05515" lon="-123.97866"/><rtept lat="40.05481" lon="-123.97951"/><rtept lat="40.05476" lon="-123.9796"/><rtept lat="40.05449" lon="-123.97985"/><rtept lat="40.05437" lon="-123.98"/><rtept lat="40.05431" lon="-123.98011"/><rtept lat="40.05425" lon="-123.98029"/><rtept lat="40.05422" lon="-123.98047"/><rtept lat="40.05422" lon="-123.98081"/><rtept lat="40.05417" lon="-123.98096"/><rtept lat="40.05418" lon="-123.98135"/><rtept lat="40.05421" lon="-123.98161"/><rtept lat="40.05425" lon="-123.9817"/><rtept lat="40.05437" lon="-123.98185"/><rtept lat="40.05444" lon="-123.98208"/><rtept lat="40.05444" lon="-123.98219"/><rtept lat="40.05431" lon="-123.98304"/><rtept lat="40.05431" lon="-123.98321"/><rtept lat="40.05438" lon="-123.98352"/><rtept lat="40.05449" lon="-123.98368"/><rtept lat="40.05451" lon="-123.98378"/><rtept lat="40.05451" lon="-123.98388"/><rtept lat="40.05442" lon="-123.98414"/><rtept lat="40.05441" lon="-123.98428"/><rtept lat="40.05444" lon="-123.9844"/><rtept lat="40.0546" lon="-123.9847"/><rtept lat="40.05465" lon="-123.98485"/><rtept lat="40.05466" lon="-123.98499"/><rtept lat="40.05459" lon="-123.9853"/><rtept lat="40.05441" lon="-123.98587"/><rtept lat="40.0543" lon="-123.98603"/><rtept lat="40.05426" lon="-123.98612"/><rtept lat="40.05409" lon="-123.98631"/><rtept lat="40.05404" lon="-123.98647"/><rtept lat="40.05399" lon="-123.98677"/><rtept lat="40.05399" lon="-123.98694"/><rtept lat="40.05403" lon="-123.98711"/><rtept lat="40.0542" lon="-123.98754"/><rtept lat="40.05421" lon="-123.98767"/><rtept lat="40.05418" lon="-123.98809"/><rtept lat="40.05418" lon="-123.98834"/><rtept lat="40.05423" lon="-123.98864"/><rtept lat="40.05434" lon="-123.98905"/><rtept lat="40.0544" lon="-123.98934"/><rtept lat="40.05457" lon="-123.98984"/><rtept lat="40.05491" lon="-123.9906"/><rtept lat="40.05499" lon="-123.99088"/><rtept lat="40.05505" lon="-123.991"/><rtept lat="40.05539" lon="-123.99142"/><rtept lat="40.05556" lon="-123.99167"/><rtept lat="40.05567" lon="-123.9919"/><rtept lat="40.05574" lon="-123.99218"/><rtept lat="40.05579" lon="-123.99297"/><rtept lat="40.05578" lon="-123.99312"/><rtept lat="40.05569" lon="-123.99338"/><rtept lat="40.0552" lon="-123.99421"/><rtept lat="40.05495" lon="-123.99454"/><rtept lat="40.05454" lon="-123.99516"/><rtept lat="40.05443" lon="-123.99539"/><rtept lat="40.05435" lon="-123.99572"/><rtept lat="40.05431" lon="-123.99624"/><rtept lat="40.05432" lon="-123.99642"/><rtept lat="40.05443" lon="-123.99696"/><rtept lat="40.05445" lon="-123.99713"/><rtept lat="40.0544" lon="-123.99745"/><rtept lat="40.05427" lon="-123.99773"/><rtept lat="40.05418" lon="-123.99783"/><rtept lat="40.05386" lon="-123.99811"/><rtept lat="40.05371" lon="-123.99827"/><rtept lat="40.05364" lon="-123.99837"/><rtept lat="40.05358" lon="-123.99848"/><rtept lat="40.05352" lon="-123.99865"/><rtept lat="40.05349" lon="-123.99885"/><rtept lat="40.0535" lon="-123.99913"/><rtept lat="40.05354" lon="-123.99928"/><rtept lat="40.05368" lon="-123.99957"/><rtept lat="40.05375" lon="-123.9998"/><rtept lat="40.05388" lon="-124.00012"/><rtept lat="40.05394" lon="-124.00019"/><rtept lat="40.05403" lon="-124.00025"/><rtept lat="40.05435" lon="-124.00033"/><rtept lat="40.05457" lon="-124.00045"/><rtept lat="40.05465" lon="-124.00051"/><rtept lat="40.05482" lon="-124.00074"/><rtept lat="40.05487" lon="-124.00097"/><rtept lat="40.05484" lon="-124.0013"/><rtept lat="40.0548" lon="-124.00143"/><rtept lat="40.05474" lon="-124.00154"/><rtept lat="40.05464" lon="-124.00164"/><rtept lat="40.0545" lon="-124.0017"/><rtept lat="40.05426" lon="-124.00173"/><rtept lat="40.05395" lon="-124.00166"/><rtept lat="40.05375" lon="-124.00165"/><rtept lat="40.05361" lon="-124.00168"/><rtept lat="40.05302" lon="-124.00226"/><rtept lat="40.05215" lon="-124.00369"/><rtept lat="40.05148" lon="-124.00508"/><rtept lat="40.05141" lon="-124.00542"/><rtept lat="40.05145" lon="-124.00585"/><rtept lat="40.05154" lon="-124.00631"/><rtept lat="40.05154" lon="-124.00647"/><rtept lat="40.05149" lon="-124.00658"/><rtept lat="40.05084" lon="-124.00727"/><rtept lat="40.05077" lon="-124.0074"/><rtept lat="40.05065" lon="-124.00828"/><rtept lat="40.0503" lon="-124.00876"/><rtept lat="40.0502" lon="-124.00886"/><rtept lat="40.05011" lon="-124.00893"/><rtept lat="40.04975" lon="-124.00905"/><rtept lat="40.04959" lon="-124.00927"/><rtept lat="40.04951" lon="-124.00944"/><rtept lat="40.04949" lon="-124.00962"/><rtept lat="40.04943" lon="-124.01161"/><rtept lat="40.04933" lon="-124.01281"/><rtept lat="40.04962" lon="-124.01458"/><rtept lat="40.04959" lon="-124.0148"/><rtept lat="40.0492" lon="-124.01542"/><rtept lat="40.04906" lon="-124.01619"/><rtept lat="40.04917" lon="-124.01685"/><rtept lat="40.04956" lon="-124.01774"/><rtept lat="40.04958" lon="-124.01799"/><rtept lat="40.04957" lon="-124.01818"/><rtept lat="40.04949" lon="-124.01842"/><rtept lat="40.04937" lon="-124.0186"/><rtept lat="40.04928" lon="-124.01877"/><rtept lat="40.04928" lon="-124.01904"/><rtept lat="40.04932" lon="-124.01935"/><rtept lat="40.04932" lon="-124.01952"/><rtept lat="40.04927" lon="-124.01965"/><rtept lat="40.04886" lon="-124.02063"/><rtept lat="40.04877" lon="-124.02074"/><rtept lat="40.0485" lon="-124.02078"/><rtept lat="40.04836" lon="-124.02076"/><rtept lat="40.04808" lon="-124.02067"/><rtept lat="40.04781" lon="-124.02067"/><rtept lat="40.04762" lon="-124.0206"/><rtept lat="40.04715" lon="-124.02053"/><rtept lat="40.04703" lon="-124.02053"/><rtept lat="40.04695" lon="-124.02055"/><rtept lat="40.04686" lon="-124.02062"/><rtept lat="40.04665" lon="-124.02088"/><rtept lat="40.0462" lon="-124.02121"/><rtept lat="40.04604" lon="-124.02128"/><rtept lat="40.04574" lon="-124.02159"/><rtept lat="40.04565" lon="-124.02166"/><rtept lat="40.04553" lon="-124.02171"/><rtept lat="40.04529" lon="-124.02174"/><rtept lat="40.04516" lon="-124.02174"/><rtept lat="40.04509" lon="-124.0217"/><rtept lat="40.04488" lon="-124.02149"/><rtept lat="40.04477" lon="-124.02143"/><rtept lat="40.04466" lon="-124.02142"/><rtept lat="40.04451" lon="-124.02147"/><rtept lat="40.04427" lon="-124.02159"/><rtept lat="40.04419" lon="-124.02172"/><rtept lat="40.04417" lon="-124.02181"/><rtept lat="40.04416" lon="-124.0224"/><rtept lat="40.0442" lon="-124.02299"/><rtept lat="40.04428" lon="-124.02365"/><rtept lat="40.04425" lon="-124.0238"/><rtept lat="40.04419" lon="-124.02385"/><rtept lat="40.04411" lon="-124.02387"/><rtept lat="40.04402" lon="-124.02383"/><rtept lat="40.04385" lon="-124.02365"/><rtept lat="40.04373" lon="-124.02359"/><rtept lat="40.0434" lon="-124.02354"/><rtept lat="40.04329" lon="-124.02341"/><rtept lat="40.04309" lon="-124.02311"/><rtept lat="40.04297" lon="-124.02297"/><rtept lat="40.04275" lon="-124.02277"/><rtept lat="40.04268" lon="-124.02275"/><rtept lat="40.04261" lon="-124.02278"/><rtept lat="40.04235" lon="-124.02305"/><rtept lat="40.04207" lon="-124.02324"/><rtept lat="40.04198" lon="-124.02326"/><rtept lat="40.04191" lon="-124.02324"/><rtept lat="40.04185" lon="-124.02317"/><rtept lat="40.04182" lon="-124.02307"/><rtept lat="40.04179" lon="-124.02279"/><rtept lat="40.04174" lon="-124.02256"/><rtept lat="40.04168" lon="-124.02248"/><rtept lat="40.04156" lon="-124.02242"/><rtept lat="40.0413" lon="-124.02247"/><rtept lat="40.0411" lon="-124.02256"/><rtept lat="40.0407" lon="-124.02269"/><rtept lat="40.04059" lon="-124.02275"/><rtept lat="40.04041" lon="-124.02295"/><rtept lat="40.04028" lon="-124.02301"/><rtept lat="40.04014" lon="-124.02302"/><rtept lat="40.04001" lon="-124.02299"/><rtept lat="40.03994" lon="-124.02294"/><rtept lat="40.03982" lon="-124.0228"/><rtept lat="40.03976" lon="-124.02276"/><rtept lat="40.03971" lon="-124.02275"/><rtept lat="40.03967" lon="-124.02278"/><rtept lat="40.03961" lon="-124.02287"/><rtept lat="40.03963" lon="-124.02301"/><rtept lat="40.03967" lon="-124.02309"/><rtept lat="40.03984" lon="-124.02323"/><rtept lat="40.03994" lon="-124.02327"/><rtept lat="40.04019" lon="-124.02328"/><rtept lat="40.04024" lon="-124.0233"/><rtept lat="40.04034" lon="-124.02342"/><rtept lat="40.04033" lon="-124.02348"/><rtept lat="40.0403" lon="-124.02353"/><rtept lat="40.04025" lon="-124.02354"/><rtept lat="40.04003" lon="-124.02348"/><rtept lat="40.03935" lon="-124.0234"/><rtept lat="40.03922" lon="-124.02329"/><rtept lat="40.03918" lon="-124.02321"/><rtept lat="40.03913" lon="-124.02306"/><rtept lat="40.03912" lon="-124.02275"/><rtept lat="40.03915" lon="-124.02232"/><rtept lat="40.0392" lon="-124.02208"/><rtept lat="40.03947" lon="-124.02132"/><rtept lat="40.03945" lon="-124.02118"/><rtept lat="40.03936" lon="-124.02114"/><rtept lat="40.03931" lon="-124.02114"/><rtept lat="40.03923" lon="-124.0212"/><rtept lat="40.03906" lon="-124.0219"/><rtept lat="40.03899" lon="-124.02204"/><rtept lat="40.03886" lon="-124.0222"/><rtept lat="40.03874" lon="-124.02239"/><rtept lat="40.03838" lon="-124.02313"/><rtept lat="40.03803" lon="-124.02353"/><rtept lat="40.03775" lon="-124.02393"/><rtept lat="40.03755" lon="-124.02437"/><rtept lat="40.03735" lon="-124.0249"/><rtept lat="40.03705" lon="-124.02528"/><rtept lat="40.03696" lon="-124.02536"/><rtept lat="40.0365" lon="-124.02562"/><rtept lat="40.03622" lon="-124.02583"/><rtept lat="40.03587" lon="-124.02661"/><rtept lat="40.03585" lon="-124.02675"/><rtept lat="40.03585" lon="-124.02691"/><rtept lat="40.03589" lon="-124.02709"/><rtept lat="40.03601" lon="-124.02732"/><rtept lat="40.03606" lon="-124.02758"/><rtept lat="40.03638" lon="-124.02833"/><rtept lat="40.03649" lon="-124.02877"/><rtept lat="40.03663" lon="-124.02905"/><rtept lat="40.03697" lon="-124.02965"/><rtept lat="40.03719" lon="-124.02993"/><rtept lat="40.03747" lon="-124.03038"/><rtept lat="40.03756" lon="-124.03048"/><rtept lat="40.03767" lon="-124.03057"/><rtept lat="40.0383" lon="-124.03096"/><rtept lat="40.03837" lon="-124.03102"/><rtept lat="40.03846" lon="-124.03119"/><rtept lat="40.03869" lon="-124.03189"/><rtept lat="40.0387" lon="-124.0322"/><rtept lat="40.03866" lon="-124.03258"/><rtept lat="40.03858" lon="-124.03276"/><rtept lat="40.03842" lon="-124.03299"/><rtept lat="40.03809" lon="-124.0332"/><rtept lat="40.03801" lon="-124.03329"/><rtept lat="40.03795" lon="-124.03341"/><rtept lat="40.03792" lon="-124.03357"/><rtept lat="40.0379" lon="-124.03435"/><rtept lat="40.03788" lon="-124.03445"/><rtept lat="40.03783" lon="-124.03453"/><rtept lat="40.03776" lon="-124.03457"/><rtept lat="40.03764" lon="-124.03458"/><rtept lat="40.03745" lon="-124.03455"/><rtept lat="40.03734" lon="-124.03458"/><rtept lat="40.03727" lon="-124.03465"/><rtept lat="40.03723" lon="-124.03474"/><rtept lat="40.03711" lon="-124.03512"/><rtept lat="40.03706" lon="-124.03523"/><rtept lat="40.037" lon="-124.03532"/><rtept lat="40.03692" lon="-124.0354"/><rtept lat="40.03668" lon="-124.03556"/><rtept lat="40.03662" lon="-124.03564"/><rtept lat="40.03659" lon="-124.03572"/><rtept lat="40.03661" lon="-124.03591"/><rtept lat="40.03683" lon="-124.03656"/><rtept lat="40.03684" lon="-124.03669"/><rtept lat="40.03677" lon="-124.03689"/><rtept lat="40.03651" lon="-124.03734"/><rtept lat="40.03644" lon="-124.03749"/><rtept lat="40.03645" lon="-124.03775"/><rtept lat="40.03655" lon="-124.0381"/><rtept lat="40.03662" lon="-124.03827"/><rtept lat="40.0368" lon="-124.03854"/><rtept lat="40.03684" lon="-124.03864"/><rtept lat="40.03683" lon="-124.03873"/><rtept lat="40.03678" lon="-124.03883"/><rtept lat="40.03647" lon="-124.03917"/><rtept lat="40.03645" lon="-124.03925"/><rtept lat="40.03645" lon="-124.03934"/><rtept lat="40.03647" lon="-124.03942"/><rtept lat="40.03673" lon="-124.03967"/><rtept lat="40.03679" lon="-124.03977"/><rtept lat="40.03681" lon="-124.03985"/><rtept lat="40.03685" lon="-124.04027"/><rtept lat="40.03692" lon="-124.04034"/><rtept lat="40.03699" lon="-124.04035"/><rtept lat="40.03707" lon="-124.04032"/><rtept lat="40.03747" lon="-124.04011"/><rtept lat="40.03761" lon="-124.04007"/><rtept lat="40.03769" lon="-124.04007"/><rtept lat="40.03776" lon="-124.0401"/><rtept lat="40.03781" lon="-124.04018"/><rtept lat="40.03786" lon="-124.04047"/><rtept lat="40.03786" lon="-124.04087"/><rtept lat="40.038" lon="-124.04127"/><rtept lat="40.03807" lon="-124.04168"/><rtept lat="40.03804" lon="-124.04232"/><rtept lat="40.03808" lon="-124.04244"/><rtept lat="40.03816" lon="-124.04254"/><rtept lat="40.03846" lon="-124.04278"/><rtept lat="40.03851" lon="-124.04286"/><rtept lat="40.03861" lon="-124.0432"/><rtept lat="40.0387" lon="-124.04363"/><rtept lat="40.03871" lon="-124.04374"/><rtept lat="40.03869" lon="-124.04424"/><rtept lat="40.0387" lon="-124.04438"/><rtept lat="40.03873" lon="-124.04451"/><rtept lat="40.03908" lon="-124.04501"/><rtept lat="40.03914" lon="-124.04518"/><rtept lat="40.03915" lon="-124.04587"/><rtept lat="40.03909" lon="-124.04625"/><rtept lat="40.03907" lon="-124.04654"/><rtept lat="40.0391" lon="-124.04696"/><rtept lat="40.03916" lon="-124.04713"/><rtept lat="40.0394" lon="-124.04756"/><rtept lat="40.03949" lon="-124.04785"/><rtept lat="40.03951" lon="-124.04805"/><rtept lat="40.03948" lon="-124.04845"/><rtept lat="40.03947" lon="-124.04888"/><rtept lat="40.03952" lon="-124.04976"/><rtept lat="40.03947" lon="-124.05005"/><rtept lat="40.0394" lon="-124.05021"/><rtept lat="40.03924" lon="-124.05049"/><rtept lat="40.0389" lon="-124.05087"/><rtept lat="40.03869" lon="-124.05104"/><rtept lat="40.03784" lon="-124.05143"/><rtept lat="40.03777" lon="-124.05148"/><rtept lat="40.03761" lon="-124.05175"/><rtept lat="40.03741" lon="-124.05195"/><rtept lat="40.03678" lon="-124.05237"/><rtept lat="40.03669" lon="-124.05247"/><rtept lat="40.03662" lon="-124.0526"/><rtept lat="40.03657" lon="-124.05275"/><rtept lat="40.03654" lon="-124.05291"/><rtept lat="40.03656" lon="-124.05326"/><rtept lat="40.03654" lon="-124.05356"/><rtept lat="40.03643" lon="-124.05391"/><rtept lat="40.03635" lon="-124.0541"/><rtept lat="40.03612" lon="-124.05445"/><rtept lat="40.03608" lon="-124.05457"/><rtept lat="40.03606" lon="-124.05471"/><rtept lat="40.03609" lon="-124.05494"/><rtept lat="40.03616" lon="-124.05525"/><rtept lat="40.0362" lon="-124.05538"/><rtept lat="40.03626" lon="-124.05549"/><rtept lat="40.03635" lon="-124.05559"/><rtept lat="40.03672" lon="-124.05592"/><rtept lat="40.03689" lon="-124.05618"/><rtept lat="40.03697" lon="-124.05624"/><rtept lat="40.03744" lon="-124.05648"/><rtept lat="40.03764" lon="-124.05661"/><rtept lat="40.0377" lon="-124.05668"/><rtept lat="40.03777" lon="-124.05682"/><rtept lat="40.03781" lon="-124.05698"/><rtept lat="40.03779" lon="-124.05731"/><rtept lat="40.03765" lon="-124.05791"/><rtept lat="40.03761" lon="-124.05826"/><rtept lat="40.03762" lon="-124.0585"/><rtept lat="40.03767" lon="-124.05867"/><rtept lat="40.03803" lon="-124.05942"/><rtept lat="40.03806" lon="-124.05953"/><rtept lat="40.03806" lon="-124.05982"/><rtept lat="40.03797" lon="-124.06027"/><rtept lat="40.03796" lon="-124.06047"/><rtept lat="40.03798" lon="-124.06072"/><rtept lat="40.03801" lon="-124.06084"/><rtept lat="40.03808" lon="-124.06098"/><rtept lat="40.03825" lon="-124.06124"/><rtept lat="40.03843" lon="-124.06137"/><rtept lat="40.03859" lon="-124.06141"/><rtept lat="40.03914" lon="-124.06134"/><rtept lat="40.03948" lon="-124.06135"/><rtept lat="40.03989" lon="-124.06146"/><rtept lat="40.04012" lon="-124.06155"/><rtept lat="40.04019" lon="-124.0616"/><rtept lat="40.0403" lon="-124.0617"/><rtept lat="40.04039" lon="-124.06181"/><rtept lat="40.04053" lon="-124.06209"/><rtept lat="40.04056" lon="-124.06229"/><rtept lat="40.04056" lon="-124.06252"/><rtept lat="40.04052" lon="-124.06277"/><rtept lat="40.04046" lon="-124.06288"/><rtept lat="40.04014" lon="-124.0633"/><rtept lat="40.03995" lon="-124.06369"/><rtept lat="40.03964" lon="-124.06415"/><rtept lat="40.03947" lon="-124.0645"/><rtept lat="40.03935" lon="-124.06466"/><rtept lat="40.03925" lon="-124.06474"/><rtept lat="40.03905" lon="-124.06482"/><rtept lat="40.03859" lon="-124.06489"/><rtept lat="40.03823" lon="-124.06504"/><rtept lat="40.03774" lon="-124.06531"/><rtept lat="40.03744" lon="-124.06545"/><rtept lat="40.03732" lon="-124.06548"/><rtept lat="40.03718" lon="-124.06548"/><rtept lat="40.03702" lon="-124.06545"/><rtept lat="40.03689" lon="-124.06539"/><rtept lat="40.03671" lon="-124.06527"/><rtept lat="40.03644" lon="-124.06496"/><rtept lat="40.03633" lon="-124.06486"/><rtept lat="40.03591" lon="-124.06465"/><rtept lat="40.03452" lon="-124.06379"/><rtept lat="40.03402" lon="-124.06342"/><rtept lat="40.03361" lon="-124.06308"/><rtept lat="40.03311" lon="-124.06271"/><rtept lat="40.03281" lon="-124.0626"/><rtept lat="40.0325" lon="-124.06255"/><rtept lat="40.0321" lon="-124.06256"/><rtept lat="40.03131" lon="-124.06243"/><rtept lat="40.03111" lon="-124.06248"/><rtept lat="40.03087" lon="-124.06265"/><rtept lat="40.03078" lon="-124.06276"/><rtept lat="40.03071" lon="-124.06288"/><rtept lat="40.03054" lon="-124.06333"/><rtept lat="40.03035" lon="-124.06358"/><rtept lat="40.0302" lon="-124.06412"/><rtept lat="40.03007" lon="-124.06438"/><rtept lat="40.02995" lon="-124.06453"/><rtept lat="40.0292" lon="-124.06515"/><rtept lat="40.0291" lon="-124.06526"/><rtept lat="40.02904" lon="-124.06539"/><rtept lat="40.02897" lon="-124.0657"/><rtept lat="40.02897" lon="-124.0659"/><rtept lat="40.02901" lon="-124.06611"/><rtept lat="40.02913" lon="-124.06649"/><rtept lat="40.02914" lon="-124.06662"/><rtept lat="40.02918" lon="-124.06673"/><rtept lat="40.02905" lon="-124.0668"/><rtept lat="40.02892" lon="-124.06681"/><rtept lat="40.02885" lon="-124.06677"/><rtept lat="40.02879" lon="-124.06671"/><rtept lat="40.02868" lon="-124.06666"/><rtept lat="40.02831" lon="-124.06663"/><rtept lat="40.02818" lon="-124.0666"/><rtept lat="40.028" lon="-124.06647"/><rtept lat="40.02783" lon="-124.06623"/><rtept lat="40.02778" lon="-124.0662"/><rtept lat="40.0277" lon="-124.0662"/><rtept lat="40.02736" lon="-124.0667"/><rtept lat="40.02717" lon="-124.06701"/><rtept lat="40.027" lon="-124.06716"/><rtept lat="40.02663" lon="-124.06734"/><rtept lat="40.02642" lon="-124.06739"/><rtept lat="40.02605" lon="-124.06742"/><rtept lat="40.02546" lon="-124.06742"/><rtept lat="40.02508" lon="-124.06739"/><rtept lat="40.02473" lon="-124.06741"/><rtept lat="40.02488" lon="-124.06807"/><rtept lat="40.025" lon="-124.06836"/><rtept lat="40.02488" lon="-124.06807"/><rtept lat="40.02473" lon="-124.06741"/><rtept lat="40.02508" lon="-124.06739"/><rtept lat="40.02546" lon="-124.06742"/><rtept lat="40.02605" lon="-124.06742"/><rtept lat="40.02642" lon="-124.06739"/><rtept lat="40.02663" lon="-124.06734"/><rtept lat="40.027" lon="-124.06716"/><rtept lat="40.02717" lon="-124.06701"/><rtept lat="40.02736" lon="-124.0667"/><rtept lat="40.0277" lon="-124.0662"/><rtept lat="40.02778" lon="-124.0662"/><rtept lat="40.02783" lon="-124.06623"/><rtept lat="40.028" lon="-124.06647"/><rtept lat="40.02818" lon="-124.0666"/><rtept lat="40.02831" lon="-124.06663"/><rtept lat="40.02868" lon="-124.06666"/><rtept lat="40.02879" lon="-124.06671"/><rtept lat="40.02885" lon="-124.06677"/><rtept lat="40.02892" lon="-124.06681"/><rtept lat="40.02905" lon="-124.0668"/><rtept lat="40.02918" lon="-124.06673"/><rtept lat="40.02914" lon="-124.06662"/><rtept lat="40.02913" lon="-124.06649"/><rtept lat="40.02901" lon="-124.06611"/><rtept lat="40.02897" lon="-124.0659"/><rtept lat="40.02897" lon="-124.0657"/><rtept lat="40.02904" lon="-124.06539"/><rtept lat="40.0291" lon="-124.06526"/><rtept lat="40.0292" lon="-124.06515"/><rtept lat="40.02995" lon="-124.06453"/><rtept lat="40.03007" lon="-124.06438"/><rtept lat="40.0302" lon="-124.06412"/><rtept lat="40.03035" lon="-124.06358"/><rtept lat="40.03054" lon="-124.06333"/><rtept lat="40.03071" lon="-124.06288"/><rtept lat="40.03078" lon="-124.06276"/><rtept lat="40.03087" lon="-124.06265"/><rtept lat="40.03111" lon="-124.06248"/><rtept lat="40.03131" lon="-124.06243"/><rtept lat="40.0321" lon="-124.06256"/><rtept lat="40.0325" lon="-124.06255"/><rtept lat="40.03281" lon="-124.0626"/><rtept lat="40.03311" lon="-124.06271"/><rtept lat="40.03361" lon="-124.06308"/><rtept lat="40.03402" lon="-124.06342"/><rtept lat="40.03452" lon="-124.06379"/><rtept lat="40.03591" lon="-124.06465"/><rtept lat="40.03633" lon="-124.06486"/><rtept lat="40.03644" lon="-124.06496"/><rtept lat="40.03671" lon="-124.06527"/><rtept lat="40.03689" lon="-124.06539"/><rtept lat="40.03702" lon="-124.06545"/><rtept lat="40.03718" lon="-124.06548"/><rtept lat="40.03732" lon="-124.06548"/><rtept lat="40.03744" lon="-124.06545"/><rtept lat="40.03774" lon="-124.06531"/><rtept lat="40.03823" lon="-124.06504"/><rtept lat="40.03859" lon="-124.06489"/><rtept lat="40.03905" lon="-124.06482"/><rtept lat="40.03925" lon="-124.06474"/><rtept lat="40.03935" lon="-124.06466"/><rtept lat="40.03947" lon="-124.0645"/><rtept lat="40.03964" lon="-124.06415"/><rtept lat="40.03995" lon="-124.06369"/><rtept lat="40.04014" lon="-124.0633"/><rtept lat="40.04046" lon="-124.06288"/><rtept lat="40.04052" lon="-124.06277"/><rtept lat="40.04056" lon="-124.06252"/><rtept lat="40.04056" lon="-124.06229"/><rtept lat="40.04053" lon="-124.06209"/><rtept lat="40.04039" lon="-124.06181"/><rtept lat="40.0403" lon="-124.0617"/><rtept lat="40.04019" lon="-124.0616"/><rtept lat="40.04012" lon="-124.06155"/><rtept lat="40.03989" lon="-124.06146"/><rtept lat="40.03948" lon="-124.06135"/><rtept lat="40.03914" lon="-124.06134"/><rtept lat="40.03859" lon="-124.06141"/><rtept lat="40.03843" lon="-124.06137"/><rtept lat="40.03825" lon="-124.06124"/><rtept lat="40.03808" lon="-124.06098"/><rtept lat="40.03801" lon="-124.06084"/><rtept lat="40.03798" lon="-124.06072"/><rtept lat="40.03796" lon="-124.06047"/><rtept lat="40.03797" lon="-124.06027"/><rtept lat="40.03806" lon="-124.05982"/><rtept lat="40.03806" lon="-124.05953"/><rtept lat="40.03803" lon="-124.05942"/><rtept lat="40.03767" lon="-124.05867"/><rtept lat="40.03762" lon="-124.0585"/><rtept lat="40.03761" lon="-124.05826"/><rtept lat="40.03765" lon="-124.05791"/><rtept lat="40.03779" lon="-124.05731"/><rtept lat="40.03781" lon="-124.05698"/><rtept lat="40.03777" lon="-124.05682"/><rtept lat="40.0377" lon="-124.05668"/><rtept lat="40.03764" lon="-124.05661"/><rtept lat="40.03744" lon="-124.05648"/><rtept lat="40.03697" lon="-124.05624"/><rtept lat="40.03689" lon="-124.05618"/><rtept lat="40.03672" lon="-124.05592"/><rtept lat="40.03635" lon="-124.05559"/><rtept lat="40.03626" lon="-124.05549"/><rtept lat="40.0362" lon="-124.05538"/><rtept lat="40.03616" lon="-124.05525"/><rtept lat="40.03609" lon="-124.05494"/><rtept lat="40.03606" lon="-124.05471"/><rtept lat="40.03608" lon="-124.05457"/><rtept lat="40.03612" lon="-124.05445"/><rtept lat="40.03635" lon="-124.0541"/><rtept lat="40.03643" lon="-124.05391"/><rtept lat="40.03654" lon="-124.05356"/><rtept lat="40.03656" lon="-124.05326"/><rtept lat="40.03654" lon="-124.05291"/><rtept lat="40.03657" lon="-124.05275"/><rtept lat="40.03662" lon="-124.0526"/><rtept lat="40.03669" lon="-124.05247"/><rtept lat="40.03678" lon="-124.05237"/><rtept lat="40.03741" lon="-124.05195"/><rtept lat="40.03761" lon="-124.05175"/><rtept lat="40.03777" lon="-124.05148"/><rtept lat="40.03784" lon="-124.05143"/><rtept lat="40.03869" lon="-124.05104"/><rtept lat="40.0389" lon="-124.05087"/><rtept lat="40.03924" lon="-124.05049"/><rtept lat="40.0394" lon="-124.05021"/><rtept lat="40.03947" lon="-124.05005"/><rtept lat="40.03952" lon="-124.04976"/><rtept lat="40.03947" lon="-124.04888"/><rtept lat="40.03948" lon="-124.04845"/><rtept lat="40.03951" lon="-124.04805"/><rtept lat="40.03949" lon="-124.04785"/><rtept lat="40.0394" lon="-124.04756"/><rtept lat="40.03916" lon="-124.04713"/><rtept lat="40.0391" lon="-124.04696"/><rtept lat="40.03907" lon="-124.04654"/><rtept lat="40.03909" lon="-124.04625"/><rtept lat="40.03915" lon="-124.04587"/><rtept lat="40.03914" lon="-124.04518"/><rtept lat="40.03908" lon="-124.04501"/><rtept lat="40.03873" lon="-124.04451"/><rtept lat="40.0387" lon="-124.04438"/><rtept lat="40.03869" lon="-124.04424"/><rtept lat="40.03871" lon="-124.04374"/><rtept lat="40.0387" lon="-124.04363"/><rtept lat="40.03861" lon="-124.0432"/><rtept lat="40.03851" lon="-124.04286"/><rtept lat="40.03846" lon="-124.04278"/><rtept lat="40.03816" lon="-124.04254"/><rtept lat="40.03808" lon="-124.04244"/><rtept lat="40.03804" lon="-124.04232"/><rtept lat="40.03807" lon="-124.04168"/><rtept lat="40.038" lon="-124.04127"/><rtept lat="40.03786" lon="-124.04087"/><rtept lat="40.03786" lon="-124.04047"/><rtept lat="40.03781" lon="-124.04018"/><rtept lat="40.03776" lon="-124.0401"/><rtept lat="40.03769" lon="-124.04007"/><rtept lat="40.03761" lon="-124.04007"/><rtept lat="40.03747" lon="-124.04011"/><rtept lat="40.03707" lon="-124.04032"/><rtept lat="40.03699" lon="-124.04035"/><rtept lat="40.03692" lon="-124.04034"/><rtept lat="40.03685" lon="-124.04027"/><rtept lat="40.03681" lon="-124.03985"/><rtept lat="40.03679" lon="-124.03977"/><rtept lat="40.03673" lon="-124.03967"/><rtept lat="40.03647" lon="-124.03942"/><rtept lat="40.03645" lon="-124.03934"/><rtept lat="40.03645" lon="-124.03925"/><rtept lat="40.03647" lon="-124.03917"/><rtept lat="40.03678" lon="-124.03883"/><rtept lat="40.03683" lon="-124.03873"/><rtept lat="40.03684" lon="-124.03864"/><rtept lat="40.0368" lon="-124.03854"/><rtept lat="40.03662" lon="-124.03827"/><rtept lat="40.03655" lon="-124.0381"/><rtept lat="40.03645" lon="-124.03775"/><rtept lat="40.03644" lon="-124.03749"/><rtept lat="40.03651" lon="-124.03734"/><rtept lat="40.03677" lon="-124.03689"/><rtept lat="40.03684" lon="-124.03669"/><rtept lat="40.03683" lon="-124.03656"/><rtept lat="40.03661" lon="-124.03591"/><rtept lat="40.03659" lon="-124.03572"/><rtept lat="40.03662" lon="-124.03564"/><rtept lat="40.03668" lon="-124.03556"/><rtept lat="40.03692" lon="-124.0354"/><rtept lat="40.037" lon="-124.03532"/><rtept lat="40.03706" lon="-124.03523"/><rtept lat="40.03711" lon="-124.03512"/><rtept lat="40.03723" lon="-124.03474"/><rtept lat="40.03727" lon="-124.03465"/><rtept lat="40.03734" lon="-124.03458"/><rtept lat="40.03745" lon="-124.03455"/><rtept lat="40.03764" lon="-124.03458"/><rtept lat="40.03776" lon="-124.03457"/><rtept lat="40.03783" lon="-124.03453"/><rtept lat="40.03788" lon="-124.03445"/><rtept lat="40.0379" lon="-124.03435"/><rtept lat="40.03792" lon="-124.03357"/><rtept lat="40.03795" lon="-124.03341"/><rtept lat="40.03801" lon="-124.03329"/><rtept lat="40.03809" lon="-124.0332"/><rtept lat="40.03842" lon="-124.03299"/><rtept lat="40.03858" lon="-124.03276"/><rtept lat="40.03866" lon="-124.03258"/><rtept lat="40.03913" lon="-124.03254"/><rtept lat="40.03955" lon="-124.03258"/><rtept lat="40.04024" lon="-124.03251"/><rtept lat="40.04056" lon="-124.03267"/><rtept lat="40.04068" lon="-124.0328"/><rtept lat="40.04096" lon="-124.03331"/><rtept lat="40.04116" lon="-124.03389"/><rtept lat="40.0414" lon="-124.03438"/><rtept lat="40.04191" lon="-124.03515"/><rtept lat="40.04197" lon="-124.0352"/><rtept lat="40.04225" lon="-124.03521"/><rtept lat="40.04236" lon="-124.03525"/><rtept lat="40.04243" lon="-124.03532"/><rtept lat="40.04254" lon="-124.03555"/><rtept lat="40.04259" lon="-124.03558"/><rtept lat="40.04284" lon="-124.03564"/><rtept lat="40.0431" lon="-124.03576"/><rtept lat="40.04336" lon="-124.03609"/><rtept lat="40.0434" lon="-124.03619"/><rtept lat="40.04343" lon="-124.0364"/><rtept lat="40.04349" lon="-124.03652"/><rtept lat="40.04375" lon="-124.03671"/><rtept lat="40.04389" lon="-124.03676"/><rtept lat="40.04405" lon="-124.03678"/><rtept lat="40.04452" lon="-124.03671"/><rtept lat="40.04508" lon="-124.03688"/><rtept lat="40.04537" lon="-124.03709"/><rtept lat="40.0456" lon="-124.03721"/><rtept lat="40.04607" lon="-124.03753"/><rtept lat="40.04616" lon="-124.03768"/><rtept lat="40.04616" lon="-124.03786"/><rtept lat="40.04612" lon="-124.03792"/><rtept lat="40.04603" lon="-124.038"/><rtept lat="40.046" lon="-124.03807"/><rtept lat="40.04593" lon="-124.03831"/><rtept lat="40.04591" lon="-124.03852"/><rtept lat="40.04599" lon="-124.03877"/><rtept lat="40.04602" lon="-124.03916"/><rtept lat="40.04605" lon="-124.03928"/><rtept lat="40.04618" lon="-124.03947"/><rtept lat="40.04644" lon="-124.03979"/><rtept lat="40.04688" lon="-124.04021"/><rtept lat="40.04705" lon="-124.04043"/><rtept lat="40.04716" lon="-124.04051"/><rtept lat="40.04728" lon="-124.04056"/><rtept lat="40.04792" lon="-124.04061"/><rtept lat="40.04799" lon="-124.04063"/><rtept lat="40.04839" lon="-124.04086"/><rtept lat="40.04853" lon="-124.04092"/><rtept lat="40.04872" lon="-124.04097"/><rtept lat="40.04896" lon="-124.04095"/><rtept lat="40.04929" lon="-124.04101"/><rtept lat="40.04952" lon="-124.04103"/><rtept lat="40.04966" lon="-124.04108"/><rtept lat="40.04975" lon="-124.04115"/><rtept lat="40.04983" lon="-124.04124"/><rtept lat="40.05" lon="-124.04156"/><rtept lat="40.0503" lon="-124.04187"/><rtept lat="40.05056" lon="-124.0421"/><rtept lat="40.05098" lon="-124.04239"/><rtept lat="40.05111" lon="-124.04259"/><rtept lat="40.05138" lon="-124.04327"/><rtept lat="40.05146" lon="-124.04341"/><rtept lat="40.05164" lon="-124.04363"/><rtept lat="40.05221" lon="-124.04418"/><rtept lat="40.05233" lon="-124.04433"/><rtept lat="40.05248" lon="-124.04459"/><rtept lat="40.05265" lon="-124.04496"/><rtept lat="40.05274" lon="-124.04506"/><rtept lat="40.05283" lon="-124.04513"/><rtept lat="40.05369" lon="-124.0455"/><rtept lat="40.05404" lon="-124.04569"/><rtept lat="40.0545" lon="-124.04588"/><rtept lat="40.05479" lon="-124.04607"/><rtept lat="40.05557" lon="-124.0467"/><rtept lat="40.0558" lon="-124.04698"/><rtept lat="40.05587" lon="-124.04703"/><rtept lat="40.05592" lon="-124.0471"/><rtept lat="40.05598" lon="-124.04731"/><rtept lat="40.05603" lon="-124.04739"/><rtept lat="40.05632" lon="-124.04765"/><rtept lat="40.0566" lon="-124.04784"/><rtept lat="40.05667" lon="-124.04786"/><rtept lat="40.05674" lon="-124.04784"/><rtept lat="40.05683" lon="-124.04778"/><rtept lat="40.05703" lon="-124.04738"/><rtept lat="40.05719" lon="-124.04724"/><rtept lat="40.05734" lon="-124.0472"/><rtept lat="40.05754" lon="-124.04721"/><rtept lat="40.05762" lon="-124.04725"/><rtept lat="40.05792" lon="-124.04751"/><rtept lat="40.05822" lon="-124.04771"/><rtept lat="40.05886" lon="-124.0481"/><rtept lat="40.05915" lon="-124.04824"/><rtept lat="40.05971" lon="-124.04863"/><rtept lat="40.0598" lon="-124.04867"/><rtept lat="40.06013" lon="-124.04875"/><rtept lat="40.0602" lon="-124.04879"/><rtept lat="40.06025" lon="-124.04886"/><rtept lat="40.06027" lon="-124.04895"/><rtept lat="40.06039" lon="-124.04989"/><rtept lat="40.06042" lon="-124.05"/><rtept lat="40.06049" lon="-124.0501"/><rtept lat="40.06075" lon="-124.0502"/><rtept lat="40.06089" lon="-124.05065"/><rtept lat="40.06091" lon="-124.05077"/><rtept lat="40.06091" lon="-124.05089"/><rtept lat="40.06087" lon="-124.05114"/><rtept lat="40.06067" lon="-124.05166"/><rtept lat="40.06066" lon="-124.05177"/><rtept lat="40.06069" lon="-124.05186"/><rtept lat="40.06079" lon="-124.05199"/><rtept lat="40.06087" lon="-124.05203"/><rtept lat="40.06102" lon="-124.05206"/><rtept lat="40.06106" lon="-124.05209"/><rtept lat="40.06117" lon="-124.05227"/><rtept lat="40.06178" lon="-124.05277"/><rtept lat="40.06189" lon="-124.05289"/><rtept lat="40.06199" lon="-124.05292"/><rtept lat="40.06244" lon="-124.05334"/><rtept lat="40.06257" lon="-124.05338"/><rtept lat="40.06275" lon="-124.0533"/><rtept lat="40.06284" lon="-124.0532"/><rtept lat="40.06302" lon="-124.05293"/><rtept lat="40.06308" lon="-124.05287"/><rtept lat="40.06318" lon="-124.05281"/><rtept lat="40.06324" lon="-124.0528"/><rtept lat="40.06356" lon="-124.05285"/><rtept lat="40.06378" lon="-124.05279"/><rtept lat="40.06387" lon="-124.05279"/><rtept lat="40.06411" lon="-124.05288"/><rtept lat="40.06446" lon="-124.05306"/><rtept lat="40.06453" lon="-124.05307"/><rtept lat="40.06473" lon="-124.05303"/><rtept lat="40.0649" lon="-124.05305"/><rtept lat="40.0651" lon="-124.05316"/><rtept lat="40.06524" lon="-124.05333"/><rtept lat="40.06534" lon="-124.05339"/><rtept lat="40.06542" lon="-124.05342"/><rtept lat="40.06569" lon="-124.05346"/><rtept lat="40.06585" lon="-124.05355"/><rtept lat="40.06616" lon="-124.05386"/><rtept lat="40.06628" lon="-124.05404"/><rtept lat="40.06675" lon="-124.05445"/><rtept lat="40.06687" lon="-124.05452"/><rtept lat="40.06712" lon="-124.05456"/><rtept lat="40.06732" lon="-124.05451"/><rtept lat="40.06741" lon="-124.05451"/><rtept lat="40.06758" lon="-124.05457"/><rtept lat="40.06838" lon="-124.05501"/><rtept lat="40.06848" lon="-124.05503"/><rtept lat="40.06921" lon="-124.05507"/><rtept lat="40.06991" lon="-124.05519"/><rtept lat="40.07044" lon="-124.0553"/><rtept lat="40.07067" lon="-124.05532"/><rtept lat="40.07117" lon="-124.05522"/><rtept lat="40.07137" lon="-124.05524"/><rtept lat="40.07163" lon="-124.0553"/><rtept lat="40.07237" lon="-124.05538"/><rtept lat="40.07251" lon="-124.05536"/><rtept lat="40.07272" lon="-124.0553"/><rtept lat="40.07283" lon="-124.05537"/><rtept lat="40.07297" lon="-124.05557"/><rtept lat="40.07307" lon="-124.05565"/><rtept lat="40.07356" lon="-124.05579"/><rtept lat="40.07433" lon="-124.05617"/><rtept lat="40.07458" lon="-124.05628"/><rtept lat="40.07481" lon="-124.05635"/><rtept lat="40.07494" lon="-124.05643"/><rtept lat="40.07522" lon="-124.0567"/><rtept lat="40.07532" lon="-124.05677"/><rtept lat="40.07551" lon="-124.05685"/><rtept lat="40.07573" lon="-124.05689"/><rtept lat="40.07598" lon="-124.05691"/><rtept lat="40.07611" lon="-124.0569"/><rtept lat="40.07629" lon="-124.0568"/><rtept lat="40.07637" lon="-124.0568"/><rtept lat="40.07675" lon="-124.05692"/><rtept lat="40.07692" lon="-124.05694"/><rtept lat="40.07787" lon="-124.05686"/><rtept lat="40.07845" lon="-124.05687"/><rtept lat="40.07873" lon="-124.05689"/><rtept lat="40.07891" lon="-124.05693"/><rtept lat="40.07992" lon="-124.05744"/><rtept lat="40.08043" lon="-124.05768"/><rtept lat="40.08054" lon="-124.0577"/><rtept lat="40.08102" lon="-124.05761"/><rtept lat="40.08126" lon="-124.05752"/><rtept lat="40.08136" lon="-124.05751"/><rtept lat="40.08157" lon="-124.05754"/><rtept lat="40.08199" lon="-124.05773"/><rtept lat="40.08222" lon="-124.05787"/><rtept lat="40.08238" lon="-124.05794"/><rtept lat="40.08276" lon="-124.05806"/><rtept lat="40.08286" lon="-124.05807"/><rtept lat="40.08309" lon="-124.05805"/><rtept lat="40.08324" lon="-124.05801"/><rtept lat="40.08356" lon="-124.05802"/><rtept lat="40.08372" lon="-124.05795"/><rtept lat="40.08384" lon="-124.05794"/><rtept lat="40.08402" lon="-124.05786"/><rtept lat="40.08408" lon="-124.05786"/><rtept lat="40.08444" lon="-124.0581"/><rtept lat="40.08533" lon="-124.0586"/><rtept lat="40.08537" lon="-124.05866"/><rtept lat="40.08539" lon="-124.05873"/><rtept lat="40.08538" lon="-124.0588"/><rtept lat="40.08534" lon="-124.05888"/><rtept lat="40.08529" lon="-124.05892"/><rtept lat="40.08514" lon="-124.05898"/><rtept lat="40.0851" lon="-124.05904"/><rtept lat="40.08509" lon="-124.05911"/><rtept lat="40.08511" lon="-124.05918"/><rtept lat="40.08525" lon="-124.05927"/><rtept lat="40.08577" lon="-124.05932"/><rtept lat="40.08583" lon="-124.0593"/><rtept lat="40.08601" lon="-124.05917"/><rtept lat="40.08608" lon="-124.05916"/><rtept lat="40.08628" lon="-124.0592"/><rtept lat="40.08637" lon="-124.05912"/><rtept lat="40.08643" lon="-124.05913"/><rtept lat="40.08665" lon="-124.05924"/><rtept lat="40.08742" lon="-124.05933"/><rtept lat="40.08781" lon="-124.05933"/><rtept lat="40.08816" lon="-124.05929"/><rtept lat="40.08829" lon="-124.05931"/><rtept lat="40.08852" lon="-124.05943"/><rtept lat="40.08889" lon="-124.05949"/><rtept lat="40.08903" lon="-124.05956"/><rtept lat="40.08941" lon="-124.05985"/><rtept lat="40.0899" lon="-124.06034"/><rtept lat="40.09015" lon="-124.0605"/><rtept lat="40.09047" lon="-124.06085"/><rtept lat="40.09077" lon="-124.06131"/><rtept lat="40.09087" lon="-124.06168"/><rtept lat="40.09091" lon="-124.06175"/><rtept lat="40.09098" lon="-124.06179"/><rtept lat="40.09114" lon="-124.06179"/><rtept lat="40.09166" lon="-124.06171"/><rtept lat="40.09182" lon="-124.06162"/><rtept lat="40.09198" lon="-124.0614"/><rtept lat="40.09203" lon="-124.06127"/><rtept lat="40.09207" lon="-124.06113"/><rtept lat="40.09212" lon="-124.06069"/><rtept lat="40.09215" lon="-124.0606"/><rtept lat="40.09221" lon="-124.06053"/><rtept lat="40.09227" lon="-124.06049"/><rtept lat="40.09234" lon="-124.0605"/><rtept lat="40.0924" lon="-124.06054"/><rtept lat="40.09248" lon="-124.06069"/><rtept lat="40.09271" lon="-124.06084"/><rtept lat="40.09276" lon="-124.06091"/><rtept lat="40.09279" lon="-124.06101"/><rtept lat="40.09274" lon="-124.06155"/><rtept lat="40.09248" lon="-124.06194"/><rtept lat="40.09246" lon="-124.06202"/><rtept lat="40.09251" lon="-124.06221"/><rtept lat="40.09252" lon="-124.06232"/><rtept lat="40.09242" lon="-124.06285"/><rtept lat="40.09242" lon="-124.06294"/><rtept lat="40.09245" lon="-124.06302"/><rtept lat="40.09257" lon="-124.06317"/><rtept lat="40.09264" lon="-124.06323"/><rtept lat="40.09273" lon="-124.06326"/><rtept lat="40.0928" lon="-124.06326"/><rtept lat="40.09301" lon="-124.06322"/><rtept lat="40.09355" lon="-124.06322"/><rtept lat="40.09362" lon="-124.06319"/><rtept lat="40.09379" lon="-124.06322"/><rtept lat="40.09397" lon="-124.06322"/><rtept lat="40.09409" lon="-124.06317"/><rtept lat="40.09416" lon="-124.06316"/><rtept lat="40.09436" lon="-124.06318"/><rtept lat="40.09452" lon="-124.06322"/><rtept lat="40.0946" lon="-124.06329"/><rtept lat="40.0947" lon="-124.06329"/><rtept lat="40.09528" lon="-124.06359"/><rtept lat="40.09535" lon="-124.06359"/><rtept lat="40.09548" lon="-124.06356"/><rtept lat="40.09554" lon="-124.06357"/><rtept lat="40.09561" lon="-124.06365"/><rtept lat="40.09565" lon="-124.06395"/><rtept lat="40.09569" lon="-124.06406"/><rtept lat="40.09577" lon="-124.0642"/><rtept lat="40.09588" lon="-124.06458"/><rtept lat="40.09593" lon="-124.06468"/><rtept lat="40.09601" lon="-124.06476"/><rtept lat="40.09609" lon="-124.06479"/><rtept lat="40.09615" lon="-124.06479"/><rtept lat="40.09622" lon="-124.06474"/><rtept lat="40.09636" lon="-124.06449"/><rtept lat="40.09643" lon="-124.06444"/><rtept lat="40.09667" lon="-124.06434"/><rtept lat="40.09675" lon="-124.06427"/><rtept lat="40.09688" lon="-124.06409"/><rtept lat="40.09695" lon="-124.06404"/><rtept lat="40.09701" lon="-124.06404"/><rtept lat="40.09724" lon="-124.06428"/><rtept lat="40.09728" lon="-124.06436"/><rtept lat="40.09733" lon="-124.06465"/><rtept lat="40.09737" lon="-124.06473"/><rtept lat="40.09748" lon="-124.06485"/><rtept lat="40.09758" lon="-124.0652"/><rtept lat="40.09771" lon="-124.06546"/><rtept lat="40.09781" lon="-124.06561"/><rtept lat="40.09786" lon="-124.06564"/><rtept lat="40.09792" lon="-124.06563"/><rtept lat="40.09803" lon="-124.06553"/><rtept lat="40.09842" lon="-124.0651"/><rtept lat="40.09848" lon="-124.06507"/><rtept lat="40.09907" lon="-124.06521"/><rtept lat="40.09914" lon="-124.06526"/><rtept lat="40.09919" lon="-124.06533"/><rtept lat="40.09931" lon="-124.06566"/><rtept lat="40.09942" lon="-124.06642"/><rtept lat="40.09942" lon="-124.06659"/><rtept lat="40.09934" lon="-124.06693"/><rtept lat="40.09933" lon="-124.06727"/><rtept lat="40.09929" lon="-124.06767"/><rtept lat="40.09931" lon="-124.06774"/><rtept lat="40.09943" lon="-124.06791"/><rtept lat="40.09947" lon="-124.068"/><rtept lat="40.09948" lon="-124.06811"/><rtept lat="40.09947" lon="-124.06821"/><rtept lat="40.09943" lon="-124.0683"/><rtept lat="40.09914" lon="-124.0687"/><rtept lat="40.0991" lon="-124.0688"/><rtept lat="40.09909" lon="-124.06892"/><rtept lat="40.09913" lon="-124.06915"/><rtept lat="40.09924" lon="-124.06928"/><rtept lat="40.09932" lon="-124.0693"/><rtept lat="40.09951" lon="-124.0693"/><rtept lat="40.09971" lon="-124.06933"/><rtept lat="40.09993" lon="-124.06928"/><rtept lat="40.1001" lon="-124.06916"/><rtept lat="40.1002" lon="-124.06911"/><rtept lat="40.10058" lon="-124.06908"/><rtept lat="40.10064" lon="-124.0691"/><rtept lat="40.10073" lon="-124.06921"/><rtept lat="40.10075" lon="-124.06931"/><rtept lat="40.10076" lon="-124.06985"/><rtept lat="40.10079" lon="-124.06994"/><rtept lat="40.10086" lon="-124.07001"/><rtept lat="40.10112" lon="-124.07009"/><rtept lat="40.10121" lon="-124.07017"/><rtept lat="40.10128" lon="-124.07028"/><rtept lat="40.10132" lon="-124.07041"/><rtept lat="40.10138" lon="-124.07086"/><rtept lat="40.10151" lon="-124.07108"/><rtept lat="40.10159" lon="-124.07112"/><rtept lat="40.10169" lon="-124.07113"/><rtept lat="40.10179" lon="-124.07109"/><rtept lat="40.10194" lon="-124.07098"/><rtept lat="40.10202" lon="-124.07095"/><rtept lat="40.10214" lon="-124.07094"/><rtept lat="40.10221" lon="-124.07096"/><rtept lat="40.10228" lon="-124.07101"/><rtept lat="40.10248" lon="-124.07135"/><rtept lat="40.10254" lon="-124.0714"/><rtept lat="40.10262" lon="-124.07141"/><rtept lat="40.1027" lon="-124.07137"/><rtept lat="40.10277" lon="-124.07129"/><rtept lat="40.10281" lon="-124.07117"/><rtept lat="40.10283" lon="-124.07087"/><rtept lat="40.10264" lon="-124.07005"/><rtept lat="40.10253" lon="-124.06986"/><rtept lat="40.10251" lon="-124.06978"/><rtept lat="40.1025" lon="-124.0696"/><rtept lat="40.10251" lon="-124.06941"/><rtept lat="40.10254" lon="-124.06931"/><rtept lat="40.10258" lon="-124.06924"/><rtept lat="40.10272" lon="-124.0691"/><rtept lat="40.10276" lon="-124.06903"/><rtept lat="40.10276" lon="-124.06894"/><rtept lat="40.10274" lon="-124.06882"/><rtept lat="40.10254" lon="-124.06835"/><rtept lat="40.10249" lon="-124.06815"/><rtept lat="40.10247" lon="-124.06776"/><rtept lat="40.10249" lon="-124.06763"/><rtept lat="40.10256" lon="-124.06746"/><rtept lat="40.10278" lon="-124.06721"/><rtept lat="40.10284" lon="-124.06689"/><rtept lat="40.10288" lon="-124.06679"/><rtept lat="40.10297" lon="-124.06667"/><rtept lat="40.1032" lon="-124.06646"/><rtept lat="40.10326" lon="-124.06644"/><rtept lat="40.10332" lon="-124.06646"/><rtept lat="40.10372" lon="-124.06671"/><rtept lat="40.10387" lon="-124.06692"/><rtept lat="40.10408" lon="-124.06712"/><rtept lat="40.1045" lon="-124.06741"/><rtept lat="40.10456" lon="-124.06743"/><rtept lat="40.10463" lon="-124.06741"/><rtept lat="40.10482" lon="-124.06725"/><rtept lat="40.10504" lon="-124.0671"/><rtept lat="40.10511" lon="-124.06708"/><rtept lat="40.10529" lon="-124.0671"/><rtept lat="40.10535" lon="-124.06716"/><rtept lat="40.10529" lon="-124.06724"/><rtept lat="40.10518" lon="-124.06726"/><rtept lat="40.10489" lon="-124.0674"/><rtept lat="40.1047" lon="-124.06762"/><rtept lat="40.10453" lon="-124.06772"/><rtept lat="40.10443" lon="-124.06775"/><rtept lat="40.1041" lon="-124.06777"/><rtept lat="40.10405" lon="-124.0678"/><rtept lat="40.10401" lon="-124.06787"/><rtept lat="40.10397" lon="-124.06815"/><rtept lat="40.10397" lon="-124.06826"/><rtept lat="40.104" lon="-124.06841"/><rtept lat="40.10415" lon="-124.06878"/><rtept lat="40.10415" lon="-124.06887"/><rtept lat="40.10412" lon="-124.06896"/><rtept lat="40.10397" lon="-124.06921"/><rtept lat="40.10395" lon="-124.0694"/><rtept lat="40.10397" lon="-124.0695"/><rtept lat="40.10429" lon="-124.07008"/><rtept lat="40.10435" lon="-124.07015"/><rtept lat="40.10441" lon="-124.07019"/><rtept lat="40.10469" lon="-124.07025"/><rtept lat="40.10474" lon="-124.07031"/><rtept lat="40.10485" lon="-124.07055"/><rtept lat="40.10506" lon="-124.07085"/><rtept lat="40.10509" lon="-124.07095"/><rtept lat="40.10512" lon="-124.07134"/><rtept lat="40.1051" lon="-124.07159"/><rtept lat="40.10511" lon="-124.07165"/><rtept lat="40.10515" lon="-124.07168"/><rtept lat="40.1052" lon="-124.07168"/><rtept lat="40.10524" lon="-124.07164"/><rtept lat="40.10532" lon="-124.0714"/><rtept lat="40.10537" lon="-124.07137"/><rtept lat="40.10544" lon="-124.07137"/><rtept lat="40.10588" lon="-124.07172"/><rtept lat="40.10592" lon="-124.0718"/><rtept lat="40.10595" lon="-124.07194"/><rtept lat="40.10615" lon="-124.07243"/><rtept lat="40.10619" lon="-124.07263"/><rtept lat="40.10622" lon="-124.07269"/><rtept lat="40.10631" lon="-124.07277"/><rtept lat="40.10642" lon="-124.07281"/><rtept lat="40.10701" lon="-124.07281"/><rtept lat="40.10712" lon="-124.0729"/><rtept lat="40.10738" lon="-124.07291"/><rtept lat="40.10744" lon="-124.073"/><rtept lat="40.1075" lon="-124.07302"/><rtept lat="40.10784" lon="-124.07291"/><rtept lat="40.10792" lon="-124.07286"/><rtept lat="40.1084" lon="-124.07244"/><rtept lat="40.10847" lon="-124.07243"/><rtept lat="40.10854" lon="-124.07244"/><rtept lat="40.10863" lon="-124.07251"/><rtept lat="40.10868" lon="-124.07264"/><rtept lat="40.10862" lon="-124.07286"/><rtept lat="40.10854" lon="-124.07295"/><rtept lat="40.10811" lon="-124.07327"/><rtept lat="40.10797" lon="-124.0734"/><rtept lat="40.10784" lon="-124.07358"/><rtept lat="40.10763" lon="-124.07382"/><rtept lat="40.10751" lon="-124.07391"/><rtept lat="40.10731" lon="-124.07399"/><rtept lat="40.10714" lon="-124.07401"/><rtept lat="40.10709" lon="-124.074"/><rtept lat="40.10695" lon="-124.07393"/><rtept lat="40.10682" lon="-124.07393"/><rtept lat="40.10592" lon="-124.0741"/><rtept lat="40.10577" lon="-124.07417"/><rtept lat="40.10569" lon="-124.07428"/><rtept lat="40.10531" lon="-124.07458"/><rtept lat="40.10525" lon="-124.07465"/><rtept lat="40.10515" lon="-124.07492"/><rtept lat="40.10486" lon="-124.07533"/><rtept lat="40.1047" lon="-124.0756"/><rtept lat="40.10464" lon="-124.07567"/><rtept lat="40.10441" lon="-124.0758"/><rtept lat="40.10433" lon="-124.07589"/><rtept lat="40.10422" lon="-124.07606"/><rtept lat="40.10374" lon="-124.07627"/><rtept lat="40.10389" lon="-124.07655"/><rtept lat="40.104" lon="-124.0767"/><rtept lat="40.10407" lon="-124.07674"/><rtept lat="40.10415" lon="-124.07675"/><rtept lat="40.10423" lon="-124.07672"/><rtept lat="40.10446" lon="-124.07645"/><rtept lat="40.10452" lon="-124.0764"/><rtept lat="40.10537" lon="-124.07521"/><rtept lat="40.10542" lon="-124.07518"/><rtept lat="40.10548" lon="-124.07518"/><rtept lat="40.10553" lon="-124.07521"/><rtept lat="40.10572" lon="-124.07544"/><rtept lat="40.10578" lon="-124.07549"/><rtept lat="40.10605" lon="-124.07558"/><rtept lat="40.10626" lon="-124.07554"/><rtept lat="40.10643" lon="-124.07554"/><rtept lat="40.10699" lon="-124.07559"/><rtept lat="40.10734" lon="-124.07573"/><rtept lat="40.10743" lon="-124.07575"/><rtept lat="40.10755" lon="-124.07575"/><rtept lat="40.10774" lon="-124.07583"/><rtept lat="40.10784" lon="-124.07591"/><rtept lat="40.10794" lon="-124.07607"/><rtept lat="40.10815" lon="-124.07632"/><rtept lat="40.10824" lon="-124.0764"/><rtept lat="40.1083" lon="-124.07642"/><rtept lat="40.10854" lon="-124.07639"/><rtept lat="40.109" lon="-124.0765"/><rtept lat="40.10908" lon="-124.07654"/><rtept lat="40.10919" lon="-124.07666"/><rtept lat="40.10936" lon="-124.07716"/><rtept lat="40.1094" lon="-124.07739"/><rtept lat="40.10945" lon="-124.07753"/><rtept lat="40.10961" lon="-124.0778"/><rtept lat="40.10963" lon="-124.07788"/><rtept lat="40.10962" lon="-124.07839"/><rtept lat="40.10964" lon="-124.07856"/><rtept lat="40.10971" lon="-124.07878"/><rtept lat="40.10978" lon="-124.07925"/><rtept lat="40.10983" lon="-124.07943"/><rtept lat="40.10988" lon="-124.0795"/><rtept lat="40.10994" lon="-124.07953"/><rtept lat="40.11001" lon="-124.07953"/><rtept lat="40.1101" lon="-124.07949"/><rtept lat="40.11021" lon="-124.07939"/><rtept lat="40.11029" lon="-124.07936"/><rtept lat="40.11056" lon="-124.07938"/><rtept lat="40.11089" lon="-124.07949"/><rtept lat="40.11099" lon="-124.0795"/><rtept lat="40.11123" lon="-124.07947"/><rtept lat="40.11155" lon="-124.07952"/><rtept lat="40.11175" lon="-124.07941"/><rtept lat="40.11183" lon="-124.07941"/><rtept lat="40.11245" lon="-124.07967"/><rtept lat="40.11258" lon="-124.07969"/><rtept lat="40.11293" lon="-124.0797"/><rtept lat="40.1132" lon="-124.07976"/><rtept lat="40.11334" lon="-124.07984"/><rtept lat="40.11354" lon="-124.08001"/><rtept lat="40.11371" lon="-124.08011"/><rtept lat="40.114" lon="-124.08016"/><rtept lat="40.11435" lon="-124.08038"/><rtept lat="40.11447" lon="-124.08041"/><rtept lat="40.11511" lon="-124.0804"/><rtept lat="40.11528" lon="-124.08042"/><rtept lat="40.11559" lon="-124.08057"/><rtept lat="40.11566" lon="-124.08071"/><rtept lat="40.11572" lon="-124.08076"/><rtept lat="40.11591" lon="-124.08083"/><rtept lat="40.11617" lon="-124.08087"/><rtept lat="40.11626" lon="-124.0809"/><rtept lat="40.11657" lon="-124.08106"/><rtept lat="40.11672" lon="-124.08117"/><rtept lat="40.11702" lon="-124.08143"/><rtept lat="40.11726" lon="-124.08174"/><rtept lat="40.11743" lon="-124.08193"/><rtept lat="40.11759" lon="-124.08226"/><rtept lat="40.11777" lon="-124.08241"/><rtept lat="40.11795" lon="-124.08251"/><rtept lat="40.11807" lon="-124.08254"/><rtept lat="40.11847" lon="-124.08252"/><rtept lat="40.11873" lon="-124.08258"/><rtept lat="40.11907" lon="-124.08276"/><rtept lat="40.11923" lon="-124.08281"/><rtept lat="40.11941" lon="-124.08283"/><rtept lat="40.11952" lon="-124.08281"/><rtept lat="40.11974" lon="-124.08266"/><rtept lat="40.11984" lon="-124.08263"/><rtept lat="40.12018" lon="-124.08237"/><rtept lat="40.12041" lon="-124.08216"/><rtept lat="40.12056" lon="-124.08212"/><rtept lat="40.12063" lon="-124.08206"/><rtept lat="40.12069" lon="-124.08205"/><rtept lat="40.12096" lon="-124.08206"/><rtept lat="40.121" lon="-124.08209"/><rtept lat="40.1211" lon="-124.08226"/><rtept lat="40.12118" lon="-124.08232"/><rtept lat="40.12126" lon="-124.08236"/><rtept lat="40.12137" lon="-124.08236"/><rtept lat="40.12176" lon="-124.08231"/><rtept lat="40.12188" lon="-124.08221"/><rtept lat="40.12205" lon="-124.08217"/><rtept lat="40.12221" lon="-124.0821"/><rtept lat="40.12242" lon="-124.08195"/><rtept lat="40.12252" lon="-124.08193"/><rtept lat="40.12275" lon="-124.082"/><rtept lat="40.12281" lon="-124.082"/><rtept lat="40.123" lon="-124.08193"/><rtept lat="40.1232" lon="-124.08178"/><rtept lat="40.12326" lon="-124.08178"/><rtept lat="40.12331" lon="-124.08182"/><rtept lat="40.12344" lon="-124.08202"/><rtept lat="40.12356" lon="-124.08209"/><rtept lat="40.12385" lon="-124.08215"/><rtept lat="40.1239" lon="-124.08219"/><rtept lat="40.12401" lon="-124.08235"/><rtept lat="40.12417" lon="-124.08252"/><rtept lat="40.12426" lon="-124.08256"/><rtept lat="40.12433" lon="-124.08257"/><rtept lat="40.12448" lon="-124.08255"/><rtept lat="40.12472" lon="-124.08248"/><rtept lat="40.12484" lon="-124.08249"/><rtept lat="40.12491" lon="-124.08252"/><rtept lat="40.12496" lon="-124.08255"/><rtept lat="40.12505" lon="-124.0828"/><rtept lat="40.12511" lon="-124.08292"/><rtept lat="40.1253" lon="-124.08315"/><rtept lat="40.12572" lon="-124.08413"/><rtept lat="40.12578" lon="-124.08419"/><rtept lat="40.12611" lon="-124.08426"/><rtept lat="40.12659" lon="-124.0846"/><rtept lat="40.1269" lon="-124.08468"/><rtept lat="40.12703" lon="-124.08479"/><rtept lat="40.12727" lon="-124.08489"/><rtept lat="40.12732" lon="-124.08493"/><rtept lat="40.12739" lon="-124.08507"/><rtept lat="40.12743" lon="-124.08509"/><rtept lat="40.1279" lon="-124.08514"/><rtept lat="40.12865" lon="-124.0855"/><rtept lat="40.12879" lon="-124.08553"/><rtept lat="40.12903" lon="-124.08552"/><rtept lat="40.12934" lon="-124.08545"/><rtept lat="40.12939" lon="-124.08547"/><rtept lat="40.12945" lon="-124.08562"/><rtept lat="40.12952" lon="-124.08574"/><rtept lat="40.12989" lon="-124.08617"/><rtept lat="40.12995" lon="-124.08629"/><rtept lat="40.13001" lon="-124.08654"/><rtept lat="40.13" lon="-124.08664"/><rtept lat="40.12994" lon="-124.08686"/><rtept lat="40.12995" lon="-124.08694"/><rtept lat="40.13001" lon="-124.08713"/><rtept lat="40.12998" lon="-124.08727"/><rtept lat="40.12998" lon="-124.08737"/><rtept lat="40.13001" lon="-124.08746"/><rtept lat="40.13012" lon="-124.08761"/><rtept lat="40.13021" lon="-124.0877"/><rtept lat="40.13035" lon="-124.0879"/><rtept lat="40.13044" lon="-124.0881"/><rtept lat="40.13051" lon="-124.08833"/><rtept lat="40.13056" lon="-124.08842"/><rtept lat="40.13062" lon="-124.08849"/><rtept lat="40.13091" lon="-124.08873"/><rtept lat="40.13098" lon="-124.08883"/><rtept lat="40.13115" lon="-124.08895"/><rtept lat="40.13121" lon="-124.08903"/><rtept lat="40.13125" lon="-124.08934"/><rtept lat="40.13129" lon="-124.08942"/><rtept lat="40.13161" lon="-124.08984"/><rtept lat="40.13205" lon="-124.09012"/><rtept lat="40.13227" lon="-124.09029"/><rtept lat="40.13233" lon="-124.09039"/><rtept lat="40.13237" lon="-124.0905"/><rtept lat="40.13242" lon="-124.09053"/><rtept lat="40.13252" lon="-124.09047"/><rtept lat="40.13256" lon="-124.09047"/><rtept lat="40.13262" lon="-124.09052"/><rtept lat="40.13271" lon="-124.09065"/><rtept lat="40.13292" lon="-124.09079"/><rtept lat="40.13296" lon="-124.0909"/><rtept lat="40.13295" lon="-124.09113"/><rtept lat="40.13297" lon="-124.09121"/><rtept lat="40.133" lon="-124.09126"/><rtept lat="40.13316" lon="-124.09136"/><rtept lat="40.13324" lon="-124.09136"/><rtept lat="40.1333" lon="-124.09133"/><rtept lat="40.13353" lon="-124.09107"/><rtept lat="40.13362" lon="-124.09102"/><rtept lat="40.1339" lon="-124.09096"/><rtept lat="40.13398" lon="-124.09096"/><rtept lat="40.13402" lon="-124.09098"/><rtept lat="40.13442" lon="-124.09126"/><rtept lat="40.13452" lon="-124.0913"/><rtept lat="40.13461" lon="-124.0913"/><rtept lat="40.13494" lon="-124.09122"/><rtept lat="40.13504" lon="-124.09122"/><rtept lat="40.13528" lon="-124.09129"/><rtept lat="40.13538" lon="-124.09128"/><rtept lat="40.13564" lon="-124.09117"/><rtept lat="40.1357" lon="-124.09112"/><rtept lat="40.13573" lon="-124.09105"/><rtept lat="40.13574" lon="-124.0908"/><rtept lat="40.13577" lon="-124.09074"/><rtept lat="40.13583" lon="-124.0907"/><rtept lat="40.1359" lon="-124.09069"/><rtept lat="40.13605" lon="-124.09072"/><rtept lat="40.13623" lon="-124.09081"/><rtept lat="40.1363" lon="-124.09096"/><rtept lat="40.13637" lon="-124.09101"/><rtept lat="40.13644" lon="-124.09103"/><rtept lat="40.13656" lon="-124.09102"/><rtept lat="40.13663" lon="-124.09106"/><rtept lat="40.13683" lon="-124.09131"/><rtept lat="40.13691" lon="-124.09135"/><rtept lat="40.13704" lon="-124.09137"/><rtept lat="40.13725" lon="-124.09125"/><rtept lat="40.13736" lon="-124.09123"/><rtept lat="40.13748" lon="-124.09124"/><rtept lat="40.13763" lon="-124.09129"/><rtept lat="40.13771" lon="-124.09142"/><rtept lat="40.13776" lon="-124.09144"/><rtept lat="40.13802" lon="-124.0914"/><rtept lat="40.13831" lon="-124.09131"/><rtept lat="40.13853" lon="-124.09123"/><rtept lat="40.13875" lon="-124.09112"/><rtept lat="40.13881" lon="-124.09111"/><rtept lat="40.13895" lon="-124.09111"/><rtept lat="40.13914" lon="-124.09115"/><rtept lat="40.13937" lon="-124.09127"/><rtept lat="40.13944" lon="-124.09127"/><rtept lat="40.13952" lon="-124.09123"/><rtept lat="40.13972" lon="-124.09107"/><rtept lat="40.13984" lon="-124.09104"/><rtept lat="40.14005" lon="-124.09086"/><rtept lat="40.14011" lon="-124.09085"/><rtept lat="40.14028" lon="-124.09096"/><rtept lat="40.14036" lon="-124.09098"/><rtept lat="40.14057" lon="-124.09093"/><rtept lat="40.1407" lon="-124.09103"/><rtept lat="40.1409" lon="-124.09099"/><rtept lat="40.14094" lon="-124.09094"/><rtept lat="40.14096" lon="-124.09075"/><rtept lat="40.14099" lon="-124.09069"/><rtept lat="40.14111" lon="-124.09059"/><rtept lat="40.14116" lon="-124.09051"/><rtept lat="40.14126" lon="-124.09021"/><rtept lat="40.14132" lon="-124.09016"/><rtept lat="40.14153" lon="-124.09014"/><rtept lat="40.14162" lon="-124.0901"/><rtept lat="40.14176" lon="-124.08999"/><rtept lat="40.14182" lon="-124.08999"/><rtept lat="40.1421" lon="-124.0901"/><rtept lat="40.14238" lon="-124.09006"/><rtept lat="40.14242" lon="-124.09003"/><rtept lat="40.14267" lon="-124.0897"/><rtept lat="40.14273" lon="-124.08967"/><rtept lat="40.14279" lon="-124.08969"/><rtept lat="40.14282" lon="-124.08972"/><rtept lat="40.14284" lon="-124.08979"/><rtept lat="40.14281" lon="-124.0899"/><rtept lat="40.14296" lon="-124.0899"/><rtept lat="40.14315" lon="-124.08979"/><rtept lat="40.14335" lon="-124.08988"/><rtept lat="40.14353" lon="-124.08992"/><rtept lat="40.1436" lon="-124.08997"/><rtept lat="40.14399" lon="-124.09044"/><rtept lat="40.14406" lon="-124.09049"/><rtept lat="40.14414" lon="-124.09051"/><rtept lat="40.14436" lon="-124.09046"/><rtept lat="40.14441" lon="-124.09041"/><rtept lat="40.14455" lon="-124.09011"/><rtept lat="40.14472" lon="-124.08991"/><rtept lat="40.14477" lon="-124.08978"/><rtept lat="40.14499" lon="-124.08958"/><rtept lat="40.14503" lon="-124.08959"/><rtept lat="40.14506" lon="-124.08968"/><rtept lat="40.14502" lon="-124.0898"/><rtept lat="40.14501" lon="-124.08989"/><rtept lat="40.14503" lon="-124.08997"/><rtept lat="40.14507" lon="-124.09004"/><rtept lat="40.14513" lon="-124.09007"/><rtept lat="40.14522" lon="-124.09005"/><rtept lat="40.14527" lon="-124.08998"/><rtept lat="40.1454" lon="-124.08947"/><rtept lat="40.14541" lon="-124.08936"/><rtept lat="40.14523" lon="-124.08884"/><rtept lat="40.14523" lon="-124.08862"/><rtept lat="40.14527" lon="-124.08852"/><rtept lat="40.14534" lon="-124.08841"/><rtept lat="40.14542" lon="-124.08834"/><rtept lat="40.14555" lon="-124.08828"/><rtept lat="40.1456" lon="-124.08823"/><rtept lat="40.14566" lon="-124.08813"/><rtept lat="40.14578" lon="-124.08805"/><rtept lat="40.14585" lon="-124.08798"/><rtept lat="40.14624" lon="-124.0872"/><rtept lat="40.14626" lon="-124.08711"/><rtept lat="40.14624" lon="-124.08702"/><rtept lat="40.14616" lon="-124.08688"/><rtept lat="40.14615" lon="-124.08678"/><rtept lat="40.14597" lon="-124.08679"/><rtept lat="40.14578" lon="-124.08687"/><rtept lat="40.14537" lon="-124.0871"/><rtept lat="40.14528" lon="-124.08718"/><rtept lat="40.14511" lon="-124.08743"/><rtept lat="40.14496" lon="-124.08785"/><rtept lat="40.14488" lon="-124.08801"/><rtept lat="40.14473" lon="-124.08816"/><rtept lat="40.14464" lon="-124.0882"/><rtept lat="40.14451" lon="-124.0882"/><rtept lat="40.14433" lon="-124.08827"/><rtept lat="40.14415" lon="-124.08825"/><rtept lat="40.14407" lon="-124.08822"/><rtept lat="40.14402" lon="-124.08816"/><rtept lat="40.14385" lon="-124.08785"/><rtept lat="40.14378" lon="-124.08779"/><rtept lat="40.14371" lon="-124.08777"/><rtept lat="40.14353" lon="-124.08777"/><rtept lat="40.14344" lon="-124.08781"/><rtept lat="40.14322" lon="-124.08799"/><rtept lat="40.14314" lon="-124.08802"/><rtept lat="40.14306" lon="-124.08801"/><rtept lat="40.14301" lon="-124.08799"/><rtept lat="40.14296" lon="-124.08793"/><rtept lat="40.1429" lon="-124.08769"/><rtept lat="40.14283" lon="-124.08753"/><rtept lat="40.14275" lon="-124.08744"/><rtept lat="40.14238" lon="-124.08721"/><rtept lat="40.14233" lon="-124.08714"/><rtept lat="40.1423" lon="-124.08692"/><rtept lat="40.14227" lon="-124.08685"/><rtept lat="40.14222" lon="-124.08678"/><rtept lat="40.14204" lon="-124.08666"/><rtept lat="40.142" lon="-124.0866"/><rtept lat="40.14199" lon="-124.08652"/><rtept lat="40.14202" lon="-124.08644"/><rtept lat="40.14209" lon="-124.08611"/><rtept lat="40.14214" lon="-124.08599"/><rtept lat="40.14239" lon="-124.08558"/><rtept lat="40.14245" lon="-124.08536"/><rtept lat="40.14244" lon="-124.08519"/><rtept lat="40.14237" lon="-124.08489"/><rtept lat="40.14233" lon="-124.08483"/><rtept lat="40.14225" lon="-124.08477"/><rtept lat="40.14215" lon="-124.08473"/><rtept lat="40.14173" lon="-124.08477"/><rtept lat="40.14164" lon="-124.08476"/><rtept lat="40.14157" lon="-124.08472"/><rtept lat="40.14137" lon="-124.08447"/><rtept lat="40.14126" lon="-124.08439"/><rtept lat="40.14108" lon="-124.08435"/><rtept lat="40.14065" lon="-124.08432"/><rtept lat="40.14017" lon="-124.08434"/><rtept lat="40.13996" lon="-124.08437"/><rtept lat="40.13972" lon="-124.08447"/><rtept lat="40.13942" lon="-124.08473"/><rtept lat="40.13917" lon="-124.08489"/><rtept lat="40.13885" lon="-124.08526"/><rtept lat="40.13876" lon="-124.0853"/><rtept lat="40.1387" lon="-124.0853"/><rtept lat="40.13861" lon="-124.08527"/><rtept lat="40.13856" lon="-124.08521"/><rtept lat="40.13852" lon="-124.08514"/><rtept lat="40.13845" lon="-124.08493"/><rtept lat="40.13822" lon="-124.08463"/><rtept lat="40.13816" lon="-124.08449"/><rtept lat="40.13803" lon="-124.08401"/><rtept lat="40.13804" lon="-124.08383"/><rtept lat="40.13808" lon="-124.08374"/><rtept lat="40.13814" lon="-124.08366"/><rtept lat="40.13866" lon="-124.0833"/><rtept lat="40.1392" lon="-124.083"/><rtept lat="40.13936" lon="-124.08265"/><rtept lat="40.1395" lon="-124.08248"/><rtept lat="40.1396" lon="-124.0824"/><rtept lat="40.13988" lon="-124.08232"/><rtept lat="40.14006" lon="-124.08213"/><rtept lat="40.14009" lon="-124.08205"/><rtept lat="40.14009" lon="-124.08198"/><rtept lat="40.13998" lon="-124.08141"/><rtept lat="40.13999" lon="-124.08108"/><rtept lat="40.13991" lon="-124.08086"/><rtept lat="40.1399" lon="-124.08073"/><rtept lat="40.13991" lon="-124.08061"/><rtept lat="40.13996" lon="-124.0805"/><rtept lat="40.14001" lon="-124.08045"/><rtept lat="40.14007" lon="-124.08042"/><rtept lat="40.14034" lon="-124.08039"/><rtept lat="40.14124" lon="-124.08035"/><rtept lat="40.14151" lon="-124.08045"/><rtept lat="40.14169" lon="-124.08057"/><rtept lat="40.14178" lon="-124.08058"/><rtept lat="40.14189" lon="-124.08054"/><rtept lat="40.14199" lon="-124.08044"/><rtept lat="40.14204" lon="-124.08022"/><rtept lat="40.14204" lon="-124.08009"/><rtept lat="40.14184" lon="-124.07878"/><rtept lat="40.14178" lon="-124.0786"/><rtept lat="40.14119" lon="-124.07755"/><rtept lat="40.14114" lon="-124.07731"/><rtept lat="40.14113" lon="-124.07697"/><rtept lat="40.1411" lon="-124.07685"/><rtept lat="40.141" lon="-124.07663"/><rtept lat="40.14094" lon="-124.07655"/><rtept lat="40.14071" lon="-124.07638"/><rtept lat="40.14065" lon="-124.0763"/><rtept lat="40.14061" lon="-124.0762"/><rtept lat="40.14061" lon="-124.07612"/><rtept lat="40.14067" lon="-124.07581"/><rtept lat="40.14066" lon="-124.07564"/><rtept lat="40.14055" lon="-124.07521"/><rtept lat="40.14047" lon="-124.075"/><rtept lat="40.1404" lon="-124.07488"/><rtept lat="40.14033" lon="-124.07481"/><rtept lat="40.14012" lon="-124.0747"/><rtept lat="40.14003" lon="-124.0746"/><rtept lat="40.13999" lon="-124.07451"/><rtept lat="40.13989" lon="-124.07369"/><rtept lat="40.13984" lon="-124.07357"/><rtept lat="40.13957" lon="-124.07309"/><rtept lat="40.13919" lon="-124.07264"/><rtept lat="40.13902" lon="-124.07247"/><rtept lat="40.13889" lon="-124.07242"/><rtept lat="40.13872" lon="-124.07241"/><rtept lat="40.13865" lon="-124.07244"/><rtept lat="40.1386" lon="-124.0725"/><rtept lat="40.13849" lon="-124.07278"/><rtept lat="40.13832" lon="-124.0731"/><rtept lat="40.13825" lon="-124.07316"/><rtept lat="40.13801" lon="-124.0732"/><rtept lat="40.13792" lon="-124.07323"/><rtept lat="40.13753" lon="-124.07357"/><rtept lat="40.13721" lon="-124.0739"/><rtept lat="40.13715" lon="-124.07392"/><rtept lat="40.13708" lon="-124.07392"/><rtept lat="40.13695" lon="-124.07383"/><rtept lat="40.13691" lon="-124.07374"/><rtept lat="40.13687" lon="-124.07335"/><rtept lat="40.13684" lon="-124.07325"/><rtept lat="40.13677" lon="-124.07312"/><rtept lat="40.13671" lon="-124.07304"/><rtept lat="40.13652" lon="-124.07293"/><rtept lat="40.13645" lon="-124.07284"/><rtept lat="40.13641" lon="-124.07273"/><rtept lat="40.13638" lon="-124.07255"/><rtept lat="40.13638" lon="-124.07238"/><rtept lat="40.13644" lon="-124.07187"/><rtept lat="40.1364" lon="-124.0717"/><rtept lat="40.13634" lon="-124.07165"/><rtept lat="40.1358" lon="-124.07159"/><rtept lat="40.13571" lon="-124.07147"/><rtept lat="40.13586" lon="-124.07149"/><rtept lat="40.13615" lon="-124.07147"/><rtept lat="40.13627" lon="-124.07143"/><rtept lat="40.13636" lon="-124.07135"/><rtept lat="40.13667" lon="-124.07124"/><rtept lat="40.13676" lon="-124.07123"/><rtept lat="40.13683" lon="-124.07131"/><rtept lat="40.13692" lon="-124.07217"/><rtept lat="40.13691" lon="-124.07237"/><rtept lat="40.13695" lon="-124.07231"/><rtept lat="40.13709" lon="-124.07257"/><rtept lat="40.13711" lon="-124.07274"/><rtept lat="40.1372" lon="-124.0726"/><rtept lat="40.1373" lon="-124.07261"/><rtept lat="40.13738" lon="-124.07258"/><rtept lat="40.13747" lon="-124.07248"/><rtept lat="40.13763" lon="-124.07218"/><rtept lat="40.13797" lon="-124.07164"/><rtept lat="40.13817" lon="-124.07137"/><rtept lat="40.13844" lon="-124.07115"/><rtept lat="40.13863" lon="-124.07107"/><rtept lat="40.13927" lon="-124.07106"/><rtept lat="40.13941" lon="-124.07108"/><rtept lat="40.1395" lon="-124.07115"/><rtept lat="40.13954" lon="-124.07124"/><rtept lat="40.13959" lon="-124.07151"/><rtept lat="40.13964" lon="-124.07157"/><rtept lat="40.13971" lon="-124.07162"/><rtept lat="40.13985" lon="-124.07162"/><rtept lat="40.14012" lon="-124.07156"/><rtept lat="40.14025" lon="-124.07159"/><rtept lat="40.14046" lon="-124.07182"/><rtept lat="40.14069" lon="-124.07212"/><rtept lat="40.14077" lon="-124.07235"/><rtept lat="40.14077" lon="-124.07268"/><rtept lat="40.14084" lon="-124.07276"/><rtept lat="40.14097" lon="-124.07279"/><rtept lat="40.14132" lon="-124.07298"/><rtept lat="40.14142" lon="-124.07299"/><rtept lat="40.14157" lon="-124.07294"/><rtept lat="40.14185" lon="-124.07295"/><rtept lat="40.14214" lon="-124.07298"/><rtept lat="40.14233" lon="-124.07304"/><rtept lat="40.14244" lon="-124.07318"/><rtept lat="40.14246" lon="-124.07335"/><rtept lat="40.14244" lon="-124.07365"/><rtept lat="40.14245" lon="-124.07386"/><rtept lat="40.14247" lon="-124.07394"/><rtept lat="40.14257" lon="-124.07406"/><rtept lat="40.14266" lon="-124.07411"/><rtept lat="40.14302" lon="-124.07414"/><rtept lat="40.14341" lon="-124.07431"/><rtept lat="40.14353" lon="-124.07434"/><rtept lat="40.14365" lon="-124.07431"/><rtept lat="40.14403" lon="-124.07415"/><rtept lat="40.14418" lon="-124.07407"/><rtept lat="40.14427" lon="-124.07405"/><rtept lat="40.14434" lon="-124.07411"/><rtept lat="40.14442" lon="-124.07425"/><rtept lat="40.14451" lon="-124.07446"/><rtept lat="40.14461" lon="-124.0746"/><rtept lat="40.1447" lon="-124.07467"/><rtept lat="40.14492" lon="-124.07475"/><rtept lat="40.14505" lon="-124.07488"/><rtept lat="40.14531" lon="-124.07525"/><rtept lat="40.14542" lon="-124.07538"/><rtept lat="40.14587" lon="-124.07567"/><rtept lat="40.14605" lon="-124.07583"/><rtept lat="40.1461" lon="-124.07593"/><rtept lat="40.14611" lon="-124.07643"/><rtept lat="40.14619" lon="-124.07646"/><rtept lat="40.14627" lon="-124.0764"/><rtept lat="40.1464" lon="-124.0761"/><rtept lat="40.14651" lon="-124.0759"/><rtept lat="40.1468" lon="-124.07556"/><rtept lat="40.14707" lon="-124.07529"/><rtept lat="40.14715" lon="-124.07525"/><rtept lat="40.14723" lon="-124.07526"/><rtept lat="40.14731" lon="-124.07532"/><rtept lat="40.14737" lon="-124.07539"/><rtept lat="40.14742" lon="-124.07558"/><rtept lat="40.14732" lon="-124.07599"/><rtept lat="40.14731" lon="-124.0761"/><rtept lat="40.14732" lon="-124.07621"/><rtept lat="40.14739" lon="-124.07641"/><rtept lat="40.1475" lon="-124.07654"/><rtept lat="40.14783" lon="-124.07672"/><rtept lat="40.14796" lon="-124.07683"/><rtept lat="40.14801" lon="-124.07682"/><rtept lat="40.14804" lon="-124.07672"/><rtept lat="40.1477" lon="-124.07631"/><rtept lat="40.14768" lon="-124.07624"/><rtept lat="40.14768" lon="-124.07615"/><rtept lat="40.1477" lon="-124.07608"/><rtept lat="40.14775" lon="-124.07602"/><rtept lat="40.14815" lon="-124.07592"/><rtept lat="40.14834" lon="-124.07572"/><rtept lat="40.14836" lon="-124.07561"/><rtept lat="40.14822" lon="-124.0753"/><rtept lat="40.14819" lon="-124.07516"/><rtept lat="40.14819" lon="-124.07505"/><rtept lat="40.14825" lon="-124.07479"/><rtept lat="40.14829" lon="-124.07472"/><rtept lat="40.14834" lon="-124.07473"/><rtept lat="40.14836" lon="-124.07482"/><rtept lat="40.14834" lon="-124.07502"/><rtept lat="40.1484" lon="-124.07522"/><rtept lat="40.14878" lon="-124.07551"/><rtept lat="40.14882" lon="-124.07559"/><rtept lat="40.14884" lon="-124.07567"/><rtept lat="40.14881" lon="-124.07578"/><rtept lat="40.14874" lon="-124.0759"/><rtept lat="40.14872" lon="-124.07601"/><rtept lat="40.14876" lon="-124.07609"/><rtept lat="40.14887" lon="-124.07616"/><rtept lat="40.14912" lon="-124.07617"/><rtept lat="40.14927" lon="-124.07623"/><rtept lat="40.14944" lon="-124.07641"/><rtept lat="40.14952" lon="-124.07643"/><rtept lat="40.14956" lon="-124.0764"/><rtept lat="40.14956" lon="-124.07634"/><rtept lat="40.14945" lon="-124.07613"/><rtept lat="40.14932" lon="-124.07597"/><rtept lat="40.14928" lon="-124.07588"/><rtept lat="40.14929" lon="-124.07569"/><rtept lat="40.14935" lon="-124.07549"/><rtept lat="40.1494" lon="-124.07542"/><rtept lat="40.14945" lon="-124.07528"/><rtept lat="40.14965" lon="-124.07501"/><rtept lat="40.14969" lon="-124.07479"/><rtept lat="40.14976" lon="-124.07462"/><rtept lat="40.1498" lon="-124.07459"/><rtept lat="40.14985" lon="-124.07458"/><rtept lat="40.14995" lon="-124.07468"/><rtept lat="40.15023" lon="-124.07515"/><rtept lat="40.15025" lon="-124.07522"/><rtept lat="40.15015" lon="-124.07559"/><rtept lat="40.15014" lon="-124.07569"/><rtept lat="40.15017" lon="-124.07588"/><rtept lat="40.15023" lon="-124.07604"/><rtept lat="40.15032" lon="-124.07622"/><rtept lat="40.15043" lon="-124.07637"/><rtept lat="40.15066" lon="-124.07661"/><rtept lat="40.15081" lon="-124.07684"/><rtept lat="40.1509" lon="-124.07692"/><rtept lat="40.15094" lon="-124.07689"/><rtept lat="40.15088" lon="-124.07652"/><rtept lat="40.1509" lon="-124.07641"/><rtept lat="40.151" lon="-124.07622"/><rtept lat="40.15107" lon="-124.07616"/><rtept lat="40.15107" lon="-124.07612"/><rtept lat="40.15179" lon="-124.07611"/><rtept lat="40.15183" lon="-124.07613"/><rtept lat="40.15185" lon="-124.07618"/><rtept lat="40.15184" lon="-124.07623"/><rtept lat="40.15157" lon="-124.07642"/><rtept lat="40.15152" lon="-124.07649"/><rtept lat="40.1515" lon="-124.07657"/><rtept lat="40.15152" lon="-124.07672"/><rtept lat="40.15172" lon="-124.07749"/><rtept lat="40.15166" lon="-124.0778"/><rtept lat="40.15161" lon="-124.07795"/><rtept lat="40.15165" lon="-124.07839"/><rtept lat="40.15169" lon="-124.0784"/><rtept lat="40.15175" lon="-124.07836"/><rtept lat="40.15201" lon="-124.07766"/><rtept lat="40.15216" lon="-124.07752"/><rtept lat="40.15228" lon="-124.07752"/><rtept lat="40.15233" lon="-124.07757"/><rtept lat="40.15235" lon="-124.07764"/><rtept lat="40.15234" lon="-124.0777"/><rtept lat="40.15225" lon="-124.07785"/><rtept lat="40.15221" lon="-124.07795"/><rtept lat="40.15216" lon="-124.0781"/><rtept lat="40.15214" lon="-124.07823"/><rtept lat="40.15222" lon="-124.07834"/><rtept lat="40.15228" lon="-124.07837"/><rtept lat="40.15234" lon="-124.07836"/><rtept lat="40.15266" lon="-124.07813"/><rtept lat="40.15276" lon="-124.07812"/><rtept lat="40.15316" lon="-124.07825"/><rtept lat="40.15339" lon="-124.07826"/><rtept lat="40.15364" lon="-124.07836"/><rtept lat="40.15463" lon="-124.07898"/><rtept lat="40.15482" lon="-124.07912"/><rtept lat="40.1549" lon="-124.07925"/><rtept lat="40.15494" lon="-124.07937"/><rtept lat="40.15496" lon="-124.07949"/><rtept lat="40.15498" lon="-124.08007"/><rtept lat="40.155" lon="-124.08017"/><rtept lat="40.15504" lon="-124.08024"/><rtept lat="40.15511" lon="-124.08031"/><rtept lat="40.15522" lon="-124.08033"/><rtept lat="40.15533" lon="-124.08031"/><rtept lat="40.15547" lon="-124.08025"/><rtept lat="40.1557" lon="-124.08022"/><rtept lat="40.15578" lon="-124.08014"/><rtept lat="40.156" lon="-124.08009"/><rtept lat="40.1561" lon="-124.08004"/><rtept lat="40.15636" lon="-124.08009"/><rtept lat="40.15637" lon="-124.08003"/><rtept lat="40.15633" lon="-124.07995"/><rtept lat="40.15607" lon="-124.07971"/><rtept lat="40.1558" lon="-124.07952"/><rtept lat="40.15577" lon="-124.07947"/><rtept lat="40.15578" lon="-124.07942"/><rtept lat="40.15582" lon="-124.07939"/><rtept lat="40.15631" lon="-124.07946"/><rtept lat="40.1564" lon="-124.07945"/><rtept lat="40.15647" lon="-124.07946"/><rtept lat="40.15648" lon="-124.07943"/><rtept lat="40.15655" lon="-124.07937"/><rtept lat="40.15676" lon="-124.07924"/><rtept lat="40.15683" lon="-124.07923"/><rtept lat="40.15689" lon="-124.07925"/><rtept lat="40.1572" lon="-124.07944"/><rtept lat="40.15754" lon="-124.07954"/><rtept lat="40.15819" lon="-124.07992"/><rtept lat="40.15882" lon="-124.08005"/><rtept lat="40.1593" lon="-124.08017"/><rtept lat="40.15942" lon="-124.08016"/><rtept lat="40.1595" lon="-124.0801"/><rtept lat="40.15959" lon="-124.07997"/><rtept lat="40.16045" lon="-124.08016"/><rtept lat="40.16143" lon="-124.08017"/><rtept lat="40.16201" lon="-124.0803"/><rtept lat="40.16231" lon="-124.08034"/><rtept lat="40.1625" lon="-124.0803"/><rtept lat="40.16293" lon="-124.08009"/><rtept lat="40.16302" lon="-124.08008"/><rtept lat="40.16311" lon="-124.08009"/><rtept lat="40.16318" lon="-124.08012"/><rtept lat="40.16332" lon="-124.08024"/><rtept lat="40.16338" lon="-124.08033"/><rtept lat="40.16359" lon="-124.08114"/><rtept lat="40.16368" lon="-124.08125"/><rtept lat="40.16374" lon="-124.08126"/><rtept lat="40.16385" lon="-124.08122"/><rtept lat="40.16399" lon="-124.08095"/><rtept lat="40.16404" lon="-124.08089"/><rtept lat="40.1641" lon="-124.08086"/><rtept lat="40.1642" lon="-124.08085"/><rtept lat="40.16432" lon="-124.08087"/><rtept lat="40.16438" lon="-124.08096"/><rtept lat="40.16444" lon="-124.08173"/><rtept lat="40.16457" lon="-124.08206"/><rtept lat="40.16483" lon="-124.08232"/><rtept lat="40.1651" lon="-124.08242"/><rtept lat="40.16544" lon="-124.08265"/><rtept lat="40.16573" lon="-124.08298"/><rtept lat="40.16598" lon="-124.08313"/><rtept lat="40.16652" lon="-124.08341"/><rtept lat="40.16691" lon="-124.08367"/><rtept lat="40.16702" lon="-124.08376"/><rtept lat="40.16746" lon="-124.08423"/><rtept lat="40.16807" lon="-124.08478"/><rtept lat="40.16825" lon="-124.08503"/><rtept lat="40.16877" lon="-124.08548"/><rtept lat="40.16981" lon="-124.08652"/><rtept lat="40.17015" lon="-124.08674"/><rtept lat="40.1706" lon="-124.08713"/><rtept lat="40.17079" lon="-124.08732"/><rtept lat="40.17096" lon="-124.08745"/><rtept lat="40.1719" lon="-124.08812"/><rtept lat="40.17212" lon="-124.08826"/><rtept lat="40.17245" lon="-124.08842"/><rtept lat="40.17269" lon="-124.08849"/><rtept lat="40.17299" lon="-124.08851"/><rtept lat="40.17355" lon="-124.08847"/><rtept lat="40.17446" lon="-124.08867"/><rtept lat="40.1747" lon="-124.08877"/><rtept lat="40.1752" lon="-124.0891"/><rtept lat="40.17532" lon="-124.08915"/><rtept lat="40.17569" lon="-124.08924"/><rtept lat="40.17582" lon="-124.0893"/><rtept lat="40.17597" lon="-124.08932"/><rtept lat="40.17624" lon="-124.08931"/><rtept lat="40.17674" lon="-124.08923"/><rtept lat="40.17697" lon="-124.08914"/><rtept lat="40.17745" lon="-124.08905"/><rtept lat="40.17848" lon="-124.08893"/><rtept lat="40.17856" lon="-124.08889"/><rtept lat="40.17967" lon="-124.08875"/><rtept lat="40.18016" lon="-124.08855"/><rtept lat="40.18029" lon="-124.08853"/><rtept lat="40.18069" lon="-124.08854"/><rtept lat="40.18095" lon="-124.08849"/><rtept lat="40.18185" lon="-124.08843"/><rtept lat="40.18207" lon="-124.08845"/><rtept lat="40.18231" lon="-124.08833"/><rtept lat="40.18256" lon="-124.08824"/><rtept lat="40.18278" lon="-124.08822"/><rtept lat="40.18286" lon="-124.08825"/><rtept lat="40.18294" lon="-124.08831"/><rtept lat="40.18302" lon="-124.08842"/><rtept lat="40.18319" lon="-124.08881"/><rtept lat="40.18333" lon="-124.08901"/><rtept lat="40.1837" lon="-124.08941"/><rtept lat="40.18381" lon="-124.08976"/><rtept lat="40.18386" lon="-124.08983"/><rtept lat="40.18393" lon="-124.08987"/><rtept lat="40.18424" lon="-124.08987"/><rtept lat="40.18443" lon="-124.08998"/><rtept lat="40.18486" lon="-124.09042"/><rtept lat="40.18509" lon="-124.09068"/><rtept lat="40.18548" lon="-124.09127"/><rtept lat="40.18591" lon="-124.0918"/><rtept lat="40.18613" lon="-124.09201"/><rtept lat="40.18658" lon="-124.09236"/><rtept lat="40.18697" lon="-124.09281"/><rtept lat="40.18705" lon="-124.09286"/><rtept lat="40.18713" lon="-124.09286"/><rtept lat="40.18742" lon="-124.09268"/><rtept lat="40.18769" lon="-124.09265"/><rtept lat="40.18805" lon="-124.09256"/><rtept lat="40.18812" lon="-124.09258"/><rtept lat="40.18819" lon="-124.09265"/><rtept lat="40.18828" lon="-124.09287"/><rtept lat="40.18837" lon="-124.09317"/><rtept lat="40.18855" lon="-124.09343"/><rtept lat="40.18858" lon="-124.09355"/><rtept lat="40.18857" lon="-124.09367"/><rtept lat="40.18854" lon="-124.09374"/><rtept lat="40.18833" lon="-124.0941"/><rtept lat="40.18831" lon="-124.09419"/><rtept lat="40.18833" lon="-124.09426"/><rtept lat="40.18835" lon="-124.09431"/><rtept lat="40.1884" lon="-124.09434"/><rtept lat="40.18847" lon="-124.09433"/><rtept lat="40.18884" lon="-124.09399"/><rtept lat="40.18891" lon="-124.09397"/><rtept lat="40.18897" lon="-124.09399"/><rtept lat="40.18902" lon="-124.09404"/><rtept lat="40.18907" lon="-124.09414"/><rtept lat="40.18914" lon="-124.0945"/><rtept lat="40.18919" lon="-124.09456"/><rtept lat="40.18924" lon="-124.09458"/><rtept lat="40.1893" lon="-124.09457"/><rtept lat="40.18935" lon="-124.09454"/><rtept lat="40.1895" lon="-124.09434"/><rtept lat="40.18979" lon="-124.09412"/><rtept lat="40.18998" lon="-124.09401"/><rtept lat="40.19043" lon="-124.09385"/><rtept lat="40.19053" lon="-124.09378"/><rtept lat="40.19118" lon="-124.09364"/><rtept lat="40.19137" lon="-124.09362"/><rtept lat="40.19148" lon="-124.09364"/><rtept lat="40.19166" lon="-124.09377"/><rtept lat="40.19173" lon="-124.09389"/><rtept lat="40.192" lon="-124.09409"/><rtept lat="40.19241" lon="-124.09436"/><rtept lat="40.19257" lon="-124.09442"/><rtept lat="40.19263" lon="-124.09448"/><rtept lat="40.19271" lon="-124.09449"/><rtept lat="40.193" lon="-124.0944"/><rtept lat="40.19312" lon="-124.09438"/><rtept lat="40.19317" lon="-124.09439"/><rtept lat="40.19392" lon="-124.09496"/><rtept lat="40.19453" lon="-124.09527"/><rtept lat="40.19499" lon="-124.09545"/><rtept lat="40.19528" lon="-124.09562"/><rtept lat="40.1954" lon="-124.09574"/><rtept lat="40.19559" lon="-124.096"/><rtept lat="40.19573" lon="-124.09626"/><rtept lat="40.19579" lon="-124.09644"/><rtept lat="40.19593" lon="-124.09731"/><rtept lat="40.19594" lon="-124.09746"/><rtept lat="40.19623" lon="-124.09822"/><rtept lat="40.19636" lon="-124.09891"/><rtept lat="40.19646" lon="-124.0996"/><rtept lat="40.1965" lon="-124.09972"/><rtept lat="40.19654" lon="-124.09979"/><rtept lat="40.19691" lon="-124.10025"/><rtept lat="40.19717" lon="-124.10062"/><rtept lat="40.19734" lon="-124.10079"/><rtept lat="40.19767" lon="-124.10098"/><rtept lat="40.19897" lon="-124.10166"/><rtept lat="40.19921" lon="-124.10168"/><rtept lat="40.19938" lon="-124.10182"/><rtept lat="40.19962" lon="-124.10184"/><rtept lat="40.19999" lon="-124.10196"/><rtept lat="40.20006" lon="-124.10195"/><rtept lat="40.20021" lon="-124.10183"/><rtept lat="40.20053" lon="-124.10146"/><rtept lat="40.20075" lon="-124.10131"/><rtept lat="40.20092" lon="-124.10126"/><rtept lat="40.20119" lon="-124.10125"/><rtept lat="40.20148" lon="-124.10129"/><rtept lat="40.20168" lon="-124.10135"/><rtept lat="40.20176" lon="-124.10139"/><rtept lat="40.20204" lon="-124.10164"/><rtept lat="40.20234" lon="-124.10187"/><rtept lat="40.20271" lon="-124.10208"/><rtept lat="40.20298" lon="-124.10228"/><rtept lat="40.20327" lon="-124.10264"/><rtept lat="40.20357" lon="-124.10286"/><rtept lat="40.20425" lon="-124.10287"/><rtept lat="40.20439" lon="-124.10281"/><rtept lat="40.20445" lon="-124.1028"/><rtept lat="40.20525" lon="-124.10287"/><rtept lat="40.20596" lon="-124.10319"/><rtept lat="40.20607" lon="-124.10322"/><rtept lat="40.20641" lon="-124.10319"/><rtept lat="40.20663" lon="-124.10319"/><rtept lat="40.20678" lon="-124.10325"/><rtept lat="40.20683" lon="-124.10325"/><rtept lat="40.20717" lon="-124.10305"/><rtept lat="40.20726" lon="-124.10304"/><rtept lat="40.20736" lon="-124.10308"/><rtept lat="40.2075" lon="-124.10318"/><rtept lat="40.20759" lon="-124.10328"/><rtept lat="40.20798" lon="-124.10401"/><rtept lat="40.20853" lon="-124.10484"/><rtept lat="40.20866" lon="-124.10495"/><rtept lat="40.20888" lon="-124.10524"/><rtept lat="40.20916" lon="-124.10551"/><rtept lat="40.20925" lon="-124.10556"/><rtept lat="40.20939" lon="-124.10557"/><rtept lat="40.20952" lon="-124.10554"/><rtept lat="40.20971" lon="-124.10545"/><rtept lat="40.20995" lon="-124.10519"/><rtept lat="40.21005" lon="-124.10512"/><rtept lat="40.21023" lon="-124.10509"/><rtept lat="40.21036" lon="-124.10503"/><rtept lat="40.21049" lon="-124.10501"/><rtept lat="40.21141" lon="-124.10493"/><rtept lat="40.21158" lon="-124.10486"/><rtept lat="40.21178" lon="-124.10469"/><rtept lat="40.21194" lon="-124.10467"/><rtept lat="40.21204" lon="-124.10472"/><rtept lat="40.21221" lon="-124.10488"/><rtept lat="40.21225" lon="-124.10496"/><rtept lat="40.21227" lon="-124.10506"/><rtept lat="40.21227" lon="-124.10536"/><rtept lat="40.21229" lon="-124.10544"/><rtept lat="40.21234" lon="-124.10551"/><rtept lat="40.21286" lon="-124.10585"/><rtept lat="40.21305" lon="-124.10594"/><rtept lat="40.21315" lon="-124.10608"/><rtept lat="40.2132" lon="-124.10611"/><rtept lat="40.21327" lon="-124.10612"/><rtept lat="40.21334" lon="-124.10609"/><rtept lat="40.21353" lon="-124.1059"/><rtept lat="40.2136" lon="-124.10587"/><rtept lat="40.21365" lon="-124.10588"/><rtept lat="40.21417" lon="-124.10604"/><rtept lat="40.21438" lon="-124.10606"/><rtept lat="40.21467" lon="-124.10619"/><rtept lat="40.21504" lon="-124.10648"/><rtept lat="40.21527" lon="-124.1068"/><rtept lat="40.21545" lon="-124.10714"/><rtept lat="40.2155" lon="-124.10729"/><rtept lat="40.21549" lon="-124.10746"/><rtept lat="40.21552" lon="-124.10768"/><rtept lat="40.2155" lon="-124.10806"/><rtept lat="40.21552" lon="-124.10819"/><rtept lat="40.21556" lon="-124.10827"/><rtept lat="40.21562" lon="-124.10828"/><rtept lat="40.2157" lon="-124.10824"/><rtept lat="40.21583" lon="-124.10813"/><rtept lat="40.21615" lon="-124.10762"/><rtept lat="40.21622" lon="-124.10765"/><rtept lat="40.21642" lon="-124.10795"/><rtept lat="40.21651" lon="-124.10799"/><rtept lat="40.21661" lon="-124.10794"/><rtept lat="40.21662" lon="-124.10783"/><rtept lat="40.21652" lon="-124.10764"/><rtept lat="40.21651" lon="-124.10755"/><rtept lat="40.21652" lon="-124.1075"/><rtept lat="40.21657" lon="-124.10746"/><rtept lat="40.21661" lon="-124.10746"/><rtept lat="40.21666" lon="-124.10749"/><rtept lat="40.21695" lon="-124.10774"/><rtept lat="40.21719" lon="-124.10779"/><rtept lat="40.21726" lon="-124.10784"/><rtept lat="40.21736" lon="-124.10806"/><rtept lat="40.21739" lon="-124.10841"/><rtept lat="40.21743" lon="-124.10853"/><rtept lat="40.21756" lon="-124.10873"/><rtept lat="40.21759" lon="-124.10883"/><rtept lat="40.21756" lon="-124.10892"/><rtept lat="40.21747" lon="-124.10907"/><rtept lat="40.21751" lon="-124.10919"/><rtept lat="40.21755" lon="-124.10922"/><rtept lat="40.21772" lon="-124.10915"/><rtept lat="40.21792" lon="-124.10912"/><rtept lat="40.21797" lon="-124.10906"/><rtept lat="40.21801" lon="-124.10896"/><rtept lat="40.21802" lon="-124.10842"/><rtept lat="40.21807" lon="-124.10827"/><rtept lat="40.21814" lon="-124.1081"/><rtept lat="40.21819" lon="-124.10807"/><rtept lat="40.21825" lon="-124.10808"/><rtept lat="40.21831" lon="-124.10812"/><rtept lat="40.21834" lon="-124.10819"/><rtept lat="40.21839" lon="-124.10913"/><rtept lat="40.21836" lon="-124.10935"/><rtept lat="40.21817" lon="-124.1098"/><rtept lat="40.21811" lon="-124.11023"/><rtept lat="40.21807" lon="-124.11037"/><rtept lat="40.21791" lon="-124.11065"/><rtept lat="40.21782" lon="-124.11075"/><rtept lat="40.21775" lon="-124.1108"/><rtept lat="40.21763" lon="-124.11082"/><rtept lat="40.21745" lon="-124.11083"/><rtept lat="40.21721" lon="-124.1108"/><rtept lat="40.217" lon="-124.11069"/><rtept lat="40.2169" lon="-124.11059"/><rtept lat="40.21682" lon="-124.11057"/><rtept lat="40.21675" lon="-124.11059"/><rtept lat="40.2167" lon="-124.11064"/><rtept lat="40.21667" lon="-124.11073"/><rtept lat="40.2167" lon="-124.11087"/><rtept lat="40.21689" lon="-124.11111"/><rtept lat="40.21715" lon="-124.11169"/><rtept lat="40.21725" lon="-124.11182"/><rtept lat="40.21753" lon="-124.1121"/><rtept lat="40.21774" lon="-124.11236"/><rtept lat="40.2178" lon="-124.1124"/><rtept lat="40.21788" lon="-124.11241"/><rtept lat="40.218" lon="-124.11237"/><rtept lat="40.2181" lon="-124.11229"/><rtept lat="40.21846" lon="-124.11182"/><rtept lat="40.2186" lon="-124.11169"/><rtept lat="40.21883" lon="-124.11157"/><rtept lat="40.21903" lon="-124.11138"/><rtept lat="40.21946" lon="-124.1112"/><rtept lat="40.21958" lon="-124.11118"/><rtept lat="40.21965" lon="-124.11118"/><rtept lat="40.21972" lon="-124.11127"/><rtept lat="40.21973" lon="-124.11142"/><rtept lat="40.21964" lon="-124.11161"/><rtept lat="40.21963" lon="-124.1117"/><rtept lat="40.21971" lon="-124.11158"/><rtept lat="40.21977" lon="-124.11174"/><rtept lat="40.21985" lon="-124.11179"/><rtept lat="40.22002" lon="-124.11175"/><rtept lat="40.22012" lon="-124.11169"/><rtept lat="40.22027" lon="-124.11153"/><rtept lat="40.22037" lon="-124.11148"/><rtept lat="40.22085" lon="-124.1114"/><rtept lat="40.22152" lon="-124.11139"/><rtept lat="40.22192" lon="-124.11142"/><rtept lat="40.22205" lon="-124.11146"/><rtept lat="40.22249" lon="-124.11165"/><rtept lat="40.22261" lon="-124.11165"/><rtept lat="40.22277" lon="-124.11158"/><rtept lat="40.22312" lon="-124.11138"/><rtept lat="40.22369" lon="-124.11119"/><rtept lat="40.22378" lon="-124.11121"/><rtept lat="40.22404" lon="-124.11132"/><rtept lat="40.22419" lon="-124.11134"/><rtept lat="40.22435" lon="-124.11131"/><rtept lat="40.2246" lon="-124.1112"/><rtept lat="40.22497" lon="-124.11109"/><rtept lat="40.22527" lon="-124.11097"/><rtept lat="40.22551" lon="-124.11085"/><rtept lat="40.22592" lon="-124.11061"/><rtept lat="40.22646" lon="-124.11016"/><rtept lat="40.22657" lon="-124.11005"/><rtept lat="40.2269" lon="-124.10957"/><rtept lat="40.22695" lon="-124.10952"/><rtept lat="40.22704" lon="-124.10946"/><rtept lat="40.22714" lon="-124.10944"/><rtept lat="40.22724" lon="-124.10944"/><rtept lat="40.22733" lon="-124.10946"/><rtept lat="40.22754" lon="-124.10958"/><rtept lat="40.22786" lon="-124.10983"/><rtept lat="40.22816" lon="-124.1101"/><rtept lat="40.22855" lon="-124.11051"/><rtept lat="40.22864" lon="-124.11056"/><rtept lat="40.22899" lon="-124.11063"/><rtept lat="40.22906" lon="-124.11062"/><rtept lat="40.22971" lon="-124.11032"/><rtept lat="40.22986" lon="-124.1103"/><rtept lat="40.23" lon="-124.11032"/><rtept lat="40.23013" lon="-124.11037"/><rtept lat="40.23021" lon="-124.11044"/><rtept lat="40.23035" lon="-124.11066"/><rtept lat="40.23065" lon="-124.11157"/><rtept lat="40.2307" lon="-124.11166"/><rtept lat="40.23081" lon="-124.11179"/><rtept lat="40.23089" lon="-124.11185"/><rtept lat="40.23145" lon="-124.11222"/><rtept lat="40.23152" lon="-124.11231"/><rtept lat="40.23159" lon="-124.11245"/><rtept lat="40.23163" lon="-124.11267"/><rtept lat="40.23151" lon="-124.11358"/><rtept lat="40.23143" lon="-124.11457"/><rtept lat="40.2314" lon="-124.11546"/><rtept lat="40.2315" lon="-124.11594"/><rtept lat="40.23157" lon="-124.11612"/><rtept lat="40.23173" lon="-124.11632"/><rtept lat="40.23191" lon="-124.11647"/><rtept lat="40.23216" lon="-124.11655"/><rtept lat="40.23235" lon="-124.11655"/><rtept lat="40.23282" lon="-124.11637"/><rtept lat="40.23305" lon="-124.11624"/><rtept lat="40.23315" lon="-124.11621"/><rtept lat="40.23345" lon="-124.11623"/><rtept lat="40.23366" lon="-124.11628"/><rtept lat="40.234" lon="-124.11653"/><rtept lat="40.23441" lon="-124.1169"/><rtept lat="40.2347" lon="-124.11722"/><rtept lat="40.23542" lon="-124.11791"/><rtept lat="40.23568" lon="-124.11819"/><rtept lat="40.23615" lon="-124.11874"/><rtept lat="40.23636" lon="-124.11901"/><rtept lat="40.23707" lon="-124.1201"/><rtept lat="40.23728" lon="-124.12038"/><rtept lat="40.23755" lon="-124.12066"/><rtept lat="40.23794" lon="-124.12094"/><rtept lat="40.24119" lon="-124.12242"/><rtept lat="40.24155" lon="-124.12257"/><rtept lat="40.24189" lon="-124.12268"/><rtept lat="40.24295" lon="-124.12296"/><rtept lat="40.24313" lon="-124.12305"/><rtept lat="40.24321" lon="-124.12316"/><rtept lat="40.24329" lon="-124.12335"/><rtept lat="40.2433" lon="-124.12447"/><rtept lat="40.24328" lon="-124.1247"/><rtept lat="40.24322" lon="-124.12492"/><rtept lat="40.24316" lon="-124.12534"/><rtept lat="40.24302" lon="-124.12722"/><rtept lat="40.24297" lon="-124.12758"/><rtept lat="40.24275" lon="-124.1283"/><rtept lat="40.24245" lon="-124.12884"/><rtept lat="40.24203" lon="-124.12947"/><rtept lat="40.24182" lon="-124.12967"/><rtept lat="40.23955" lon="-124.1316"/><rtept lat="40.23845" lon="-124.13262"/><rtept lat="40.23777" lon="-124.13346"/><rtept lat="40.23757" lon="-124.13392"/><rtept lat="40.23687" lon="-124.13491"/><rtept lat="40.23671" lon="-124.13511"/><rtept lat="40.2364" lon="-124.1354"/><rtept lat="40.23617" lon="-124.13557"/><rtept lat="40.23567" lon="-124.13586"/><rtept lat="40.23495" lon="-124.13621"/><rtept lat="40.23452" lon="-124.13653"/><rtept lat="40.2342" lon="-124.13667"/><rtept lat="40.23408" lon="-124.13674"/><rtept lat="40.23314" lon="-124.13749"/><rtept lat="40.23287" lon="-124.13783"/><rtept lat="40.23258" lon="-124.13813"/><rtept lat="40.23235" lon="-124.13841"/><rtept lat="40.23183" lon="-124.13911"/><rtept lat="40.23142" lon="-124.13975"/><rtept lat="40.2307" lon="-124.14122"/><rtept lat="40.23037" lon="-124.14185"/><rtept lat="40.23" lon="-124.14246"/><rtept lat="40.22992" lon="-124.14264"/><rtept lat="40.22984" lon="-124.14291"/><rtept lat="40.22975" lon="-124.14333"/><rtept lat="40.22971" lon="-124.14391"/><rtept lat="40.22986" lon="-124.1455"/><rtept lat="40.22987" lon="-124.14592"/><rtept lat="40.22961" lon="-124.14866"/><rtept lat="40.22964" lon="-124.14909"/><rtept lat="40.2296" lon="-124.14929"/><rtept lat="40.22961" lon="-124.14941"/><rtept lat="40.22991" lon="-124.15058"/><rtept lat="40.2301" lon="-124.15105"/><rtept lat="40.2302" lon="-124.15123"/><rtept lat="40.23098" lon="-124.15219"/><rtept lat="40.23135" lon="-124.15285"/><rtept lat="40.23171" lon="-124.15339"/><rtept lat="40.23223" lon="-124.15385"/><rtept lat="40.23246" lon="-124.15416"/><rtept lat="40.2326" lon="-124.15429"/><rtept lat="40.23277" lon="-124.15439"/><rtept lat="40.23374" lon="-124.15478"/><rtept lat="40.23409" lon="-124.15498"/><rtept lat="40.23432" lon="-124.15519"/><rtept lat="40.23509" lon="-124.15634"/><rtept lat="40.23517" lon="-124.15649"/><rtept lat="40.23537" lon="-124.15695"/><rtept lat="40.23553" lon="-124.15738"/><rtept lat="40.23558" lon="-124.1577"/><rtept lat="40.23566" lon="-124.15797"/><rtept lat="40.23572" lon="-124.15809"/><rtept lat="40.23622" lon="-124.1588"/><rtept lat="40.23633" lon="-124.15892"/><rtept lat="40.23682" lon="-124.15933"/><rtept lat="40.23695" lon="-124.15948"/><rtept lat="40.23718" lon="-124.15978"/><rtept lat="40.2378" lon="-124.16068"/><rtept lat="40.23799" lon="-124.16091"/><rtept lat="40.23875" lon="-124.16173"/><rtept lat="40.23912" lon="-124.16221"/><rtept lat="40.23946" lon="-124.16277"/><rtept lat="40.2399" lon="-124.16356"/><rtept lat="40.24007" lon="-124.16382"/><rtept lat="40.24031" lon="-124.16414"/><rtept lat="40.24044" lon="-124.16427"/><rtept lat="40.24061" lon="-124.16438"/><rtept lat="40.24094" lon="-124.16455"/><rtept lat="40.24129" lon="-124.16465"/><rtept lat="40.24238" lon="-124.16472"/><rtept lat="40.2426" lon="-124.16469"/><rtept lat="40.24345" lon="-124.16431"/><rtept lat="40.24455" lon="-124.16375"/><rtept lat="40.24493" lon="-124.16361"/><rtept lat="40.24513" lon="-124.16357"/><rtept lat="40.24543" lon="-124.16352"/><rtept lat="40.24571" lon="-124.16353"/><rtept lat="40.24585" lon="-124.16357"/><rtept lat="40.24605" lon="-124.16368"/><rtept lat="40.24621" lon="-124.16383"/><rtept lat="40.24632" lon="-124.16398"/><rtept lat="40.24644" lon="-124.16424"/><rtept lat="40.24719" lon="-124.16683"/><rtept lat="40.24731" lon="-124.16712"/><rtept lat="40.24846" lon="-124.16923"/><rtept lat="40.24874" lon="-124.16982"/><rtept lat="40.24888" lon="-124.17031"/><rtept lat="40.24912" lon="-124.17187"/><rtept lat="40.24928" lon="-124.17268"/><rtept lat="40.2493" lon="-124.17295"/><rtept lat="40.24929" lon="-124.17319"/><rtept lat="40.24909" lon="-124.17383"/><rtept lat="40.24903" lon="-124.17424"/><rtept lat="40.24902" lon="-124.1745"/><rtept lat="40.24909" lon="-124.17532"/><rtept lat="40.24944" lon="-124.17695"/><rtept lat="40.24956" lon="-124.1776"/><rtept lat="40.24968" lon="-124.17809"/><rtept lat="40.24983" lon="-124.17889"/><rtept lat="40.2501" lon="-124.17959"/><rtept lat="40.251" lon="-124.18147"/><rtept lat="40.25131" lon="-124.18228"/><rtept lat="40.25147" lon="-124.18264"/><rtept lat="40.25209" lon="-124.18377"/><rtept lat="40.25219" lon="-124.18413"/><rtept lat="40.25221" lon="-124.18432"/><rtept lat="40.25219" lon="-124.18451"/><rtept lat="40.25204" lon="-124.18515"/><rtept lat="40.25197" lon="-124.18561"/><rtept lat="40.25195" lon="-124.18583"/><rtept lat="40.25196" lon="-124.18604"/><rtept lat="40.25214" lon="-124.18693"/><rtept lat="40.25215" lon="-124.18741"/><rtept lat="40.25218" lon="-124.18757"/><rtept lat="40.25225" lon="-124.1877"/><rtept lat="40.25251" lon="-124.18802"/><rtept lat="40.25256" lon="-124.18813"/><rtept lat="40.25259" lon="-124.18826"/><rtept lat="40.25259" lon="-124.1884"/><rtept lat="40.25242" lon="-124.18884"/><rtept lat="40.25236" lon="-124.18891"/><rtept lat="40.2521" lon="-124.18914"/><rtept lat="40.25199" lon="-124.18932"/><rtept lat="40.25194" lon="-124.18947"/><rtept lat="40.25192" lon="-124.18971"/><rtept lat="40.25194" lon="-124.18981"/><rtept lat="40.25198" lon="-124.1899"/><rtept lat="40.25204" lon="-124.18996"/><rtept lat="40.25216" lon="-124.19002"/><rtept lat="40.25253" lon="-124.19002"/><rtept lat="40.25288" lon="-124.19004"/><rtept lat="40.253" lon="-124.18999"/><rtept lat="40.25311" lon="-124.18991"/><rtept lat="40.25326" lon="-124.18971"/><rtept lat="40.25337" lon="-124.18962"/><rtept lat="40.25349" lon="-124.18957"/><rtept lat="40.25359" lon="-124.18955"/><rtept lat="40.25374" lon="-124.18955"/><rtept lat="40.25419" lon="-124.18962"/><rtept lat="40.25433" lon="-124.18968"/><rtept lat="40.25442" lon="-124.18976"/><rtept lat="40.25448" lon="-124.18986"/><rtept lat="40.25453" lon="-124.19004"/><rtept lat="40.25458" lon="-124.19011"/><rtept lat="40.25511" lon="-124.19052"/><rtept lat="40.25564" lon="-124.19081"/><rtept lat="40.25632" lon="-124.19143"/><rtept lat="40.25754" lon="-124.19267"/><rtept lat="40.25787" lon="-124.19292"/><rtept lat="40.2584" lon="-124.19345"/><rtept lat="40.25865" lon="-124.19374"/><rtept lat="40.25918" lon="-124.19446"/><rtept lat="40.2593" lon="-124.1946"/><rtept lat="40.25939" lon="-124.19469"/><rtept lat="40.25954" lon="-124.19477"/><rtept lat="40.2597" lon="-124.19481"/><rtept lat="40.25986" lon="-124.19481"/><rtept lat="40.26035" lon="-124.19476"/><rtept lat="40.26106" lon="-124.19473"/><rtept lat="40.26109" lon="-124.1944"/><rtept lat="40.26166" lon="-124.19387"/><rtept lat="40.26182" lon="-124.19356"/><rtept lat="40.26197" lon="-124.1932"/><rtept lat="40.26207" lon="-124.1927"/><rtept lat="40.26214" lon="-124.19255"/><rtept lat="40.26252" lon="-124.19282"/><rtept lat="40.26262" lon="-124.19275"/><rtept lat="40.26263" lon="-124.19254"/><rtept lat="40.26268" lon="-124.19221"/><rtept lat="40.26282" lon="-124.19181"/><rtept lat="40.26298" lon="-124.1916"/><rtept lat="40.26314" lon="-124.19167"/><rtept lat="40.26321" lon="-124.19183"/><rtept lat="40.26331" lon="-124.19222"/><rtept lat="40.2633" lon="-124.19265"/><rtept lat="40.26335" lon="-124.19275"/><rtept lat="40.26354" lon="-124.19285"/><rtept lat="40.26363" lon="-124.19287"/><rtept lat="40.26389" lon="-124.19283"/><rtept lat="40.26405" lon="-124.19273"/><rtept lat="40.26418" lon="-124.19274"/><rtept lat="40.26438" lon="-124.19285"/><rtept lat="40.26458" lon="-124.19303"/><rtept lat="40.26488" lon="-124.19344"/><rtept lat="40.26507" lon="-124.19345"/><rtept lat="40.26518" lon="-124.1935"/><rtept lat="40.26547" lon="-124.19382"/><rtept lat="40.26575" lon="-124.194"/><rtept lat="40.26593" lon="-124.19443"/><rtept lat="40.2661" lon="-124.19469"/><rtept lat="40.26621" lon="-124.19472"/><rtept lat="40.26629" lon="-124.1945"/><rtept lat="40.26631" lon="-124.19434"/><rtept lat="40.26631" lon="-124.19415"/><rtept lat="40.26622" lon="-124.19397"/><rtept lat="40.26605" lon="-124.19373"/><rtept lat="40.26594" lon="-124.19341"/><rtept lat="40.26606" lon="-124.19312"/><rtept lat="40.26606" lon="-124.19285"/><rtept lat="40.26588" lon="-124.1926"/><rtept lat="40.26565" lon="-124.1924"/><rtept lat="40.2654" lon="-124.19202"/><rtept lat="40.26546" lon="-124.19168"/><rtept lat="40.26562" lon="-124.19133"/><rtept lat="40.2658" lon="-124.19106"/><rtept lat="40.26611" lon="-124.19107"/><rtept lat="40.26695" lon="-124.19144"/><rtept lat="40.26717" lon="-124.19145"/><rtept lat="40.26723" lon="-124.19111"/><rtept lat="40.26714" lon="-124.19084"/><rtept lat="40.26703" lon="-124.1906"/><rtept lat="40.26702" lon="-124.19008"/><rtept lat="40.26713" lon="-124.18982"/><rtept lat="40.26729" lon="-124.18982"/><rtept lat="40.26736" lon="-124.18965"/><rtept lat="40.26743" lon="-124.18935"/><rtept lat="40.26753" lon="-124.18926"/><rtept lat="40.26765" lon="-124.18941"/><rtept lat="40.26765" lon="-124.18967"/><rtept lat="40.2676" lon="-124.18995"/><rtept lat="40.26741" lon="-124.19006"/><rtept lat="40.26728" lon="-124.19027"/><rtept lat="40.26738" lon="-124.19049"/><rtept lat="40.26761" lon="-124.19041"/><rtept lat="40.26785" lon="-124.1901"/><rtept lat="40.26794" lon="-124.18972"/><rtept lat="40.26802" lon="-124.18947"/><rtept lat="40.26835" lon="-124.18903"/><rtept lat="40.26851" lon="-124.18865"/><rtept lat="40.26865" lon="-124.18847"/><rtept lat="40.26875" lon="-124.18872"/><rtept lat="40.26882" lon="-124.18914"/><rtept lat="40.26897" lon="-124.18913"/><rtept lat="40.2691" lon="-124.18925"/><rtept lat="40.26934" lon="-124.18928"/><rtept lat="40.26959" lon="-124.18913"/><rtept lat="40.26983" lon="-124.18904"/><rtept lat="40.27002" lon="-124.18905"/><rtept lat="40.27028" lon="-124.18892"/><rtept lat="40.27058" lon="-124.18926"/><rtept lat="40.27064" lon="-124.18968"/><rtept lat="40.27061" lon="-124.19005"/><rtept lat="40.27071" lon="-124.19025"/><rtept lat="40.27082" lon="-124.19015"/><rtept lat="40.27092" lon="-124.18994"/><rtept lat="40.2712" lon="-124.18986"/><rtept lat="40.27143" lon="-124.18969"/><rtept lat="40.27159" lon="-124.18947"/><rtept lat="40.27182" lon="-124.18937"/><rtept lat="40.27229" lon="-124.18983"/><rtept lat="40.2727" lon="-124.18999"/><rtept lat="40.27295" lon="-124.18996"/><rtept lat="40.27312" lon="-124.18985"/><rtept lat="40.27327" lon="-124.1897"/><rtept lat="40.27347" lon="-124.18982"/><rtept lat="40.27367" lon="-124.19029"/><rtept lat="40.27377" lon="-124.19117"/><rtept lat="40.27377" lon="-124.19189"/><rtept lat="40.27392" lon="-124.19255"/><rtept lat="40.27415" lon="-124.19253"/><rtept lat="40.27436" lon="-124.19235"/><rtept lat="40.27445" lon="-124.19195"/><rtept lat="40.27444" lon="-124.19046"/><rtept lat="40.27437" lon="-124.18995"/><rtept lat="40.27395" lon="-124.18916"/><rtept lat="40.27378" lon="-124.18866"/><rtept lat="40.27385" lon="-124.18838"/><rtept lat="40.27412" lon="-124.18767"/><rtept lat="40.27435" lon="-124.18743"/><rtept lat="40.27447" lon="-124.18707"/><rtept lat="40.27471" lon="-124.18658"/><rtept lat="40.27489" lon="-124.18642"/><rtept lat="40.27516" lon="-124.18647"/><rtept lat="40.2754" lon="-124.18663"/><rtept lat="40.27562" lon="-124.18668"/><rtept lat="40.27578" lon="-124.18661"/><rtept lat="40.27594" lon="-124.18647"/><rtept lat="40.27612" lon="-124.18643"/><rtept lat="40.27622" lon="-124.18632"/><rtept lat="40.27653" lon="-124.1862"/><rtept lat="40.27685" lon="-124.18617"/><rtept lat="40.27712" lon="-124.18629"/><rtept lat="40.27743" lon="-124.18631"/><rtept lat="40.27771" lon="-124.18622"/><rtept lat="40.27803" lon="-124.18622"/><rtept lat="40.27863" lon="-124.18617"/><rtept lat="40.27902" lon="-124.18595"/><rtept lat="40.27917" lon="-124.18564"/><rtept lat="40.27934" lon="-124.18536"/><rtept lat="40.27958" lon="-124.18526"/><rtept lat="40.27981" lon="-124.18507"/><rtept lat="40.28005" lon="-124.18477"/><rtept lat="40.28038" lon="-124.18408"/><rtept lat="40.28062" lon="-124.18409"/><rtept lat="40.28092" lon="-124.18417"/><rtept lat="40.2811" lon="-124.1844"/><rtept lat="40.28147" lon="-124.18449"/><rtept lat="40.28181" lon="-124.18524"/><rtept lat="40.28204" lon="-124.18538"/><rtept lat="40.28226" lon="-124.18556"/><rtept lat="40.28264" lon="-124.18605"/><rtept lat="40.28285" lon="-124.18607"/><rtept lat="40.28337" lon="-124.18567"/><rtept lat="40.2835" lon="-124.18579"/><rtept lat="40.28384" lon="-124.18582"/><rtept lat="40.28423" lon="-124.18557"/><rtept lat="40.28439" lon="-124.18532"/><rtept lat="40.28446" lon="-124.18421"/><rtept lat="40.28461" lon="-124.18415"/><rtept lat="40.28478" lon="-124.18417"/><rtept lat="40.28517" lon="-124.18406"/><rtept lat="40.28536" lon="-124.18389"/><rtept lat="40.2856" lon="-124.18399"/><rtept lat="40.28595" lon="-124.18407"/><rtept lat="40.2863" lon="-124.18434"/><rtept lat="40.28689" lon="-124.18505"/><rtept lat="40.28716" lon="-124.18505"/><rtept lat="40.28752" lon="-124.18492"/><rtept lat="40.28786" lon="-124.18493"/><rtept lat="40.28807" lon="-124.18515"/><rtept lat="40.28827" lon="-124.18525"/><rtept lat="40.28879" lon="-124.18659"/><rtept lat="40.28879" lon="-124.18705"/><rtept lat="40.28876" lon="-124.18794"/><rtept lat="40.28877" lon="-124.18871"/><rtept lat="40.28891" lon="-124.18916"/><rtept lat="40.28934" lon="-124.18985"/><rtept lat="40.2895" lon="-124.19172"/><rtept lat="40.28983" lon="-124.19248"/><rtept lat="40.28983" lon="-124.19284"/><rtept lat="40.28966" lon="-124.19461"/><rtept lat="40.28983" lon="-124.19567"/><rtept lat="40.28978" lon="-124.19626"/><rtept lat="40.28986" lon="-124.19668"/><rtept lat="40.29" lon="-124.19687"/><rtept lat="40.29009" lon="-124.19712"/><rtept lat="40.29007" lon="-124.19751"/><rtept lat="40.29012" lon="-124.19793"/><rtept lat="40.2903" lon="-124.19824"/><rtept lat="40.29045" lon="-124.19857"/><rtept lat="40.29078" lon="-124.19955"/><rtept lat="40.29115" lon="-124.20026"/><rtept lat="40.29148" lon="-124.2008"/><rtept lat="40.29187" lon="-124.20119"/><rtept lat="40.29206" lon="-124.20244"/><rtept lat="40.29216" lon="-124.20271"/><rtept lat="40.29227" lon="-124.20319"/><rtept lat="40.29249" lon="-124.20448"/><rtept lat="40.29262" lon="-124.20495"/><rtept lat="40.29322" lon="-124.20615"/><rtept lat="40.29343" lon="-124.20668"/><rtept lat="40.29355" lon="-124.20706"/><rtept lat="40.29359" lon="-124.20742"/><rtept lat="40.29372" lon="-124.20799"/><rtept lat="40.29381" lon="-124.20826"/><rtept lat="40.29387" lon="-124.20839"/><rtept lat="40.29403" lon="-124.20914"/><rtept lat="40.29405" lon="-124.20942"/><rtept lat="40.29404" lon="-124.20967"/><rtept lat="40.29424" lon="-124.21014"/><rtept lat="40.29448" lon="-124.21055"/><rtept lat="40.2946" lon="-124.21083"/><rtept lat="40.29479" lon="-124.21109"/><rtept lat="40.29488" lon="-124.2113"/><rtept lat="40.29484" lon="-124.21154"/><rtept lat="40.29464" lon="-124.21216"/><rtept lat="40.29454" lon="-124.2128"/><rtept lat="40.29456" lon="-124.21366"/><rtept lat="40.29463" lon="-124.214"/><rtept lat="40.29484" lon="-124.21429"/><rtept lat="40.29529" lon="-124.21498"/><rtept lat="40.29547" lon="-124.21536"/><rtept lat="40.29556" lon="-124.21611"/><rtept lat="40.2957" lon="-124.21674"/><rtept lat="40.29588" lon="-124.21725"/><rtept lat="40.296" lon="-124.21779"/><rtept lat="40.29598" lon="-124.21818"/><rtept lat="40.29588" lon="-124.21846"/><rtept lat="40.29584" lon="-124.21874"/><rtept lat="40.29593" lon="-124.21908"/><rtept lat="40.29617" lon="-124.21931"/><rtept lat="40.29642" lon="-124.21967"/><rtept lat="40.29673" lon="-124.21977"/><rtept lat="40.29691" lon="-124.2199"/><rtept lat="40.29714" lon="-124.22034"/><rtept lat="40.29734" lon="-124.22094"/><rtept lat="40.29754" lon="-124.22138"/><rtept lat="40.29772" lon="-124.22172"/><rtept lat="40.29856" lon="-124.22288"/><rtept lat="40.29867" lon="-124.22316"/><rtept lat="40.29893" lon="-124.22363"/><rtept lat="40.29909" lon="-124.22397"/><rtept lat="40.29925" lon="-124.22453"/><rtept lat="40.29932" lon="-124.22487"/><rtept lat="40.29936" lon="-124.22523"/><rtept lat="40.29942" lon="-124.22645"/><rtept lat="40.29951" lon="-124.22685"/><rtept lat="40.29952" lon="-124.22697"/><rtept lat="40.29948" lon="-124.22725"/><rtept lat="40.29949" lon="-124.22743"/><rtept lat="40.29954" lon="-124.22752"/><rtept lat="40.29986" lon="-124.22795"/><rtept lat="40.29994" lon="-124.22815"/><rtept lat="40.30004" lon="-124.22863"/><rtept lat="40.30002" lon="-124.22954"/><rtept lat="40.30003" lon="-124.22986"/><rtept lat="40.3001" lon="-124.23041"/><rtept lat="40.30011" lon="-124.23072"/><rtept lat="40.30009" lon="-124.23097"/><rtept lat="40.30004" lon="-124.23115"/><rtept lat="40.30004" lon="-124.23134"/><rtept lat="40.30025" lon="-124.23183"/><rtept lat="40.30034" lon="-124.23189"/><rtept lat="40.30047" lon="-124.23204"/><rtept lat="40.30053" lon="-124.23224"/><rtept lat="40.30067" lon="-124.23247"/><rtept lat="40.30071" lon="-124.23258"/><rtept lat="40.30067" lon="-124.23281"/><rtept lat="40.30062" lon="-124.23348"/><rtept lat="40.30051" lon="-124.23409"/><rtept lat="40.30052" lon="-124.2347"/><rtept lat="40.3005" lon="-124.23485"/><rtept lat="40.30044" lon="-124.23498"/><rtept lat="40.30035" lon="-124.23509"/><rtept lat="40.3001" lon="-124.23521"/><rtept lat="40.30009" lon="-124.23531"/><rtept lat="40.30015" lon="-124.23538"/><rtept lat="40.30027" lon="-124.23547"/><rtept lat="40.30057" lon="-124.23553"/><rtept lat="40.30063" lon="-124.23559"/><rtept lat="40.30085" lon="-124.23601"/><rtept lat="40.30097" lon="-124.23639"/><rtept lat="40.30106" lon="-124.23652"/><rtept lat="40.3011" lon="-124.23661"/><rtept lat="40.30116" lon="-124.23692"/><rtept lat="40.30167" lon="-124.23786"/><rtept lat="40.30181" lon="-124.238"/><rtept lat="40.3028" lon="-124.23864"/><rtept lat="40.30319" lon="-124.2385"/><rtept lat="40.30339" lon="-124.23845"/><rtept lat="40.30366" lon="-124.23841"/><rtept lat="40.30474" lon="-124.23791"/><rtept lat="40.30528" lon="-124.23769"/><rtept lat="40.30542" lon="-124.23765"/><rtept lat="40.30561" lon="-124.23747"/><rtept lat="40.30582" lon="-124.23749"/><rtept lat="40.30629" lon="-124.23759"/><rtept lat="40.30671" lon="-124.23771"/><rtept lat="40.30682" lon="-124.23771"/><rtept lat="40.30692" lon="-124.23768"/><rtept lat="40.30799" lon="-124.23702"/><rtept lat="40.30848" lon="-124.23659"/><rtept lat="40.30855" lon="-124.23655"/><rtept lat="40.30859" lon="-124.23657"/><rtept lat="40.30861" lon="-124.23678"/><rtept lat="40.30866" lon="-124.23687"/><rtept lat="40.30879" lon="-124.23692"/><rtept lat="40.30887" lon="-124.23697"/><rtept lat="40.30904" lon="-124.23699"/><rtept lat="40.30931" lon="-124.23732"/><rtept lat="40.31009" lon="-124.23807"/><rtept lat="40.31013" lon="-124.23813"/><rtept lat="40.31033" lon="-124.23885"/><rtept lat="40.31032" lon="-124.23894"/><rtept lat="40.31009" lon="-124.23941"/><rtept lat="40.31007" lon="-124.23955"/><rtept lat="40.31027" lon="-124.23999"/><rtept lat="40.3103" lon="-124.24017"/><rtept lat="40.31042" lon="-124.24062"/><rtept lat="40.31065" lon="-124.24116"/><rtept lat="40.3107" lon="-124.24146"/><rtept lat="40.31069" lon="-124.24172"/><rtept lat="40.31062" lon="-124.24226"/><rtept lat="40.31047" lon="-124.24373"/><rtept lat="40.31031" lon="-124.24502"/><rtept lat="40.3103" lon="-124.24576"/><rtept lat="40.31025" lon="-124.24602"/><rtept lat="40.31007" lon="-124.24638"/><rtept lat="40.30987" lon="-124.24689"/><rtept lat="40.30974" lon="-124.24715"/><rtept lat="40.30951" lon="-124.24754"/><rtept lat="40.30906" lon="-124.24812"/><rtept lat="40.30876" lon="-124.24875"/><rtept lat="40.30868" lon="-124.24903"/><rtept lat="40.30865" lon="-124.24922"/><rtept lat="40.30862" lon="-124.24964"/><rtept lat="40.30863" lon="-124.24995"/><rtept lat="40.30869" lon="-124.25034"/><rtept lat="40.30878" lon="-124.25066"/><rtept lat="40.30922" lon="-124.25162"/><rtept lat="40.30927" lon="-124.25178"/><rtept lat="40.30935" lon="-124.25227"/><rtept lat="40.30951" lon="-124.25288"/><rtept lat="40.30957" lon="-124.25448"/><rtept lat="40.30966" lon="-124.2558"/><rtept lat="40.30966" lon="-124.25604"/><rtept lat="40.30959" lon="-124.25623"/><rtept lat="40.30951" lon="-124.25698"/><rtept lat="40.30951" lon="-124.25727"/><rtept lat="40.30957" lon="-124.25803"/><rtept lat="40.30965" lon="-124.25827"/><rtept lat="40.30975" lon="-124.25843"/><rtept lat="40.31072" lon="-124.25944"/><rtept lat="40.31107" lon="-124.25991"/><rtept lat="40.31123" lon="-124.2602"/><rtept lat="40.31156" lon="-124.2609"/><rtept lat="40.31173" lon="-124.26117"/><rtept lat="40.31198" lon="-124.26148"/><rtept lat="40.31214" lon="-124.26174"/><rtept lat="40.31225" lon="-124.26198"/><rtept lat="40.3123" lon="-124.26222"/><rtept lat="40.31236" lon="-124.26265"/><rtept lat="40.31248" lon="-124.26321"/><rtept lat="40.31251" lon="-124.26349"/><rtept lat="40.31247" lon="-124.26413"/><rtept lat="40.31232" lon="-124.2648"/><rtept lat="40.31229" lon="-124.26502"/><rtept lat="40.31211" lon="-124.26575"/><rtept lat="40.31209" lon="-124.26602"/><rtept lat="40.31209" lon="-124.26717"/><rtept lat="40.31205" lon="-124.2675"/><rtept lat="40.3118" lon="-124.26865"/><rtept lat="40.31191" lon="-124.27104"/><rtept lat="40.31206" lon="-124.27293"/><rtept lat="40.31211" lon="-124.27306"/><rtept lat="40.31223" lon="-124.2742"/><rtept lat="40.31227" lon="-124.27512"/><rtept lat="40.31234" lon="-124.27555"/><rtept lat="40.31254" lon="-124.27614"/><rtept lat="40.31268" lon="-124.27692"/><rtept lat="40.313" lon="-124.27847"/><rtept lat="40.31306" lon="-124.27868"/><rtept lat="40.31322" lon="-124.27899"/><rtept lat="40.31356" lon="-124.27954"/><rtept lat="40.31362" lon="-124.27969"/><rtept lat="40.3137" lon="-124.2801"/><rtept lat="40.31363" lon="-124.28135"/><rtept lat="40.31366" lon="-124.28157"/><rtept lat="40.31382" lon="-124.28217"/><rtept lat="40.31392" lon="-124.28234"/><rtept lat="40.31408" lon="-124.28248"/><rtept lat="40.31422" lon="-124.28255"/><rtept lat="40.31438" lon="-124.28277"/><rtept lat="40.31445" lon="-124.28292"/><rtept lat="40.31447" lon="-124.28305"/><rtept lat="40.31455" lon="-124.28324"/><rtept lat="40.31318" lon="-124.28325"/><rtept lat="40.31299" lon="-124.28322"/><rtept lat="40.31305" lon="-124.28352"/><rtept lat="40.31335" lon="-124.28425"/><rtept lat="40.31335" lon="-124.28437"/><rtept lat="40.31333" lon="-124.28448"/><rtept lat="40.31328" lon="-124.2846"/><rtept lat="40.31306" lon="-124.28483"/><rtept lat="40.31287" lon="-124.2851"/><rtept lat="40.3128" lon="-124.28524"/><rtept lat="40.31256" lon="-124.28594"/><rtept lat="40.31213" lon="-124.28762"/><rtept lat="40.31206" lon="-124.28795"/><rtept lat="40.31191" lon="-124.2884"/><rtept lat="40.31174" lon="-124.28874"/><rtept lat="40.31093" lon="-124.29008"/><rtept lat="40.31052" lon="-124.29101"/><rtept lat="40.31023" lon="-124.29156"/><rtept lat="40.31016" lon="-124.29173"/><rtept lat="40.31003" lon="-124.29235"/><rtept lat="40.30959" lon="-124.29373"/><rtept lat="40.30961" lon="-124.29378"/><rtept lat="40.30894" lon="-124.29579"/><rtept lat="40.30881" lon="-124.29606"/><rtept lat="40.30865" lon="-124.29628"/><rtept lat="40.30851" lon="-124.29643"/><rtept lat="40.30818" lon="-124.29667"/><rtept lat="40.30798" lon="-124.29671"/><rtept lat="40.30552" lon="-124.29697"/><rtept lat="40.30489" lon="-124.29701"/><rtept lat="40.30343" lon="-124.29718"/><rtept lat="40.30197" lon="-124.29728"/><rtept lat="40.30132" lon="-124.29734"/><rtept lat="40.30065" lon="-124.29737"/><rtept lat="40.30046" lon="-124.29743"/><rtept lat="40.30019" lon="-124.29743"/><rtept lat="40.3001" lon="-124.29746"/><rtept lat="40.29972" lon="-124.2977"/><rtept lat="40.29874" lon="-124.29874"/><rtept lat="40.29822" lon="-124.29979"/><rtept lat="40.298" lon="-124.3003"/><rtept lat="40.29766" lon="-124.30102"/><rtept lat="40.29738" lon="-124.30194"/><rtept lat="40.29735" lon="-124.30223"/><rtept lat="40.29708" lon="-124.30362"/><rtept lat="40.29706" lon="-124.30382"/><rtept lat="40.29702" lon="-124.30393"/><rtept lat="40.29696" lon="-124.30457"/><rtept lat="40.29696" lon="-124.30478"/><rtept lat="40.29709" lon="-124.30562"/><rtept lat="40.29714" lon="-124.30583"/><rtept lat="40.29732" lon="-124.3064"/><rtept lat="40.29749" lon="-124.30704"/><rtept lat="40.29774" lon="-124.30764"/><rtept lat="40.29779" lon="-124.30784"/><rtept lat="40.29788" lon="-124.30808"/><rtept lat="40.29814" lon="-124.30893"/><rtept lat="40.29821" lon="-124.30921"/><rtept lat="40.2982" lon="-124.30936"/><rtept lat="40.29826" lon="-124.30971"/><rtept lat="40.29822" lon="-124.31001"/><rtept lat="40.29822" lon="-124.31036"/><rtept lat="40.29835" lon="-124.31115"/><rtept lat="40.29854" lon="-124.31192"/><rtept lat="40.29888" lon="-124.31308"/><rtept lat="40.29897" lon="-124.3136"/><rtept lat="40.2991" lon="-124.31403"/><rtept lat="40.29912" lon="-124.3142"/><rtept lat="40.29915" lon="-124.31521"/><rtept lat="40.29921" lon="-124.31583"/><rtept lat="40.29918" lon="-124.31632"/><rtept lat="40.29911" lon="-124.31679"/><rtept lat="40.29906" lon="-124.31706"/><rtept lat="40.29899" lon="-124.31732"/><rtept lat="40.2989" lon="-124.31755"/><rtept lat="40.29852" lon="-124.31835"/><rtept lat="40.29822" lon="-124.31885"/><rtept lat="40.29766" lon="-124.31986"/><rtept lat="40.29751" lon="-124.32017"/><rtept lat="40.29734" lon="-124.3207"/><rtept lat="40.29721" lon="-124.32142"/><rtept lat="40.29715" lon="-124.32154"/><rtept lat="40.29641" lon="-124.32279"/><rtept lat="40.29593" lon="-124.32343"/><rtept lat="40.2956" lon="-124.32374"/><rtept lat="40.29537" lon="-124.32399"/><rtept lat="40.29497" lon="-124.32453"/><rtept lat="40.2948" lon="-124.3247"/><rtept lat="40.29396" lon="-124.32536"/><rtept lat="40.29381" lon="-124.32552"/><rtept lat="40.29274" lon="-124.32699"/><rtept lat="40.29249" lon="-124.32743"/><rtept lat="40.2922" lon="-124.32805"/><rtept lat="40.29187" lon="-124.32854"/><rtept lat="40.2916" lon="-124.32888"/><rtept lat="40.29131" lon="-124.3292"/><rtept lat="40.29081" lon="-124.32995"/><rtept lat="40.29072" lon="-124.33016"/><rtept lat="40.29057" lon="-124.33066"/><rtept lat="40.29045" lon="-124.33093"/><rtept lat="40.29013" lon="-124.33142"/><rtept lat="40.28992" lon="-124.33171"/><rtept lat="40.2898" lon="-124.33202"/><rtept lat="40.2897" lon="-124.33268"/><rtept lat="40.28963" lon="-124.33286"/><rtept lat="40.28926" lon="-124.33361"/><rtept lat="40.28911" lon="-124.334"/><rtept lat="40.28907" lon="-124.33427"/><rtept lat="40.28897" lon="-124.33553"/><rtept lat="40.28886" lon="-124.33626"/><rtept lat="40.28884" lon="-124.33667"/><rtept lat="40.28885" lon="-124.33688"/><rtept lat="40.28887" lon="-124.33709"/><rtept lat="40.28897" lon="-124.33754"/><rtept lat="40.289" lon="-124.33785"/><rtept lat="40.28923" lon="-124.33867"/><rtept lat="40.28928" lon="-124.33893"/><rtept lat="40.28936" lon="-124.33972"/><rtept lat="40.28943" lon="-124.34005"/><rtept lat="40.28944" lon="-124.34024"/><rtept lat="40.28941" lon="-124.3411"/><rtept lat="40.28949" lon="-124.3418"/><rtept lat="40.28946" lon="-124.34193"/><rtept lat="40.28927" lon="-124.34232"/><rtept lat="40.28919" lon="-124.34269"/><rtept lat="40.28919" lon="-124.34281"/><rtept lat="40.28921" lon="-124.34301"/><rtept lat="40.2894" lon="-124.34383"/><rtept lat="40.28985" lon="-124.34543"/><rtept lat="40.28991" lon="-124.34569"/><rtept lat="40.29005" lon="-124.34681"/><rtept lat="40.29013" lon="-124.34791"/><rtept lat="40.29008" lon="-124.34835"/><rtept lat="40.29009" lon="-124.34854"/><rtept lat="40.2902" lon="-124.34941"/><rtept lat="40.29021" lon="-124.3498"/><rtept lat="40.2902" lon="-124.35018"/><rtept lat="40.29014" lon="-124.35062"/><rtept lat="40.28995" lon="-124.35161"/><rtept lat="40.28981" lon="-124.35257"/><rtept lat="40.28988" lon="-124.3534"/><rtept lat="40.28989" lon="-124.35381"/><rtept lat="40.28986" lon="-124.354"/><rtept lat="40.2898" lon="-124.35417"/><rtept lat="40.28932" lon="-124.35496"/><rtept lat="40.2898" lon="-124.35417"/><rtept lat="40.28986" lon="-124.354"/><rtept lat="40.28989" lon="-124.35381"/><rtept lat="40.28988" lon="-124.3534"/><rtept lat="40.28981" lon="-124.35257"/><rtept lat="40.28995" lon="-124.35161"/><rtept lat="40.29014" lon="-124.35062"/><rtept lat="40.2902" lon="-124.35018"/><rtept lat="40.29021" lon="-124.3498"/><rtept lat="40.2902" lon="-124.34941"/><rtept lat="40.29009" lon="-124.34854"/><rtept lat="40.29003" lon="-124.34843"/><rtept lat="40.28997" lon="-124.34864"/><rtept lat="40.28989" lon="-124.34917"/><rtept lat="40.2898" lon="-124.34958"/><rtept lat="40.28959" lon="-124.34997"/><rtept lat="40.2896" lon="-124.35021"/><rtept lat="40.28959" lon="-124.35047"/><rtept lat="40.28932" lon="-124.35119"/><rtept lat="40.28923" lon="-124.35127"/><rtept lat="40.28915" lon="-124.35125"/><rtept lat="40.28904" lon="-124.35119"/><rtept lat="40.28899" lon="-124.35112"/><rtept lat="40.28896" lon="-124.35096"/><rtept lat="40.28898" lon="-124.35067"/><rtept lat="40.28895" lon="-124.35059"/><rtept lat="40.2889" lon="-124.35053"/><rtept lat="40.28884" lon="-124.35049"/><rtept lat="40.28863" lon="-124.35049"/><rtept lat="40.28816" lon="-124.3507"/><rtept lat="40.28787" lon="-124.35097"/><rtept lat="40.28768" lon="-124.35125"/><rtept lat="40.28722" lon="-124.35172"/><rtept lat="40.28701" lon="-124.35181"/><rtept lat="40.28687" lon="-124.35189"/><rtept lat="40.28674" lon="-124.35203"/><rtept lat="40.2864" lon="-124.35233"/><rtept lat="40.28615" lon="-124.35251"/><rtept lat="40.28594" lon="-124.35259"/><rtept lat="40.2857" lon="-124.35259"/><rtept lat="40.28563" lon="-124.35261"/><rtept lat="40.2856" lon="-124.35269"/><rtept lat="40.28581" lon="-124.35301"/><rtept lat="40.28587" lon="-124.35334"/><rtept lat="40.28584" lon="-124.35366"/><rtept lat="40.28577" lon="-124.35378"/><rtept lat="40.28533" lon="-124.354"/><rtept lat="40.2853" lon="-124.35403"/><rtept lat="40.28514" lon="-124.35409"/><rtept lat="40.28503" lon="-124.35409"/><rtept lat="40.2844" lon="-124.35482"/><rtept lat="40.28394" lon="-124.35531"/><rtept lat="40.28383" lon="-124.35541"/><rtept lat="40.28367" lon="-124.35546"/><rtept lat="40.28352" lon="-124.35548"/><rtept lat="40.28342" lon="-124.35538"/><rtept lat="40.28343" lon="-124.35525"/><rtept lat="40.28363" lon="-124.35513"/><rtept lat="40.28385" lon="-124.35484"/><rtept lat="40.28394" lon="-124.35468"/><rtept lat="40.28418" lon="-124.35399"/><rtept lat="40.28438" lon="-124.3536"/><rtept lat="40.28439" lon="-124.35349"/><rtept lat="40.28437" lon="-124.3534"/><rtept lat="40.28429" lon="-124.35329"/><rtept lat="40.28397" lon="-124.35298"/><rtept lat="40.28388" lon="-124.35296"/><rtept lat="40.2838" lon="-124.35299"/><rtept lat="40.28373" lon="-124.3531"/><rtept lat="40.28364" lon="-124.3533"/><rtept lat="40.28357" lon="-124.35337"/><rtept lat="40.28351" lon="-124.3534"/><rtept lat="40.28327" lon="-124.35341"/><rtept lat="40.28313" lon="-124.35345"/><rtept lat="40.28305" lon="-124.35353"/><rtept lat="40.28262" lon="-124.35365"/><rtept lat="40.28213" lon="-124.35367"/><rtept lat="40.28179" lon="-124.35372"/><rtept lat="40.28143" lon="-124.35372"/><rtept lat="40.28131" lon="-124.35376"/><rtept lat="40.28112" lon="-124.35391"/><rtept lat="40.2808" lon="-124.35446"/><rtept lat="40.2807" lon="-124.35447"/><rtept lat="40.28062" lon="-124.35446"/><rtept lat="40.28047" lon="-124.35441"/><rtept lat="40.28027" lon="-124.35426"/><rtept lat="40.28014" lon="-124.35414"/><rtept lat="40.27991" lon="-124.35386"/><rtept lat="40.27961" lon="-124.3536"/><rtept lat="40.27937" lon="-124.35329"/><rtept lat="40.27927" lon="-124.35313"/><rtept lat="40.27919" lon="-124.35304"/><rtept lat="40.27903" lon="-124.35292"/><rtept lat="40.27887" lon="-124.35286"/><rtept lat="40.27868" lon="-124.35282"/><rtept lat="40.2782" lon="-124.35277"/><rtept lat="40.27786" lon="-124.3528"/><rtept lat="40.27777" lon="-124.35279"/><rtept lat="40.27769" lon="-124.35276"/><rtept lat="40.27762" lon="-124.3527"/><rtept lat="40.27749" lon="-124.35251"/><rtept lat="40.27743" lon="-124.35246"/><rtept lat="40.27715" lon="-124.35234"/><rtept lat="40.27706" lon="-124.35228"/><rtept lat="40.27699" lon="-124.3522"/><rtept lat="40.27687" lon="-124.35199"/><rtept lat="40.27656" lon="-124.35164"/><rtept lat="40.27651" lon="-124.35151"/><rtept lat="40.27649" lon="-124.35138"/><rtept lat="40.27651" lon="-124.35123"/><rtept lat="40.27651" lon="-124.35097"/><rtept lat="40.27644" lon="-124.35042"/><rtept lat="40.27624" lon="-124.34989"/><rtept lat="40.27623" lon="-124.34981"/><rtept lat="40.27626" lon="-124.34972"/><rtept lat="40.27631" lon="-124.34964"/><rtept lat="40.27658" lon="-124.34945"/><rtept lat="40.27669" lon="-124.34925"/><rtept lat="40.2767" lon="-124.34913"/><rtept lat="40.27669" lon="-124.34904"/><rtept lat="40.27666" lon="-124.34896"/><rtept lat="40.27658" lon="-124.34884"/><rtept lat="40.27655" lon="-124.34874"/><rtept lat="40.27636" lon="-124.34763"/><rtept lat="40.27631" lon="-124.34756"/><rtept lat="40.27625" lon="-124.34753"/><rtept lat="40.27621" lon="-124.34753"/><rtept lat="40.27615" lon="-124.34758"/><rtept lat="40.276" lon="-124.34779"/><rtept lat="40.27593" lon="-124.34785"/><rtept lat="40.27585" lon="-124.34788"/><rtept lat="40.27574" lon="-124.34786"/><rtept lat="40.27564" lon="-124.34779"/><rtept lat="40.27555" lon="-124.34768"/><rtept lat="40.27549" lon="-124.34751"/><rtept lat="40.27538" lon="-124.34684"/><rtept lat="40.27539" lon="-124.3464"/><rtept lat="40.27545" lon="-124.34604"/><rtept lat="40.27558" lon="-124.34568"/><rtept lat="40.27566" lon="-124.34555"/><rtept lat="40.27565" lon="-124.34544"/><rtept lat="40.2756" lon="-124.34539"/><rtept lat="40.27543" lon="-124.3454"/><rtept lat="40.27537" lon="-124.34543"/><rtept lat="40.27515" lon="-124.34559"/><rtept lat="40.27501" lon="-124.34574"/><rtept lat="40.27485" lon="-124.34586"/><rtept lat="40.27479" lon="-124.34586"/><rtept lat="40.27461" lon="-124.34568"/><rtept lat="40.27456" lon="-124.34567"/><rtept lat="40.27452" lon="-124.34569"/><rtept lat="40.27448" lon="-124.34574"/><rtept lat="40.27445" lon="-124.34628"/><rtept lat="40.27442" lon="-124.34634"/><rtept lat="40.27436" lon="-124.34639"/><rtept lat="40.27429" lon="-124.3464"/><rtept lat="40.27421" lon="-124.34634"/><rtept lat="40.27418" lon="-124.34629"/><rtept lat="40.27383" lon="-124.34526"/><rtept lat="40.27378" lon="-124.34518"/><rtept lat="40.27372" lon="-124.34514"/><rtept lat="40.27366" lon="-124.34515"/><rtept lat="40.2736" lon="-124.3452"/><rtept lat="40.27355" lon="-124.3453"/><rtept lat="40.27353" lon="-124.34538"/><rtept lat="40.27354" lon="-124.3458"/><rtept lat="40.27349" lon="-124.34648"/><rtept lat="40.27351" lon="-124.34669"/><rtept lat="40.27349" lon="-124.34679"/><rtept lat="40.27344" lon="-124.34687"/><rtept lat="40.27337" lon="-124.34691"/><rtept lat="40.2733" lon="-124.34691"/><rtept lat="40.27305" lon="-124.34683"/><rtept lat="40.27299" lon="-124.34687"/><rtept lat="40.27274" lon="-124.3469"/><rtept lat="40.27182" lon="-124.34673"/><rtept lat="40.27167" lon="-124.34672"/><rtept lat="40.27138" lon="-124.34686"/><rtept lat="40.27096" lon="-124.34729"/><rtept lat="40.27082" lon="-124.34737"/><rtept lat="40.27077" lon="-124.34747"/><rtept lat="40.27077" lon="-124.34761"/><rtept lat="40.2708" lon="-124.34775"/><rtept lat="40.27092" lon="-124.34802"/><rtept lat="40.27093" lon="-124.34813"/><rtept lat="40.27092" lon="-124.34825"/><rtept lat="40.27083" lon="-124.34853"/><rtept lat="40.27073" lon="-124.34875"/><rtept lat="40.27039" lon="-124.34921"/><rtept lat="40.26974" lon="-124.35017"/><rtept lat="40.26941" lon="-124.35095"/><rtept lat="40.26934" lon="-124.35108"/><rtept lat="40.2691" lon="-124.35135"/><rtept lat="40.26873" lon="-124.35165"/><rtept lat="40.26827" lon="-124.35195"/><rtept lat="40.26815" lon="-124.35206"/><rtept lat="40.26777" lon="-124.35259"/><rtept lat="40.26762" lon="-124.35276"/><rtept lat="40.2675" lon="-124.35286"/><rtept lat="40.2673" lon="-124.35299"/><rtept lat="40.26625" lon="-124.35351"/><rtept lat="40.26596" lon="-124.35362"/><rtept lat="40.26581" lon="-124.35364"/><rtept lat="40.26558" lon="-124.3535"/><rtept lat="40.26543" lon="-124.35346"/><rtept lat="40.2653" lon="-124.35346"/><rtept lat="40.26477" lon="-124.35363"/><rtept lat="40.26437" lon="-124.3537"/><rtept lat="40.26431" lon="-124.35373"/><rtept lat="40.26428" lon="-124.35378"/><rtept lat="40.26432" lon="-124.35392"/><rtept lat="40.26462" lon="-124.35412"/><rtept lat="40.26472" lon="-124.35421"/><rtept lat="40.26484" lon="-124.35436"/><rtept lat="40.26512" lon="-124.35481"/><rtept lat="40.26519" lon="-124.35502"/><rtept lat="40.26515" lon="-124.3552"/><rtept lat="40.2651" lon="-124.35528"/><rtept lat="40.26482" lon="-124.35549"/><rtept lat="40.26432" lon="-124.35572"/><rtept lat="40.2642" lon="-124.35579"/><rtept lat="40.26411" lon="-124.35589"/><rtept lat="40.26401" lon="-124.35601"/><rtept lat="40.26369" lon="-124.35658"/><rtept lat="40.2635" lon="-124.35743"/><rtept lat="40.26345" lon="-124.35754"/><rtept lat="40.26338" lon="-124.35763"/><rtept lat="40.26324" lon="-124.35773"/><rtept lat="40.26302" lon="-124.35784"/><rtept lat="40.26278" lon="-124.35803"/><rtept lat="40.26211" lon="-124.35893"/><rtept lat="40.26199" lon="-124.35903"/><rtept lat="40.26173" lon="-124.35914"/><rtept lat="40.26157" lon="-124.35923"/><rtept lat="40.26147" lon="-124.35932"/><rtept lat="40.2614" lon="-124.35943"/><rtept lat="40.26136" lon="-124.35957"/><rtept lat="40.26127" lon="-124.36006"/><rtept lat="40.26115" lon="-124.36059"/><rtept lat="40.26127" lon="-124.36006"/><rtept lat="40.26136" lon="-124.35957"/><rtept lat="40.2614" lon="-124.35943"/><rtept lat="40.26147" lon="-124.35932"/><rtept lat="40.26157" lon="-124.35923"/><rtept lat="40.26173" lon="-124.35914"/><rtept lat="40.26199" lon="-124.35903"/><rtept lat="40.26211" lon="-124.35893"/><rtept lat="40.26278" lon="-124.35803"/><rtept lat="40.26302" lon="-124.35784"/><rtept lat="40.26324" lon="-124.35773"/><rtept lat="40.26338" lon="-124.35763"/><rtept lat="40.26345" lon="-124.35754"/><rtept lat="40.2635" lon="-124.35743"/><rtept lat="40.26369" lon="-124.35658"/><rtept lat="40.26401" lon="-124.35601"/><rtept lat="40.26411" lon="-124.35589"/><rtept lat="40.2642" lon="-124.35579"/><rtept lat="40.26432" lon="-124.35572"/><rtept lat="40.26482" lon="-124.35549"/><rtept lat="40.2651" lon="-124.35528"/><rtept lat="40.26515" lon="-124.3552"/><rtept lat="40.26519" lon="-124.35502"/><rtept lat="40.26512" lon="-124.35481"/><rtept lat="40.26484" lon="-124.35436"/><rtept lat="40.26472" lon="-124.35421"/><rtept lat="40.26462" lon="-124.35412"/><rtept lat="40.26432" lon="-124.35392"/><rtept lat="40.26428" lon="-124.35378"/><rtept lat="40.26431" lon="-124.35373"/><rtept lat="40.26437" lon="-124.3537"/><rtept lat="40.26477" lon="-124.35363"/><rtept lat="40.2653" lon="-124.35346"/><rtept lat="40.26543" lon="-124.35346"/><rtept lat="40.26558" lon="-124.3535"/><rtept lat="40.26581" lon="-124.35364"/><rtept lat="40.26596" lon="-124.35362"/><rtept lat="40.26625" lon="-124.35351"/><rtept lat="40.2673" lon="-124.35299"/><rtept lat="40.2675" lon="-124.35286"/><rtept lat="40.26762" lon="-124.35276"/><rtept lat="40.26777" lon="-124.35259"/><rtept lat="40.26815" lon="-124.35206"/><rtept lat="40.26827" lon="-124.35195"/><rtept lat="40.26873" lon="-124.35165"/><rtept lat="40.2691" lon="-124.35135"/><rtept lat="40.26934" lon="-124.35108"/><rtept lat="40.26941" lon="-124.35095"/><rtept lat="40.26974" lon="-124.35017"/><rtept lat="40.27039" lon="-124.34921"/><rtept lat="40.27073" lon="-124.34875"/><rtept lat="40.27083" lon="-124.34853"/><rtept lat="40.27092" lon="-124.34825"/><rtept lat="40.27093" lon="-124.34813"/><rtept lat="40.27092" lon="-124.34802"/><rtept lat="40.2708" lon="-124.34775"/><rtept lat="40.27077" lon="-124.34761"/><rtept lat="40.27077" lon="-124.34747"/><rtept lat="40.27082" lon="-124.34737"/><rtept lat="40.27096" lon="-124.34729"/><rtept lat="40.27138" lon="-124.34686"/><rtept lat="40.27161" lon="-124.34675"/><rtept lat="40.27173" lon="-124.34616"/><rtept lat="40.27183" lon="-124.34603"/><rtept lat="40.27219" lon="-124.3457"/><rtept lat="40.27227" lon="-124.34555"/><rtept lat="40.27234" lon="-124.34546"/><rtept lat="40.27214" lon="-124.34496"/><rtept lat="40.27211" lon="-124.34482"/><rtept lat="40.27209" lon="-124.34467"/><rtept lat="40.27214" lon="-124.34437"/><rtept lat="40.27214" lon="-124.34424"/><rtept lat="40.27206" lon="-124.34392"/><rtept lat="40.27204" lon="-124.34371"/><rtept lat="40.27206" lon="-124.34357"/><rtept lat="40.2721" lon="-124.34342"/><rtept lat="40.2723" lon="-124.34309"/><rtept lat="40.27258" lon="-124.34244"/><rtept lat="40.27262" lon="-124.34227"/><rtept lat="40.27263" lon="-124.34175"/><rtept lat="40.27285" lon="-124.34125"/><rtept lat="40.27296" lon="-124.34054"/><rtept lat="40.27311" lon="-124.34012"/><rtept lat="40.27312" lon="-124.34003"/><rtept lat="40.2731" lon="-124.33991"/><rtept lat="40.27289" lon="-124.33961"/><rtept lat="40.27258" lon="-124.33905"/><rtept lat="40.27252" lon="-124.33889"/><rtept lat="40.27248" lon="-124.3387"/><rtept lat="40.27248" lon="-124.3384"/><rtept lat="40.27245" lon="-124.33825"/><rtept lat="40.27233" lon="-124.33792"/><rtept lat="40.2721" lon="-124.33687"/><rtept lat="40.27193" lon="-124.33644"/><rtept lat="40.27187" lon="-124.33622"/><rtept lat="40.27186" lon="-124.33561"/><rtept lat="40.27197" lon="-124.33476"/><rtept lat="40.27193" lon="-124.33407"/><rtept lat="40.27196" lon="-124.3339"/><rtept lat="40.27205" lon="-124.33359"/><rtept lat="40.27209" lon="-124.33349"/><rtept lat="40.27218" lon="-124.33336"/><rtept lat="40.27227" lon="-124.33309"/><rtept lat="40.27228" lon="-124.3328"/><rtept lat="40.27213" lon="-124.33225"/><rtept lat="40.27213" lon="-124.3321"/><rtept lat="40.27216" lon="-124.33195"/><rtept lat="40.27234" lon="-124.33162"/><rtept lat="40.27237" lon="-124.33152"/><rtept lat="40.27236" lon="-124.33119"/><rtept lat="40.27238" lon="-124.33096"/><rtept lat="40.27246" lon="-124.33058"/><rtept lat="40.27247" lon="-124.33029"/><rtept lat="40.27262" lon="-124.32958"/><rtept lat="40.27278" lon="-124.32918"/><rtept lat="40.27282" lon="-124.32903"/><rtept lat="40.27284" lon="-124.32886"/><rtept lat="40.27283" lon="-124.32874"/><rtept lat="40.27275" lon="-124.32853"/><rtept lat="40.27243" lon="-124.32816"/><rtept lat="40.27237" lon="-124.32805"/><rtept lat="40.27229" lon="-124.32775"/><rtept lat="40.27229" lon="-124.32763"/><rtept lat="40.27241" lon="-124.32721"/><rtept lat="40.27242" lon="-124.32706"/><rtept lat="40.27245" lon="-124.32695"/><rtept lat="40.2726" lon="-124.32677"/><rtept lat="40.27262" lon="-124.32664"/><rtept lat="40.27284" lon="-124.3266"/><rtept lat="40.27338" lon="-124.32598"/><rtept lat="40.27341" lon="-124.32503"/><rtept lat="40.27358" lon="-124.3247"/><rtept lat="40.27407" lon="-124.32472"/><rtept lat="40.27452" lon="-124.32485"/><rtept lat="40.27603" lon="-124.32462"/><rtept lat="40.27658" lon="-124.3247"/><rtept lat="40.2774" lon="-124.32517"/><rtept lat="40.27804" lon="-124.32523"/><rtept lat="40.27839" lon="-124.3255"/><rtept lat="40.27931" lon="-124.32561"/><rtept lat="40.27986" lon="-124.3263"/><rtept lat="40.28023" lon="-124.32752"/><rtept lat="40.28015" lon="-124.32826"/><rtept lat="40.28008" lon="-124.32851"/><rtept lat="40.27957" lon="-124.32963"/><rtept lat="40.27956" lon="-124.32971"/><rtept lat="40.27958" lon="-124.3298"/><rtept lat="40.27968" lon="-124.3299"/><rtept lat="40.27976" lon="-124.32994"/><rtept lat="40.28027" lon="-124.33008"/><rtept lat="40.28037" lon="-124.33007"/><rtept lat="40.28047" lon="-124.33002"/><rtept lat="40.2807" lon="-124.32975"/><rtept lat="40.28102" lon="-124.32959"/><rtept lat="40.28138" lon="-124.32945"/><rtept lat="40.28184" lon="-124.32931"/><rtept lat="40.282" lon="-124.32928"/><rtept lat="40.28222" lon="-124.32933"/><rtept lat="40.28239" lon="-124.32943"/><rtept lat="40.28246" lon="-124.32952"/><rtept lat="40.28251" lon="-124.32963"/><rtept lat="40.28256" lon="-124.3302"/><rtept lat="40.28255" lon="-124.33035"/><rtept lat="40.28246" lon="-124.33066"/><rtept lat="40.28246" lon="-124.33076"/><rtept lat="40.2825" lon="-124.33088"/><rtept lat="40.28255" lon="-124.33093"/><rtept lat="40.28267" lon="-124.33094"/><rtept lat="40.28273" lon="-124.33092"/><rtept lat="40.28295" lon="-124.33077"/><rtept lat="40.28316" lon="-124.33065"/><rtept lat="40.28361" lon="-124.33047"/><rtept lat="40.28374" lon="-124.33046"/><rtept lat="40.28388" lon="-124.33051"/><rtept lat="40.2841" lon="-124.33065"/><rtept lat="40.28484" lon="-124.33092"/><rtept lat="40.28503" lon="-124.33094"/><rtept lat="40.28515" lon="-124.33093"/><rtept lat="40.28524" lon="-124.33088"/><rtept lat="40.28531" lon="-124.3308"/><rtept lat="40.28539" lon="-124.33066"/><rtept lat="40.28544" lon="-124.33062"/><rtept lat="40.28552" lon="-124.33059"/><rtept lat="40.28558" lon="-124.33054"/><rtept lat="40.28589" lon="-124.33018"/><rtept lat="40.28605" lon="-124.33004"/><rtept lat="40.28615" lon="-124.32999"/><rtept lat="40.28658" lon="-124.32994"/><rtept lat="40.28674" lon="-124.32982"/><rtept lat="40.28685" lon="-124.32964"/><rtept lat="40.28686" lon="-124.32955"/><rtept lat="40.28686" lon="-124.32944"/><rtept lat="40.2868" lon="-124.32927"/><rtept lat="40.28679" lon="-124.32917"/><rtept lat="40.28681" lon="-124.32908"/><rtept lat="40.28686" lon="-124.32901"/><rtept lat="40.28693" lon="-124.32895"/><rtept lat="40.28698" lon="-124.32893"/><rtept lat="40.28706" lon="-124.32893"/><rtept lat="40.28732" lon="-124.32902"/><rtept lat="40.28753" lon="-124.32912"/><rtept lat="40.2876" lon="-124.32911"/><rtept lat="40.28766" lon="-124.32908"/><rtept lat="40.28772" lon="-124.32901"/><rtept lat="40.28774" lon="-124.32892"/><rtept lat="40.28772" lon="-124.32882"/><rtept lat="40.28762" lon="-124.32865"/><rtept lat="40.28749" lon="-124.32855"/><rtept lat="40.28746" lon="-124.32849"/><rtept lat="40.28745" lon="-124.32842"/><rtept lat="40.28753" lon="-124.32817"/><rtept lat="40.28759" lon="-124.32811"/><rtept lat="40.28778" lon="-124.32801"/><rtept lat="40.28796" lon="-124.32779"/><rtept lat="40.28801" lon="-124.32776"/><rtept lat="40.28816" lon="-124.32775"/><rtept lat="40.28832" lon="-124.32779"/><rtept lat="40.28858" lon="-124.32797"/><rtept lat="40.28878" lon="-124.32816"/><rtept lat="40.2888" lon="-124.32825"/><rtept lat="40.28882" lon="-124.3287"/><rtept lat="40.28875" lon="-124.32938"/><rtept lat="40.2888" lon="-124.33012"/><rtept lat="40.28885" lon="-124.33047"/><rtept lat="40.2889" lon="-124.33059"/><rtept lat="40.28898" lon="-124.33069"/><rtept lat="40.28906" lon="-124.33075"/><rtept lat="40.28915" lon="-124.33077"/><rtept lat="40.28923" lon="-124.33075"/><rtept lat="40.28952" lon="-124.33055"/><rtept lat="40.28968" lon="-124.33047"/><rtept lat="40.28998" lon="-124.33039"/><rtept lat="40.29018" lon="-124.33036"/><rtept lat="40.29066" lon="-124.33035"/><rtept lat="40.29072" lon="-124.33016"/><rtept lat="40.29081" lon="-124.32995"/><rtept lat="40.29131" lon="-124.3292"/><rtept lat="40.2916" lon="-124.32888"/><rtept lat="40.29187" lon="-124.32854"/><rtept lat="40.2922" lon="-124.32805"/><rtept lat="40.29249" lon="-124.32743"/><rtept lat="40.29274" lon="-124.32699"/><rtept lat="40.29381" lon="-124.32552"/><rtept lat="40.29396" lon="-124.32536"/><rtept lat="40.2948" lon="-124.3247"/><rtept lat="40.29497" lon="-124.32453"/><rtept lat="40.29537" lon="-124.32399"/><rtept lat="40.2956" lon="-124.32374"/><rtept lat="40.29593" lon="-124.32343"/><rtept lat="40.29641" lon="-124.32279"/><rtept lat="40.29721" lon="-124.32142"/><rtept lat="40.29734" lon="-124.3207"/><rtept lat="40.29751" lon="-124.32017"/><rtept lat="40.29766" lon="-124.31986"/><rtept lat="40.29822" lon="-124.31885"/><rtept lat="40.29852" lon="-124.31835"/><rtept lat="40.2989" lon="-124.31755"/><rtept lat="40.29899" lon="-124.31732"/><rtept lat="40.29906" lon="-124.31706"/><rtept lat="40.29918" lon="-124.31632"/><rtept lat="40.29921" lon="-124.31583"/><rtept lat="40.29915" lon="-124.31521"/><rtept lat="40.29912" lon="-124.3142"/><rtept lat="40.2991" lon="-124.31403"/><rtept lat="40.29897" lon="-124.3136"/><rtept lat="40.29888" lon="-124.31308"/><rtept lat="40.29854" lon="-124.31192"/><rtept lat="40.29835" lon="-124.31115"/><rtept lat="40.29822" lon="-124.31036"/><rtept lat="40.29822" lon="-124.31001"/><rtept lat="40.29826" lon="-124.30971"/><rtept lat="40.2982" lon="-124.30936"/><rtept lat="40.29821" lon="-124.30921"/><rtept lat="40.29814" lon="-124.30893"/><rtept lat="40.29788" lon="-124.30808"/><rtept lat="40.29779" lon="-124.30784"/><rtept lat="40.29774" lon="-124.30764"/><rtept lat="40.29749" lon="-124.30704"/><rtept lat="40.29732" lon="-124.3064"/><rtept lat="40.29714" lon="-124.30583"/><rtept lat="40.29709" lon="-124.30562"/><rtept lat="40.29696" lon="-124.30478"/><rtept lat="40.29696" lon="-124.30457"/><rtept lat="40.29702" lon="-124.30393"/><rtept lat="40.29706" lon="-124.30382"/><rtept lat="40.29708" lon="-124.30362"/><rtept lat="40.29735" lon="-124.30223"/><rtept lat="40.29738" lon="-124.30194"/><rtept lat="40.29766" lon="-124.30102"/><rtept lat="40.298" lon="-124.3003"/><rtept lat="40.29822" lon="-124.29979"/><rtept lat="40.29861" lon="-124.29898"/><rtept lat="40.29874" lon="-124.29874"/><rtept lat="40.29972" lon="-124.2977"/><rtept lat="40.3001" lon="-124.29746"/><rtept lat="40.30019" lon="-124.29743"/><rtept lat="40.30046" lon="-124.29743"/><rtept lat="40.30065" lon="-124.29737"/><rtept lat="40.30132" lon="-124.29734"/><rtept lat="40.30197" lon="-124.29728"/><rtept lat="40.30343" lon="-124.29718"/><rtept lat="40.30489" lon="-124.29701"/><rtept lat="40.30552" lon="-124.29697"/><rtept lat="40.30798" lon="-124.29671"/><rtept lat="40.30818" lon="-124.29667"/><rtept lat="40.30851" lon="-124.29643"/><rtept lat="40.30865" lon="-124.29628"/><rtept lat="40.30881" lon="-124.29606"/><rtept lat="40.30894" lon="-124.29579"/><rtept lat="40.30961" lon="-124.29378"/><rtept lat="40.30959" lon="-124.29373"/><rtept lat="40.31003" lon="-124.29235"/><rtept lat="40.31016" lon="-124.29173"/><rtept lat="40.31023" lon="-124.29156"/><rtept lat="40.31052" lon="-124.29101"/><rtept lat="40.31093" lon="-124.29008"/><rtept lat="40.31174" lon="-124.28874"/><rtept lat="40.31191" lon="-124.2884"/><rtept lat="40.31206" lon="-124.28795"/><rtept lat="40.31213" lon="-124.28762"/><rtept lat="40.31256" lon="-124.28594"/><rtept lat="40.3128" lon="-124.28524"/><rtept lat="40.31287" lon="-124.2851"/><rtept lat="40.31306" lon="-124.28483"/><rtept lat="40.31328" lon="-124.2846"/><rtept lat="40.31333" lon="-124.28448"/><rtept lat="40.31335" lon="-124.28437"/><rtept lat="40.31335" lon="-124.28425"/><rtept lat="40.31305" lon="-124.28352"/><rtept lat="40.31299" lon="-124.28322"/><rtept lat="40.31318" lon="-124.28325"/><rtept lat="40.31455" lon="-124.28324"/><rtept lat="40.31447" lon="-124.28305"/><rtept lat="40.31445" lon="-124.28292"/><rtept lat="40.31438" lon="-124.28277"/><rtept lat="40.31422" lon="-124.28255"/><rtept lat="40.31408" lon="-124.28248"/><rtept lat="40.31392" lon="-124.28234"/><rtept lat="40.31382" lon="-124.28217"/><rtept lat="40.31366" lon="-124.28157"/><rtept lat="40.31363" lon="-124.28135"/><rtept lat="40.3137" lon="-124.2801"/><rtept lat="40.31362" lon="-124.27969"/><rtept lat="40.31356" lon="-124.27954"/><rtept lat="40.31322" lon="-124.27899"/><rtept lat="40.31306" lon="-124.27868"/><rtept lat="40.313" lon="-124.27847"/><rtept lat="40.31268" lon="-124.27692"/><rtept lat="40.31254" lon="-124.27614"/><rtept lat="40.31234" lon="-124.27555"/><rtept lat="40.31227" lon="-124.27512"/><rtept lat="40.31223" lon="-124.2742"/><rtept lat="40.31211" lon="-124.27306"/><rtept lat="40.31206" lon="-124.27293"/><rtept lat="40.31191" lon="-124.27104"/><rtept lat="40.3118" lon="-124.26865"/><rtept lat="40.31205" lon="-124.2675"/><rtept lat="40.31209" lon="-124.26717"/><rtept lat="40.31209" lon="-124.26602"/><rtept lat="40.31211" lon="-124.26575"/><rtept lat="40.31229" lon="-124.26502"/><rtept lat="40.31232" lon="-124.2648"/><rtept lat="40.31247" lon="-124.26413"/><rtept lat="40.31251" lon="-124.26349"/><rtept lat="40.31248" lon="-124.26321"/><rtept lat="40.31236" lon="-124.26265"/><rtept lat="40.3123" lon="-124.26222"/><rtept lat="40.31225" lon="-124.26198"/><rtept lat="40.31214" lon="-124.26174"/><rtept lat="40.31198" lon="-124.26148"/><rtept lat="40.31173" lon="-124.26117"/><rtept lat="40.31156" lon="-124.2609"/><rtept lat="40.31123" lon="-124.2602"/><rtept lat="40.31107" lon="-124.25991"/><rtept lat="40.31072" lon="-124.25944"/><rtept lat="40.30975" lon="-124.25843"/><rtept lat="40.30965" lon="-124.25827"/><rtept lat="40.30957" lon="-124.25803"/><rtept lat="40.30951" lon="-124.25727"/><rtept lat="40.30951" lon="-124.25698"/><rtept lat="40.30959" lon="-124.25623"/><rtept lat="40.30966" lon="-124.25604"/><rtept lat="40.30966" lon="-124.2558"/><rtept lat="40.30957" lon="-124.25448"/><rtept lat="40.30951" lon="-124.25288"/><rtept lat="40.30935" lon="-124.25227"/><rtept lat="40.30927" lon="-124.25178"/><rtept lat="40.30922" lon="-124.25162"/><rtept lat="40.30878" lon="-124.25066"/><rtept lat="40.30869" lon="-124.25034"/><rtept lat="40.30863" lon="-124.24995"/><rtept lat="40.30862" lon="-124.24964"/><rtept lat="40.30865" lon="-124.24922"/><rtept lat="40.30868" lon="-124.24903"/><rtept lat="40.30876" lon="-124.24875"/><rtept lat="40.30906" lon="-124.24812"/><rtept lat="40.30951" lon="-124.24754"/><rtept lat="40.30974" lon="-124.24715"/><rtept lat="40.30987" lon="-124.24689"/><rtept lat="40.31007" lon="-124.24638"/><rtept lat="40.31025" lon="-124.24602"/><rtept lat="40.3103" lon="-124.24576"/><rtept lat="40.31031" lon="-124.24502"/><rtept lat="40.31047" lon="-124.24373"/><rtept lat="40.31062" lon="-124.24226"/><rtept lat="40.31069" lon="-124.24172"/><rtept lat="40.3107" lon="-124.24146"/><rtept lat="40.31065" lon="-124.24116"/><rtept lat="40.31042" lon="-124.24062"/><rtept lat="40.3103" lon="-124.24017"/><rtept lat="40.31027" lon="-124.23999"/><rtept lat="40.31007" lon="-124.23955"/><rtept lat="40.31009" lon="-124.23941"/><rtept lat="40.31032" lon="-124.23894"/><rtept lat="40.31033" lon="-124.23885"/><rtept lat="40.31013" lon="-124.23813"/><rtept lat="40.31009" lon="-124.23807"/><rtept lat="40.30931" lon="-124.23732"/><rtept lat="40.30904" lon="-124.23699"/><rtept lat="40.30887" lon="-124.23697"/><rtept lat="40.30879" lon="-124.23692"/><rtept lat="40.30866" lon="-124.23687"/><rtept lat="40.30861" lon="-124.23678"/><rtept lat="40.30859" lon="-124.23657"/><rtept lat="40.30855" lon="-124.23655"/><rtept lat="40.30848" lon="-124.23659"/><rtept lat="40.30799" lon="-124.23702"/><rtept lat="40.30692" lon="-124.23768"/><rtept lat="40.30682" lon="-124.23771"/><rtept lat="40.30671" lon="-124.23771"/><rtept lat="40.30629" lon="-124.23759"/><rtept lat="40.30582" lon="-124.23749"/><rtept lat="40.30561" lon="-124.23747"/><rtept lat="40.30542" lon="-124.23765"/><rtept lat="40.30528" lon="-124.23769"/><rtept lat="40.30474" lon="-124.23791"/><rtept lat="40.30366" lon="-124.23841"/><rtept lat="40.30339" lon="-124.23845"/><rtept lat="40.30319" lon="-124.2385"/><rtept lat="40.3028" lon="-124.23864"/><rtept lat="40.30181" lon="-124.238"/><rtept lat="40.30167" lon="-124.23786"/><rtept lat="40.30116" lon="-124.23692"/><rtept lat="40.3011" lon="-124.23661"/><rtept lat="40.30106" lon="-124.23652"/><rtept lat="40.30097" lon="-124.23639"/><rtept lat="40.30085" lon="-124.23601"/><rtept lat="40.30063" lon="-124.23559"/><rtept lat="40.30057" lon="-124.23553"/><rtept lat="40.30027" lon="-124.23547"/><rtept lat="40.30015" lon="-124.23538"/><rtept lat="40.30009" lon="-124.23531"/><rtept lat="40.3001" lon="-124.23521"/><rtept lat="40.30035" lon="-124.23509"/><rtept lat="40.30044" lon="-124.23498"/><rtept lat="40.3005" lon="-124.23485"/><rtept lat="40.30052" lon="-124.2347"/><rtept lat="40.30051" lon="-124.23409"/><rtept lat="40.30062" lon="-124.23348"/><rtept lat="40.30067" lon="-124.23281"/><rtept lat="40.30071" lon="-124.23258"/><rtept lat="40.30067" lon="-124.23247"/><rtept lat="40.30053" lon="-124.23224"/><rtept lat="40.30047" lon="-124.23204"/><rtept lat="40.30034" lon="-124.23189"/><rtept lat="40.30025" lon="-124.23183"/><rtept lat="40.30004" lon="-124.23134"/><rtept lat="40.30004" lon="-124.23115"/><rtept lat="40.30009" lon="-124.23097"/><rtept lat="40.30011" lon="-124.23072"/><rtept lat="40.3001" lon="-124.23041"/><rtept lat="40.30003" lon="-124.22986"/><rtept lat="40.30002" lon="-124.22954"/><rtept lat="40.30004" lon="-124.22863"/><rtept lat="40.29994" lon="-124.22815"/><rtept lat="40.29986" lon="-124.22795"/><rtept lat="40.29954" lon="-124.22752"/><rtept lat="40.29949" lon="-124.22743"/><rtept lat="40.29948" lon="-124.22725"/><rtept lat="40.29952" lon="-124.22697"/><rtept lat="40.29951" lon="-124.22685"/><rtept lat="40.29942" lon="-124.22645"/><rtept lat="40.29936" lon="-124.22523"/><rtept lat="40.29932" lon="-124.22487"/><rtept lat="40.29925" lon="-124.22453"/><rtept lat="40.29909" lon="-124.22397"/><rtept lat="40.29893" lon="-124.22363"/><rtept lat="40.29867" lon="-124.22316"/><rtept lat="40.29856" lon="-124.22288"/><rtept lat="40.29772" lon="-124.22172"/><rtept lat="40.29754" lon="-124.22138"/><rtept lat="40.29734" lon="-124.22094"/><rtept lat="40.29714" lon="-124.22034"/><rtept lat="40.29691" lon="-124.2199"/><rtept lat="40.29673" lon="-124.21977"/><rtept lat="40.29642" lon="-124.21967"/><rtept lat="40.29617" lon="-124.21931"/><rtept lat="40.29593" lon="-124.21908"/><rtept lat="40.29584" lon="-124.21874"/><rtept lat="40.29588" lon="-124.21846"/><rtept lat="40.29598" lon="-124.21818"/><rtept lat="40.296" lon="-124.21779"/><rtept lat="40.29588" lon="-124.21725"/><rtept lat="40.2957" lon="-124.21674"/><rtept lat="40.29556" lon="-124.21611"/><rtept lat="40.29547" lon="-124.21536"/><rtept lat="40.29529" lon="-124.21498"/><rtept lat="40.29484" lon="-124.21429"/><rtept lat="40.29463" lon="-124.214"/><rtept lat="40.29456" lon="-124.21366"/><rtept lat="40.29454" lon="-124.2128"/><rtept lat="40.29464" lon="-124.21216"/><rtept lat="40.29484" lon="-124.21154"/><rtept lat="40.29488" lon="-124.2113"/><rtept lat="40.29479" lon="-124.21109"/><rtept lat="40.2946" lon="-124.21083"/><rtept lat="40.29448" lon="-124.21055"/><rtept lat="40.29424" lon="-124.21014"/><rtept lat="40.29404" lon="-124.20967"/><rtept lat="40.29405" lon="-124.20942"/><rtept lat="40.29403" lon="-124.20914"/><rtept lat="40.29387" lon="-124.20839"/><rtept lat="40.29381" lon="-124.20826"/><rtept lat="40.29372" lon="-124.20799"/><rtept lat="40.29359" lon="-124.20742"/><rtept lat="40.29355" lon="-124.20706"/><rtept lat="40.29343" lon="-124.20668"/><rtept lat="40.29322" lon="-124.20615"/><rtept lat="40.29262" lon="-124.20495"/><rtept lat="40.29249" lon="-124.20448"/><rtept lat="40.29227" lon="-124.20319"/><rtept lat="40.29216" lon="-124.20271"/><rtept lat="40.29206" lon="-124.20244"/><rtept lat="40.29187" lon="-124.20119"/><rtept lat="40.29148" lon="-124.2008"/><rtept lat="40.29115" lon="-124.20026"/><rtept lat="40.29078" lon="-124.19955"/><rtept lat="40.29045" lon="-124.19857"/><rtept lat="40.2903" lon="-124.19824"/><rtept lat="40.29012" lon="-124.19793"/><rtept lat="40.29007" lon="-124.19751"/><rtept lat="40.29009" lon="-124.19712"/><rtept lat="40.29" lon="-124.19687"/><rtept lat="40.28986" lon="-124.19668"/><rtept lat="40.28978" lon="-124.19626"/><rtept lat="40.28983" lon="-124.19567"/><rtept lat="40.28966" lon="-124.19461"/><rtept lat="40.28983" lon="-124.19284"/><rtept lat="40.28983" lon="-124.19248"/><rtept lat="40.2895" lon="-124.19172"/><rtept lat="40.28934" lon="-124.18985"/><rtept lat="40.28891" lon="-124.18916"/><rtept lat="40.28877" lon="-124.18871"/><rtept lat="40.28876" lon="-124.18794"/><rtept lat="40.28879" lon="-124.18705"/><rtept lat="40.28879" lon="-124.18659"/><rtept lat="40.28827" lon="-124.18525"/><rtept lat="40.28807" lon="-124.18515"/><rtept lat="40.28786" lon="-124.18493"/><rtept lat="40.28752" lon="-124.18492"/><rtept lat="40.28716" lon="-124.18505"/><rtept lat="40.28689" lon="-124.18505"/><rtept lat="40.2863" lon="-124.18434"/><rtept lat="40.28595" lon="-124.18407"/><rtept lat="40.2856" lon="-124.18399"/><rtept lat="40.28536" lon="-124.18389"/><rtept lat="40.28517" lon="-124.18406"/><rtept lat="40.28478" lon="-124.18417"/><rtept lat="40.28461" lon="-124.18415"/><rtept lat="40.28446" lon="-124.18421"/><rtept lat="40.28439" lon="-124.18532"/><rtept lat="40.28423" lon="-124.18557"/><rtept lat="40.28384" lon="-124.18582"/><rtept lat="40.2835" lon="-124.18579"/><rtept lat="40.28337" lon="-124.18567"/><rtept lat="40.28285" lon="-124.18607"/><rtept lat="40.28264" lon="-124.18605"/><rtept lat="40.28226" lon="-124.18556"/><rtept lat="40.28204" lon="-124.18538"/><rtept lat="40.28181" lon="-124.18524"/><rtept lat="40.28147" lon="-124.18449"/><rtept lat="40.2811" lon="-124.1844"/><rtept lat="40.28092" lon="-124.18417"/><rtept lat="40.28062" lon="-124.18409"/><rtept lat="40.28038" lon="-124.18408"/><rtept lat="40.28005" lon="-124.18477"/><rtept lat="40.27981" lon="-124.18507"/><rtept lat="40.27958" lon="-124.18526"/><rtept lat="40.27934" lon="-124.18536"/><rtept lat="40.27917" lon="-124.18564"/><rtept lat="40.27902" lon="-124.18595"/><rtept lat="40.27863" lon="-124.18617"/><rtept lat="40.27803" lon="-124.18622"/><rtept lat="40.27771" lon="-124.18622"/><rtept lat="40.27743" lon="-124.18631"/><rtept lat="40.27712" lon="-124.18629"/><rtept lat="40.27685" lon="-124.18617"/><rtept lat="40.27653" lon="-124.1862"/><rtept lat="40.27622" lon="-124.18632"/><rtept lat="40.27612" lon="-124.18643"/><rtept lat="40.27594" lon="-124.18647"/><rtept lat="40.27578" lon="-124.18661"/><rtept lat="40.27562" lon="-124.18668"/><rtept lat="40.2754" lon="-124.18663"/><rtept lat="40.27516" lon="-124.18647"/><rtept lat="40.27489" lon="-124.18642"/><rtept lat="40.27471" lon="-124.18658"/><rtept lat="40.27447" lon="-124.18707"/><rtept lat="40.27435" lon="-124.18743"/><rtept lat="40.27412" lon="-124.18767"/><rtept lat="40.27385" lon="-124.18838"/><rtept lat="40.27378" lon="-124.18866"/><rtept lat="40.27395" lon="-124.18916"/><rtept lat="40.27437" lon="-124.18995"/><rtept lat="40.27444" lon="-124.19046"/><rtept lat="40.27445" lon="-124.19195"/><rtept lat="40.27436" lon="-124.19235"/><rtept lat="40.27415" lon="-124.19253"/><rtept lat="40.27392" lon="-124.19255"/><rtept lat="40.27377" lon="-124.19189"/><rtept lat="40.27377" lon="-124.19117"/><rtept lat="40.27367" lon="-124.19029"/><rtept lat="40.27347" lon="-124.18982"/><rtept lat="40.27327" lon="-124.1897"/><rtept lat="40.27312" lon="-124.18985"/><rtept lat="40.27295" lon="-124.18996"/><rtept lat="40.2727" lon="-124.18999"/><rtept lat="40.27229" lon="-124.18983"/><rtept lat="40.27182" lon="-124.18937"/><rtept lat="40.27159" lon="-124.18947"/><rtept lat="40.27143" lon="-124.18969"/><rtept lat="40.2712" lon="-124.18986"/><rtept lat="40.27092" lon="-124.18994"/><rtept lat="40.27082" lon="-124.19015"/><rtept lat="40.27071" lon="-124.19025"/><rtept lat="40.27061" lon="-124.19005"/><rtept lat="40.27064" lon="-124.18968"/><rtept lat="40.27058" lon="-124.18926"/><rtept lat="40.27028" lon="-124.18892"/><rtept lat="40.27002" lon="-124.18905"/><rtept lat="40.26983" lon="-124.18904"/><rtept lat="40.26959" lon="-124.18913"/><rtept lat="40.26934" lon="-124.18928"/><rtept lat="40.2691" lon="-124.18925"/><rtept lat="40.26897" lon="-124.18913"/><rtept lat="40.26882" lon="-124.18914"/><rtept lat="40.26875" lon="-124.18872"/><rtept lat="40.26865" lon="-124.18847"/><rtept lat="40.26851" lon="-124.18865"/><rtept lat="40.26835" lon="-124.18903"/><rtept lat="40.26802" lon="-124.18947"/><rtept lat="40.26794" lon="-124.18972"/><rtept lat="40.26785" lon="-124.1901"/><rtept lat="40.26761" lon="-124.19041"/><rtept lat="40.26738" lon="-124.19049"/><rtept lat="40.26728" lon="-124.19027"/><rtept lat="40.26741" lon="-124.19006"/><rtept lat="40.2676" lon="-124.18995"/><rtept lat="40.26765" lon="-124.18967"/><rtept lat="40.26765" lon="-124.18941"/><rtept lat="40.26753" lon="-124.18926"/><rtept lat="40.26743" lon="-124.18935"/><rtept lat="40.26736" lon="-124.18965"/><rtept lat="40.26729" lon="-124.18982"/><rtept lat="40.26713" lon="-124.18982"/><rtept lat="40.26702" lon="-124.19008"/><rtept lat="40.26703" lon="-124.1906"/><rtept lat="40.26714" lon="-124.19084"/><rtept lat="40.26723" lon="-124.19111"/><rtept lat="40.26717" lon="-124.19145"/><rtept lat="40.26695" lon="-124.19144"/><rtept lat="40.26611" lon="-124.19107"/><rtept lat="40.2658" lon="-124.19106"/><rtept lat="40.26562" lon="-124.19133"/><rtept lat="40.26546" lon="-124.19168"/><rtept lat="40.2654" lon="-124.19202"/><rtept lat="40.26565" lon="-124.1924"/><rtept lat="40.26588" lon="-124.1926"/><rtept lat="40.26606" lon="-124.19285"/><rtept lat="40.26606" lon="-124.19312"/><rtept lat="40.26594" lon="-124.19341"/><rtept lat="40.26605" lon="-124.19373"/><rtept lat="40.26622" lon="-124.19397"/><rtept lat="40.26631" lon="-124.19415"/><rtept lat="40.26631" lon="-124.19434"/><rtept lat="40.26629" lon="-124.1945"/><rtept lat="40.26621" lon="-124.19472"/><rtept lat="40.2661" lon="-124.19469"/><rtept lat="40.26593" lon="-124.19443"/><rtept lat="40.26575" lon="-124.194"/><rtept lat="40.26547" lon="-124.19382"/><rtept lat="40.26518" lon="-124.1935"/><rtept lat="40.26507" lon="-124.19345"/><rtept lat="40.26488" lon="-124.19344"/><rtept lat="40.26458" lon="-124.19303"/><rtept lat="40.26438" lon="-124.19285"/><rtept lat="40.26418" lon="-124.19274"/><rtept lat="40.26405" lon="-124.19273"/><rtept lat="40.26389" lon="-124.19283"/><rtept lat="40.26363" lon="-124.19287"/><rtept lat="40.26354" lon="-124.19285"/><rtept lat="40.26335" lon="-124.19275"/><rtept lat="40.2633" lon="-124.19265"/><rtept lat="40.26331" lon="-124.19222"/><rtept lat="40.26321" lon="-124.19183"/><rtept lat="40.26314" lon="-124.19167"/><rtept lat="40.26298" lon="-124.1916"/><rtept lat="40.26282" lon="-124.19181"/><rtept lat="40.26268" lon="-124.19221"/><rtept lat="40.26263" lon="-124.19254"/><rtept lat="40.26262" lon="-124.19275"/><rtept lat="40.26252" lon="-124.19282"/><rtept lat="40.26214" lon="-124.19255"/><rtept lat="40.26207" lon="-124.1927"/><rtept lat="40.26197" lon="-124.1932"/><rtept lat="40.26182" lon="-124.19356"/><rtept lat="40.26166" lon="-124.19387"/><rtept lat="40.26109" lon="-124.1944"/><rtept lat="40.26106" lon="-124.19473"/><rtept lat="40.26035" lon="-124.19476"/><rtept lat="40.25986" lon="-124.19481"/><rtept lat="40.2597" lon="-124.19481"/><rtept lat="40.25954" lon="-124.19477"/><rtept lat="40.25939" lon="-124.19469"/><rtept lat="40.2593" lon="-124.1946"/><rtept lat="40.25918" lon="-124.19446"/><rtept lat="40.25865" lon="-124.19374"/><rtept lat="40.2584" lon="-124.19345"/><rtept lat="40.25787" lon="-124.19292"/><rtept lat="40.25754" lon="-124.19267"/><rtept lat="40.25632" lon="-124.19143"/><rtept lat="40.25564" lon="-124.19081"/><rtept lat="40.25511" lon="-124.19052"/><rtept lat="40.25458" lon="-124.19011"/><rtept lat="40.25453" lon="-124.19004"/><rtept lat="40.25448" lon="-124.18986"/><rtept lat="40.25442" lon="-124.18976"/><rtept lat="40.25433" lon="-124.18968"/><rtept lat="40.25419" lon="-124.18962"/><rtept lat="40.25374" lon="-124.18955"/><rtept lat="40.25359" lon="-124.18955"/><rtept lat="40.25349" lon="-124.18957"/><rtept lat="40.25337" lon="-124.18962"/><rtept lat="40.25326" lon="-124.18971"/><rtept lat="40.25311" lon="-124.18991"/><rtept lat="40.253" lon="-124.18999"/><rtept lat="40.25288" lon="-124.19004"/><rtept lat="40.25253" lon="-124.19002"/><rtept lat="40.25216" lon="-124.19002"/><rtept lat="40.25204" lon="-124.18996"/><rtept lat="40.25198" lon="-124.1899"/><rtept lat="40.25194" lon="-124.18981"/><rtept lat="40.25192" lon="-124.18971"/><rtept lat="40.25194" lon="-124.18947"/><rtept lat="40.25199" lon="-124.18932"/><rtept lat="40.2521" lon="-124.18914"/><rtept lat="40.25236" lon="-124.18891"/><rtept lat="40.25242" lon="-124.18884"/><rtept lat="40.25259" lon="-124.1884"/><rtept lat="40.25259" lon="-124.18826"/><rtept lat="40.25256" lon="-124.18813"/><rtept lat="40.25251" lon="-124.18802"/><rtept lat="40.25225" lon="-124.1877"/><rtept lat="40.25218" lon="-124.18757"/><rtept lat="40.25215" lon="-124.18741"/><rtept lat="40.25214" lon="-124.18693"/><rtept lat="40.25196" lon="-124.18604"/><rtept lat="40.25195" lon="-124.18583"/><rtept lat="40.25197" lon="-124.18561"/><rtept lat="40.25204" lon="-124.18515"/><rtept lat="40.25219" lon="-124.18451"/><rtept lat="40.25221" lon="-124.18432"/><rtept lat="40.25219" lon="-124.18413"/><rtept lat="40.25209" lon="-124.18377"/><rtept lat="40.25147" lon="-124.18264"/><rtept lat="40.25131" lon="-124.18228"/><rtept lat="40.251" lon="-124.18147"/><rtept lat="40.2501" lon="-124.17959"/><rtept lat="40.24983" lon="-124.17889"/><rtept lat="40.24968" lon="-124.17809"/><rtept lat="40.24956" lon="-124.1776"/><rtept lat="40.24944" lon="-124.17695"/><rtept lat="40.24909" lon="-124.17532"/><rtept lat="40.24902" lon="-124.1745"/><rtept lat="40.24903" lon="-124.17424"/><rtept lat="40.24909" lon="-124.17383"/><rtept lat="40.24929" lon="-124.17319"/><rtept lat="40.2493" lon="-124.17295"/><rtept lat="40.24928" lon="-124.17268"/><rtept lat="40.24912" lon="-124.17187"/><rtept lat="40.24888" lon="-124.17031"/><rtept lat="40.24874" lon="-124.16982"/><rtept lat="40.24846" lon="-124.16923"/><rtept lat="40.24731" lon="-124.16712"/><rtept lat="40.24719" lon="-124.16683"/><rtept lat="40.24644" lon="-124.16424"/><rtept lat="40.24632" lon="-124.16398"/><rtept lat="40.24621" lon="-124.16383"/><rtept lat="40.24605" lon="-124.16368"/><rtept lat="40.24585" lon="-124.16357"/><rtept lat="40.24571" lon="-124.16353"/><rtept lat="40.24543" lon="-124.16352"/><rtept lat="40.24513" lon="-124.16357"/><rtept lat="40.24493" lon="-124.16361"/><rtept lat="40.24455" lon="-124.16375"/><rtept lat="40.24345" lon="-124.16431"/><rtept lat="40.2426" lon="-124.16469"/><rtept lat="40.24238" lon="-124.16472"/><rtept lat="40.24129" lon="-124.16465"/><rtept lat="40.24113" lon="-124.16461"/><rtept lat="40.24094" lon="-124.16455"/><rtept lat="40.24061" lon="-124.16438"/><rtept lat="40.24044" lon="-124.16427"/><rtept lat="40.24031" lon="-124.16414"/><rtept lat="40.24007" lon="-124.16382"/><rtept lat="40.2399" lon="-124.16356"/><rtept lat="40.23946" lon="-124.16277"/><rtept lat="40.23912" lon="-124.16221"/><rtept lat="40.23875" lon="-124.16173"/><rtept lat="40.23799" lon="-124.16091"/><rtept lat="40.2378" lon="-124.16068"/><rtept lat="40.23718" lon="-124.15978"/><rtept lat="40.23695" lon="-124.15948"/><rtept lat="40.23682" lon="-124.15933"/><rtept lat="40.23633" lon="-124.15892"/><rtept lat="40.23622" lon="-124.1588"/><rtept lat="40.23572" lon="-124.15809"/><rtept lat="40.23566" lon="-124.15797"/><rtept lat="40.23558" lon="-124.1577"/><rtept lat="40.23553" lon="-124.15738"/><rtept lat="40.23537" lon="-124.15695"/><rtept lat="40.23517" lon="-124.15649"/><rtept lat="40.23509" lon="-124.15634"/><rtept lat="40.23432" lon="-124.15519"/><rtept lat="40.23409" lon="-124.15498"/><rtept lat="40.23394" lon="-124.15489"/><rtept lat="40.23374" lon="-124.15478"/><rtept lat="40.23277" lon="-124.15439"/><rtept lat="40.2326" lon="-124.15429"/><rtept lat="40.23246" lon="-124.15416"/><rtept lat="40.23223" lon="-124.15385"/><rtept lat="40.23171" lon="-124.15339"/><rtept lat="40.23135" lon="-124.15285"/><rtept lat="40.23098" lon="-124.15219"/><rtept lat="40.2302" lon="-124.15123"/><rtept lat="40.2301" lon="-124.15105"/><rtept lat="40.22991" lon="-124.15058"/><rtept lat="40.22961" lon="-124.14941"/><rtept lat="40.2296" lon="-124.14929"/><rtept lat="40.22964" lon="-124.14909"/><rtept lat="40.22961" lon="-124.14866"/><rtept lat="40.22964" lon="-124.14828"/><rtept lat="40.22987" lon="-124.14592"/><rtept lat="40.22986" lon="-124.1455"/><rtept lat="40.22971" lon="-124.14391"/><rtept lat="40.22975" lon="-124.14333"/><rtept lat="40.22984" lon="-124.14291"/><rtept lat="40.22992" lon="-124.14264"/><rtept lat="40.23" lon="-124.14246"/><rtept lat="40.23037" lon="-124.14185"/><rtept lat="40.2307" lon="-124.14122"/><rtept lat="40.23142" lon="-124.13975"/><rtept lat="40.23183" lon="-124.13911"/><rtept lat="40.23235" lon="-124.13841"/><rtept lat="40.23258" lon="-124.13813"/><rtept lat="40.23287" lon="-124.13783"/><rtept lat="40.23314" lon="-124.13749"/><rtept lat="40.23408" lon="-124.13674"/><rtept lat="40.2342" lon="-124.13667"/><rtept lat="40.23452" lon="-124.13653"/><rtept lat="40.23495" lon="-124.13621"/><rtept lat="40.23567" lon="-124.13586"/><rtept lat="40.23617" lon="-124.13557"/><rtept lat="40.2364" lon="-124.1354"/><rtept lat="40.23671" lon="-124.13511"/><rtept lat="40.23687" lon="-124.13491"/><rtept lat="40.23757" lon="-124.13392"/><rtept lat="40.23777" lon="-124.13346"/><rtept lat="40.23845" lon="-124.13262"/><rtept lat="40.23955" lon="-124.1316"/><rtept lat="40.24182" lon="-124.12967"/><rtept lat="40.24203" lon="-124.12947"/><rtept lat="40.24245" lon="-124.12884"/><rtept lat="40.24275" lon="-124.1283"/><rtept lat="40.24297" lon="-124.12758"/><rtept lat="40.24302" lon="-124.12722"/><rtept lat="40.24316" lon="-124.12534"/><rtept lat="40.24322" lon="-124.12492"/><rtept lat="40.24328" lon="-124.1247"/><rtept lat="40.2433" lon="-124.12447"/><rtept lat="40.24329" lon="-124.12335"/><rtept lat="40.2433" lon="-124.12326"/><rtept lat="40.24334" lon="-124.12315"/><rtept lat="40.24345" lon="-124.12302"/><rtept lat="40.24455" lon="-124.12279"/><rtept lat="40.24478" lon="-124.12281"/><rtept lat="40.24491" lon="-124.12285"/><rtept lat="40.24508" lon="-124.12298"/><rtept lat="40.24517" lon="-124.1231"/><rtept lat="40.24541" lon="-124.12389"/><rtept lat="40.24553" lon="-124.12417"/><rtept lat="40.24566" lon="-124.12432"/><rtept lat="40.24579" lon="-124.12437"/><rtept lat="40.24586" lon="-124.12435"/><rtept lat="40.24598" lon="-124.12428"/><rtept lat="40.24615" lon="-124.12406"/><rtept lat="40.24622" lon="-124.12386"/><rtept lat="40.24624" lon="-124.12372"/><rtept lat="40.24623" lon="-124.1236"/><rtept lat="40.24617" lon="-124.12344"/><rtept lat="40.24601" lon="-124.1232"/><rtept lat="40.24593" lon="-124.12304"/><rtept lat="40.2459" lon="-124.1229"/><rtept lat="40.24592" lon="-124.1228"/><rtept lat="40.24599" lon="-124.12271"/><rtept lat="40.24673" lon="-124.12226"/><rtept lat="40.24693" lon="-124.12217"/><rtept lat="40.24707" lon="-124.12215"/><rtept lat="40.24714" lon="-124.12216"/><rtept lat="40.24724" lon="-124.12224"/><rtept lat="40.24753" lon="-124.12258"/><rtept lat="40.2477" lon="-124.12273"/><rtept lat="40.24782" lon="-124.12273"/><rtept lat="40.24789" lon="-124.12264"/><rtept lat="40.2479" lon="-124.12255"/><rtept lat="40.24786" lon="-124.12242"/><rtept lat="40.24744" lon="-124.1218"/><rtept lat="40.24711" lon="-124.12128"/><rtept lat="40.24704" lon="-124.12112"/><rtept lat="40.24704" lon="-124.12092"/><rtept lat="40.24707" lon="-124.12085"/><rtept lat="40.24715" lon="-124.12079"/><rtept lat="40.2473" lon="-124.12078"/><rtept lat="40.24754" lon="-124.12087"/><rtept lat="40.24772" lon="-124.12098"/><rtept lat="40.24781" lon="-124.12108"/><rtept lat="40.24806" lon="-124.12152"/><rtept lat="40.24815" lon="-124.12164"/><rtept lat="40.24832" lon="-124.12178"/><rtept lat="40.2484" lon="-124.12181"/><rtept lat="40.24856" lon="-124.12183"/><rtept lat="40.24906" lon="-124.12183"/><rtept lat="40.24921" lon="-124.12186"/><rtept lat="40.24945" lon="-124.12199"/><rtept lat="40.24956" lon="-124.12209"/><rtept lat="40.24967" lon="-124.12225"/><rtept lat="40.24973" lon="-124.12242"/><rtept lat="40.24975" lon="-124.12255"/><rtept lat="40.24965" lon="-124.12299"/><rtept lat="40.24943" lon="-124.12367"/><rtept lat="40.2494" lon="-124.12391"/><rtept lat="40.24943" lon="-124.12409"/><rtept lat="40.24953" lon="-124.12426"/><rtept lat="40.24964" lon="-124.12437"/><rtept lat="40.25" lon="-124.12461"/><rtept lat="40.25038" lon="-124.12491"/><rtept lat="40.25067" lon="-124.12505"/><rtept lat="40.25092" lon="-124.12515"/><rtept lat="40.25104" lon="-124.12517"/><rtept lat="40.25133" lon="-124.12516"/><rtept lat="40.25153" lon="-124.12505"/><rtept lat="40.25166" lon="-124.12492"/><rtept lat="40.25185" lon="-124.12466"/><rtept lat="40.25204" lon="-124.12445"/><rtept lat="40.25231" lon="-124.12429"/><rtept lat="40.2525" lon="-124.12427"/><rtept lat="40.25266" lon="-124.1243"/><rtept lat="40.25307" lon="-124.12442"/><rtept lat="40.25338" lon="-124.12445"/><rtept lat="40.25379" lon="-124.12444"/><rtept lat="40.25392" lon="-124.12437"/><rtept lat="40.254" lon="-124.12427"/><rtept lat="40.25402" lon="-124.12419"/><rtept lat="40.25403" lon="-124.12408"/><rtept lat="40.254" lon="-124.12398"/><rtept lat="40.25387" lon="-124.12386"/><rtept lat="40.25379" lon="-124.12382"/><rtept lat="40.25368" lon="-124.12381"/><rtept lat="40.25353" lon="-124.12383"/><rtept lat="40.25336" lon="-124.12394"/><rtept lat="40.25326" lon="-124.12397"/><rtept lat="40.25315" lon="-124.12398"/><rtept lat="40.25307" lon="-124.12396"/><rtept lat="40.25296" lon="-124.12391"/><rtept lat="40.25282" lon="-124.12381"/><rtept lat="40.25251" lon="-124.12353"/><rtept lat="40.25242" lon="-124.12347"/><rtept lat="40.2522" lon="-124.12343"/><rtept lat="40.25202" lon="-124.12344"/><rtept lat="40.25191" lon="-124.12342"/><rtept lat="40.25183" lon="-124.12336"/><rtept lat="40.25181" lon="-124.12328"/><rtept lat="40.25182" lon="-124.1232"/><rtept lat="40.25187" lon="-124.12314"/><rtept lat="40.25192" lon="-124.12311"/><rtept lat="40.25205" lon="-124.1231"/><rtept lat="40.25252" lon="-124.12321"/><rtept lat="40.2528" lon="-124.12335"/><rtept lat="40.25289" lon="-124.12338"/><rtept lat="40.25302" lon="-124.12337"/><rtept lat="40.25314" lon="-124.1233"/><rtept lat="40.25337" lon="-124.12302"/><rtept lat="40.2537" lon="-124.12284"/><rtept lat="40.25395" lon="-124.12265"/><rtept lat="40.25412" lon="-124.12248"/><rtept lat="40.25443" lon="-124.12225"/><rtept lat="40.2545" lon="-124.12214"/><rtept lat="40.25449" lon="-124.12205"/><rtept lat="40.25441" lon="-124.12196"/><rtept lat="40.25428" lon="-124.12193"/><rtept lat="40.2541" lon="-124.12192"/><rtept lat="40.25399" lon="-124.12194"/><rtept lat="40.2537" lon="-124.12217"/><rtept lat="40.25364" lon="-124.12218"/><rtept lat="40.25358" lon="-124.12213"/><rtept lat="40.25354" lon="-124.12202"/><rtept lat="40.25355" lon="-124.12193"/><rtept lat="40.25359" lon="-124.1218"/><rtept lat="40.25374" lon="-124.12151"/><rtept lat="40.25389" lon="-124.12133"/><rtept lat="40.25397" lon="-124.12127"/><rtept lat="40.25412" lon="-124.12119"/><rtept lat="40.25425" lon="-124.12115"/><rtept lat="40.25453" lon="-124.12114"/><rtept lat="40.25484" lon="-124.12119"/><rtept lat="40.25499" lon="-124.12117"/><rtept lat="40.25507" lon="-124.12113"/><rtept lat="40.25579" lon="-124.12049"/><rtept lat="40.25614" lon="-124.12014"/><rtept lat="40.25624" lon="-124.12006"/><rtept lat="40.25638" lon="-124.11999"/><rtept lat="40.25645" lon="-124.11998"/><rtept lat="40.25665" lon="-124.11999"/><rtept lat="40.25673" lon="-124.12003"/><rtept lat="40.25682" lon="-124.12011"/><rtept lat="40.25692" lon="-124.12029"/><rtept lat="40.25701" lon="-124.12039"/><rtept lat="40.25707" lon="-124.12042"/><rtept lat="40.25711" lon="-124.12041"/><rtept lat="40.25717" lon="-124.12029"/><rtept lat="40.25713" lon="-124.12012"/><rtept lat="40.25698" lon="-124.11974"/><rtept lat="40.2569" lon="-124.1196"/><rtept lat="40.25679" lon="-124.11951"/><rtept lat="40.25666" lon="-124.11946"/><rtept lat="40.2561" lon="-124.11938"/><rtept lat="40.25575" lon="-124.11937"/><rtept lat="40.25512" lon="-124.11942"/><rtept lat="40.25498" lon="-124.1194"/><rtept lat="40.25457" lon="-124.11925"/><rtept lat="40.25444" lon="-124.11922"/><rtept lat="40.25424" lon="-124.11921"/><rtept lat="40.25378" lon="-124.11927"/><rtept lat="40.25355" lon="-124.11921"/><rtept lat="40.25346" lon="-124.11914"/><rtept lat="40.25334" lon="-124.119"/><rtept lat="40.25314" lon="-124.11857"/><rtept lat="40.25305" lon="-124.11843"/><rtept lat="40.25294" lon="-124.11831"/><rtept lat="40.2528" lon="-124.11823"/><rtept lat="40.25264" lon="-124.1182"/><rtept lat="40.25257" lon="-124.11816"/><rtept lat="40.25252" lon="-124.11808"/><rtept lat="40.25252" lon="-124.11795"/><rtept lat="40.25257" lon="-124.11787"/><rtept lat="40.25261" lon="-124.11783"/><rtept lat="40.25274" lon="-124.11781"/><rtept lat="40.25293" lon="-124.11785"/><rtept lat="40.25305" lon="-124.11791"/><rtept lat="40.25328" lon="-124.1181"/><rtept lat="40.25336" lon="-124.11813"/><rtept lat="40.25347" lon="-124.11814"/><rtept lat="40.2537" lon="-124.11805"/><rtept lat="40.25408" lon="-124.11786"/><rtept lat="40.25443" lon="-124.11776"/><rtept lat="40.25479" lon="-124.11778"/><rtept lat="40.25537" lon="-124.1179"/><rtept lat="40.2556" lon="-124.11791"/><rtept lat="40.25579" lon="-124.11795"/><rtept lat="40.25615" lon="-124.11794"/><rtept lat="40.25637" lon="-124.11786"/><rtept lat="40.2566" lon="-124.11773"/><rtept lat="40.2571" lon="-124.11731"/><rtept lat="40.25745" lon="-124.11704"/><rtept lat="40.25755" lon="-124.11693"/><rtept lat="40.25783" lon="-124.1165"/><rtept lat="40.25847" lon="-124.11589"/><rtept lat="40.25884" lon="-124.11543"/><rtept lat="40.259" lon="-124.11533"/><rtept lat="40.25933" lon="-124.11517"/><rtept lat="40.25953" lon="-124.11511"/><rtept lat="40.25964" lon="-124.11513"/><rtept lat="40.25994" lon="-124.1153"/><rtept lat="40.26023" lon="-124.11549"/><rtept lat="40.26037" lon="-124.11556"/><rtept lat="40.26048" lon="-124.11558"/><rtept lat="40.2609" lon="-124.11558"/><rtept lat="40.26122" lon="-124.1155"/><rtept lat="40.26132" lon="-124.11542"/><rtept lat="40.26146" lon="-124.11521"/><rtept lat="40.2617" lon="-124.11475"/><rtept lat="40.26188" lon="-124.11413"/><rtept lat="40.26199" lon="-124.11389"/><rtept lat="40.26218" lon="-124.11362"/><rtept lat="40.26235" lon="-124.11345"/><rtept lat="40.26277" lon="-124.11313"/><rtept lat="40.26295" lon="-124.1129"/><rtept lat="40.26302" lon="-124.11271"/><rtept lat="40.26322" lon="-124.11195"/><rtept lat="40.26352" lon="-124.11099"/><rtept lat="40.26364" lon="-124.11052"/><rtept lat="40.26367" lon="-124.11035"/><rtept lat="40.26367" lon="-124.11006"/><rtept lat="40.26362" lon="-124.1095"/><rtept lat="40.26348" lon="-124.10895"/><rtept lat="40.26334" lon="-124.10862"/><rtept lat="40.26313" lon="-124.10777"/><rtept lat="40.2631" lon="-124.10756"/><rtept lat="40.26309" lon="-124.10731"/><rtept lat="40.26311" lon="-124.10681"/><rtept lat="40.26311" lon="-124.10653"/><rtept lat="40.26309" lon="-124.10641"/><rtept lat="40.26299" lon="-124.10617"/><rtept lat="40.26274" lon="-124.10579"/><rtept lat="40.26266" lon="-124.10559"/><rtept lat="40.2626" lon="-124.10535"/><rtept lat="40.26253" lon="-124.10481"/><rtept lat="40.26249" lon="-124.10461"/><rtept lat="40.26231" lon="-124.10415"/><rtept lat="40.2621" lon="-124.10295"/><rtept lat="40.26201" lon="-124.10282"/><rtept lat="40.2619" lon="-124.10271"/><rtept lat="40.2615" lon="-124.10236"/><rtept lat="40.26141" lon="-124.10225"/><rtept lat="40.26134" lon="-124.10213"/><rtept lat="40.26129" lon="-124.10197"/><rtept lat="40.26127" lon="-124.10183"/><rtept lat="40.26128" lon="-124.10145"/><rtept lat="40.26137" lon="-124.10051"/><rtept lat="40.26143" lon="-124.09959"/><rtept lat="40.26144" lon="-124.09857"/><rtept lat="40.26141" lon="-124.09797"/><rtept lat="40.26147" lon="-124.09766"/><rtept lat="40.26177" lon="-124.09643"/><rtept lat="40.262" lon="-124.0957"/><rtept lat="40.26214" lon="-124.09539"/><rtept lat="40.26236" lon="-124.09509"/><rtept lat="40.26268" lon="-124.09479"/><rtept lat="40.26309" lon="-124.09463"/><rtept lat="40.26324" lon="-124.09455"/><rtept lat="40.26335" lon="-124.09447"/><rtept lat="40.26357" lon="-124.09421"/><rtept lat="40.26379" lon="-124.09402"/><rtept lat="40.26441" lon="-124.09362"/><rtept lat="40.26458" lon="-124.09341"/><rtept lat="40.26463" lon="-124.09321"/><rtept lat="40.26464" lon="-124.0929"/><rtept lat="40.26461" lon="-124.09272"/><rtept lat="40.2645" lon="-124.0923"/><rtept lat="40.26448" lon="-124.09194"/><rtept lat="40.26452" lon="-124.09138"/><rtept lat="40.26458" lon="-124.09108"/><rtept lat="40.26462" lon="-124.09099"/><rtept lat="40.26473" lon="-124.09078"/><rtept lat="40.26517" lon="-124.09034"/><rtept lat="40.26545" lon="-124.08992"/><rtept lat="40.26584" lon="-124.08923"/><rtept lat="40.26612" lon="-124.08893"/><rtept lat="40.26634" lon="-124.08864"/><rtept lat="40.26707" lon="-124.08747"/><rtept lat="40.2674" lon="-124.08701"/><rtept lat="40.26756" lon="-124.0867"/><rtept lat="40.26776" lon="-124.08622"/><rtept lat="40.26795" lon="-124.08588"/><rtept lat="40.26799" lon="-124.08577"/><rtept lat="40.26802" lon="-124.08562"/><rtept lat="40.26803" lon="-124.0854"/><rtept lat="40.26798" lon="-124.08473"/><rtept lat="40.26802" lon="-124.08453"/><rtept lat="40.26806" lon="-124.08444"/><rtept lat="40.26812" lon="-124.08436"/><rtept lat="40.26833" lon="-124.08419"/><rtept lat="40.26846" lon="-124.08411"/><rtept lat="40.26847" lon="-124.08368"/><rtept lat="40.26852" lon="-124.08323"/><rtept lat="40.26857" lon="-124.08307"/><rtept lat="40.26862" lon="-124.08298"/><rtept lat="40.26888" lon="-124.08268"/><rtept lat="40.26893" lon="-124.08257"/><rtept lat="40.26901" lon="-124.08228"/><rtept lat="40.26903" lon="-124.082"/><rtept lat="40.26902" lon="-124.08192"/><rtept lat="40.26896" lon="-124.08183"/><rtept lat="40.2689" lon="-124.08178"/><rtept lat="40.26873" lon="-124.08172"/><rtept lat="40.26861" lon="-124.08172"/><rtept lat="40.26837" lon="-124.08164"/><rtept lat="40.26826" lon="-124.08152"/><rtept lat="40.26823" lon="-124.08139"/><rtept lat="40.26827" lon="-124.0808"/><rtept lat="40.26822" lon="-124.0804"/><rtept lat="40.26817" lon="-124.08026"/><rtept lat="40.26809" lon="-124.08009"/><rtept lat="40.26795" lon="-124.07996"/><rtept lat="40.26761" lon="-124.07972"/><rtept lat="40.26753" lon="-124.07963"/><rtept lat="40.2675" lon="-124.07954"/><rtept lat="40.26746" lon="-124.07937"/><rtept lat="40.26748" lon="-124.07903"/><rtept lat="40.26757" lon="-124.07869"/><rtept lat="40.26761" lon="-124.07841"/><rtept lat="40.26762" lon="-124.07811"/><rtept lat="40.26759" lon="-124.07783"/><rtept lat="40.26758" lon="-124.07724"/><rtept lat="40.26762" lon="-124.07705"/><rtept lat="40.26767" lon="-124.07693"/><rtept lat="40.26777" lon="-124.07681"/><rtept lat="40.26787" lon="-124.07675"/><rtept lat="40.26796" lon="-124.07674"/><rtept lat="40.26815" lon="-124.07675"/><rtept lat="40.26835" lon="-124.07681"/><rtept lat="40.26855" lon="-124.07694"/><rtept lat="40.26894" lon="-124.07743"/><rtept lat="40.26906" lon="-124.07755"/><rtept lat="40.26931" lon="-124.0777"/><rtept lat="40.26984" lon="-124.07788"/><rtept lat="40.27001" lon="-124.07792"/><rtept lat="40.27041" lon="-124.07792"/><rtept lat="40.27082" lon="-124.07799"/><rtept lat="40.27113" lon="-124.07794"/><rtept lat="40.27133" lon="-124.07795"/><rtept lat="40.27142" lon="-124.07799"/><rtept lat="40.27156" lon="-124.0781"/><rtept lat="40.27203" lon="-124.07861"/><rtept lat="40.27218" lon="-124.07874"/><rtept lat="40.27233" lon="-124.07885"/><rtept lat="40.27248" lon="-124.07892"/><rtept lat="40.27259" lon="-124.07893"/><rtept lat="40.27283" lon="-124.07892"/><rtept lat="40.27305" lon="-124.07888"/><rtept lat="40.27325" lon="-124.07888"/><rtept lat="40.27348" lon="-124.07882"/><rtept lat="40.27369" lon="-124.07872"/><rtept lat="40.27392" lon="-124.07853"/><rtept lat="40.27407" lon="-124.07849"/><rtept lat="40.27421" lon="-124.07848"/><rtept lat="40.27451" lon="-124.07854"/><rtept lat="40.27466" lon="-124.07854"/><rtept lat="40.27477" lon="-124.07852"/><rtept lat="40.27521" lon="-124.07831"/><rtept lat="40.27541" lon="-124.07825"/><rtept lat="40.27563" lon="-124.07823"/><rtept lat="40.27599" lon="-124.07817"/><rtept lat="40.27631" lon="-124.07801"/><rtept lat="40.27671" lon="-124.07768"/><rtept lat="40.27735" lon="-124.07732"/><rtept lat="40.27748" lon="-124.0772"/><rtept lat="40.27758" lon="-124.07705"/><rtept lat="40.27763" lon="-124.07688"/><rtept lat="40.27764" lon="-124.07667"/><rtept lat="40.27761" lon="-124.07642"/><rtept lat="40.27762" lon="-124.07621"/><rtept lat="40.27768" lon="-124.07595"/><rtept lat="40.27773" lon="-124.07584"/><rtept lat="40.27804" lon="-124.07539"/><rtept lat="40.27812" lon="-124.07524"/><rtept lat="40.27817" lon="-124.07497"/><rtept lat="40.27815" lon="-124.0748"/><rtept lat="40.27809" lon="-124.07463"/><rtept lat="40.27801" lon="-124.07452"/><rtept lat="40.27771" lon="-124.0743"/><rtept lat="40.27756" lon="-124.07415"/><rtept lat="40.27735" lon="-124.0738"/><rtept lat="40.27727" lon="-124.0737"/><rtept lat="40.27715" lon="-124.07362"/><rtept lat="40.27698" lon="-124.07357"/><rtept lat="40.27682" lon="-124.0735"/><rtept lat="40.27655" lon="-124.07324"/><rtept lat="40.27643" lon="-124.07299"/><rtept lat="40.27626" lon="-124.07231"/><rtept lat="40.27618" lon="-124.07172"/><rtept lat="40.27605" lon="-124.07097"/><rtept lat="40.27605" lon="-124.07074"/><rtept lat="40.27611" lon="-124.07059"/><rtept lat="40.27622" lon="-124.07044"/><rtept lat="40.27658" lon="-124.07013"/><rtept lat="40.2769" lon="-124.06998"/><rtept lat="40.27705" lon="-124.06995"/><rtept lat="40.27742" lon="-124.06999"/><rtept lat="40.27794" lon="-124.06988"/><rtept lat="40.27829" lon="-124.06983"/><rtept lat="40.27844" lon="-124.06983"/><rtept lat="40.27911" lon="-124.07003"/><rtept lat="40.27919" lon="-124.07001"/><rtept lat="40.27927" lon="-124.0699"/><rtept lat="40.27928" lon="-124.06977"/><rtept lat="40.2792" lon="-124.06939"/><rtept lat="40.27912" lon="-124.06869"/><rtept lat="40.27918" lon="-124.06827"/><rtept lat="40.27935" lon="-124.0679"/><rtept lat="40.2796" lon="-124.0675"/><rtept lat="40.27969" lon="-124.06739"/><rtept lat="40.27981" lon="-124.06728"/><rtept lat="40.28019" lon="-124.06702"/><rtept lat="40.28057" lon="-124.06671"/><rtept lat="40.28088" lon="-124.0665"/><rtept lat="40.28099" lon="-124.06637"/><rtept lat="40.28115" lon="-124.06612"/><rtept lat="40.28134" lon="-124.06565"/><rtept lat="40.28152" lon="-124.06541"/><rtept lat="40.28159" lon="-124.06536"/><rtept lat="40.28205" lon="-124.06513"/><rtept lat="40.28235" lon="-124.06495"/><rtept lat="40.2826" lon="-124.06473"/><rtept lat="40.28274" lon="-124.06463"/><rtept lat="40.28291" lon="-124.06461"/><rtept lat="40.28316" lon="-124.06466"/><rtept lat="40.28325" lon="-124.06463"/><rtept lat="40.28356" lon="-124.06432"/><rtept lat="40.2837" lon="-124.06425"/><rtept lat="40.28405" lon="-124.06414"/><rtept lat="40.28416" lon="-124.06404"/><rtept lat="40.28421" lon="-124.06397"/><rtept lat="40.28425" lon="-124.06386"/><rtept lat="40.28432" lon="-124.06352"/><rtept lat="40.28447" lon="-124.06318"/><rtept lat="40.2845" lon="-124.06297"/><rtept lat="40.28447" lon="-124.0627"/><rtept lat="40.28424" lon="-124.06203"/><rtept lat="40.28419" lon="-124.06182"/><rtept lat="40.28419" lon="-124.06167"/><rtept lat="40.28422" lon="-124.06142"/><rtept lat="40.28432" lon="-124.06118"/><rtept lat="40.28503" lon="-124.06017"/><rtept lat="40.28509" lon="-124.06005"/><rtept lat="40.28511" lon="-124.05989"/><rtept lat="40.28506" lon="-124.05952"/><rtept lat="40.28455" lon="-124.05822"/><rtept lat="40.28453" lon="-124.05802"/><rtept lat="40.28454" lon="-124.05761"/><rtept lat="40.28472" lon="-124.05715"/><rtept lat="40.28508" lon="-124.05649"/><rtept lat="40.28513" lon="-124.05632"/><rtept lat="40.28514" lon="-124.0562"/><rtept lat="40.28505" lon="-124.05592"/><rtept lat="40.28502" lon="-124.05575"/><rtept lat="40.28503" lon="-124.05559"/><rtept lat="40.2852" lon="-124.05528"/><rtept lat="40.28549" lon="-124.05487"/><rtept lat="40.28571" lon="-124.05463"/><rtept lat="40.28596" lon="-124.05442"/><rtept lat="40.28638" lon="-124.05505"/><rtept lat="40.28654" lon="-124.0552"/><rtept lat="40.28666" lon="-124.05526"/><rtept lat="40.28699" lon="-124.05528"/><rtept lat="40.2871" lon="-124.05531"/><rtept lat="40.28723" lon="-124.05541"/><rtept lat="40.28728" lon="-124.05554"/><rtept lat="40.28734" lon="-124.05601"/><rtept lat="40.28741" lon="-124.05622"/><rtept lat="40.28747" lon="-124.0563"/><rtept lat="40.28757" lon="-124.05637"/><rtept lat="40.28811" lon="-124.05659"/><rtept lat="40.28821" lon="-124.05661"/><rtept lat="40.28841" lon="-124.05661"/><rtept lat="40.28857" lon="-124.05656"/><rtept lat="40.28904" lon="-124.05632"/><rtept lat="40.28928" lon="-124.05626"/><rtept lat="40.28951" lon="-124.05626"/><rtept lat="40.28989" lon="-124.05631"/><rtept lat="40.29036" lon="-124.05631"/><rtept lat="40.29058" lon="-124.05635"/><rtept lat="40.29122" lon="-124.05635"/><rtept lat="40.29149" lon="-124.05631"/><rtept lat="40.29165" lon="-124.05634"/><rtept lat="40.29177" lon="-124.0564"/><rtept lat="40.29187" lon="-124.05655"/><rtept lat="40.29204" lon="-124.05702"/><rtept lat="40.29212" lon="-124.05716"/><rtept lat="40.29222" lon="-124.05726"/><rtept lat="40.29234" lon="-124.05731"/><rtept lat="40.29251" lon="-124.05735"/><rtept lat="40.29263" lon="-124.05734"/><rtept lat="40.2932" lon="-124.05704"/><rtept lat="40.29335" lon="-124.05698"/><rtept lat="40.29389" lon="-124.05683"/><rtept lat="40.29397" lon="-124.05683"/><rtept lat="40.29404" lon="-124.05686"/><rtept lat="40.29418" lon="-124.05696"/><rtept lat="40.29448" lon="-124.05733"/><rtept lat="40.29463" lon="-124.05748"/><rtept lat="40.29474" lon="-124.05754"/><rtept lat="40.29488" lon="-124.05756"/><rtept lat="40.2952" lon="-124.05755"/><rtept lat="40.29588" lon="-124.05739"/><rtept lat="40.29631" lon="-124.05723"/><rtept lat="40.29695" lon="-124.05689"/><rtept lat="40.29717" lon="-124.0568"/><rtept lat="40.29794" lon="-124.05658"/><rtept lat="40.29829" lon="-124.05662"/><rtept lat="40.29862" lon="-124.05676"/><rtept lat="40.29874" lon="-124.05679"/><rtept lat="40.29904" lon="-124.05682"/><rtept lat="40.29936" lon="-124.05676"/><rtept lat="40.29962" lon="-124.05663"/><rtept lat="40.29972" lon="-124.05653"/><rtept lat="40.30005" lon="-124.05608"/><rtept lat="40.30014" lon="-124.056"/><rtept lat="40.30028" lon="-124.05591"/><rtept lat="40.30055" lon="-124.05587"/><rtept lat="40.30076" lon="-124.05588"/><rtept lat="40.30123" lon="-124.05576"/><rtept lat="40.30136" lon="-124.0557"/><rtept lat="40.30167" lon="-124.05549"/><rtept lat="40.30182" lon="-124.05543"/><rtept lat="40.3023" lon="-124.05532"/><rtept lat="40.30246" lon="-124.05532"/><rtept lat="40.30261" lon="-124.05537"/><rtept lat="40.30273" lon="-124.05548"/><rtept lat="40.30281" lon="-124.05561"/><rtept lat="40.30284" lon="-124.0557"/><rtept lat="40.30284" lon="-124.05589"/><rtept lat="40.30282" lon="-124.05602"/><rtept lat="40.30268" lon="-124.05652"/><rtept lat="40.30255" lon="-124.05677"/><rtept lat="40.30225" lon="-124.05711"/><rtept lat="40.30201" lon="-124.05743"/><rtept lat="40.30193" lon="-124.05756"/><rtept lat="40.30178" lon="-124.05798"/><rtept lat="40.3017" lon="-124.05842"/><rtept lat="40.30167" lon="-124.05896"/><rtept lat="40.30167" lon="-124.05924"/><rtept lat="40.30169" lon="-124.05941"/><rtept lat="40.30173" lon="-124.05957"/><rtept lat="40.30188" lon="-124.05985"/><rtept lat="40.30211" lon="-124.06018"/><rtept lat="40.30243" lon="-124.0605"/><rtept lat="40.30266" lon="-124.06077"/><rtept lat="40.30293" lon="-124.06105"/><rtept lat="40.30353" lon="-124.06156"/><rtept lat="40.30385" lon="-124.06203"/><rtept lat="40.30403" lon="-124.06226"/><rtept lat="40.30416" lon="-124.06237"/><rtept lat="40.30428" lon="-124.06243"/><rtept lat="40.30441" lon="-124.06245"/><rtept lat="40.30456" lon="-124.06245"/><rtept lat="40.30479" lon="-124.06239"/><rtept lat="40.30525" lon="-124.06222"/><rtept lat="40.30539" lon="-124.06219"/><rtept lat="40.30579" lon="-124.0622"/><rtept lat="40.30596" lon="-124.06224"/><rtept lat="40.30639" lon="-124.06223"/><rtept lat="40.30711" lon="-124.06202"/><rtept lat="40.30733" lon="-124.06194"/><rtept lat="40.30769" lon="-124.06186"/><rtept lat="40.30783" lon="-124.06185"/><rtept lat="40.30795" lon="-124.06188"/><rtept lat="40.30815" lon="-124.06198"/><rtept lat="40.30858" lon="-124.06248"/><rtept lat="40.30865" lon="-124.06254"/><rtept lat="40.30888" lon="-124.06264"/><rtept lat="40.30903" lon="-124.06267"/><rtept lat="40.30918" lon="-124.06266"/><rtept lat="40.30928" lon="-124.06263"/><rtept lat="40.30947" lon="-124.06253"/><rtept lat="40.30968" lon="-124.06238"/><rtept lat="40.30991" lon="-124.06204"/><rtept lat="40.31007" lon="-124.06171"/><rtept lat="40.31016" lon="-124.0616"/><rtept lat="40.31039" lon="-124.06149"/><rtept lat="40.31057" lon="-124.06146"/><rtept lat="40.31083" lon="-124.06146"/><rtept lat="40.31135" lon="-124.06132"/><rtept lat="40.31191" lon="-124.06136"/><rtept lat="40.31199" lon="-124.06132"/><rtept lat="40.31213" lon="-124.06121"/><rtept lat="40.31236" lon="-124.06095"/><rtept lat="40.31249" lon="-124.06088"/><rtept lat="40.31262" lon="-124.06087"/><rtept lat="40.31268" lon="-124.06089"/><rtept lat="40.31278" lon="-124.06095"/><rtept lat="40.31298" lon="-124.06118"/><rtept lat="40.31308" lon="-124.06126"/><rtept lat="40.31342" lon="-124.06138"/><rtept lat="40.31379" lon="-124.06142"/><rtept lat="40.31413" lon="-124.06138"/><rtept lat="40.31436" lon="-124.06131"/><rtept lat="40.31465" lon="-124.06101"/><rtept lat="40.31476" lon="-124.06084"/><rtept lat="40.31512" lon="-124.06037"/><rtept lat="40.31547" lon="-124.06002"/><rtept lat="40.31571" lon="-124.05983"/><rtept lat="40.31611" lon="-124.05961"/><rtept lat="40.31653" lon="-124.05942"/><rtept lat="40.31666" lon="-124.0594"/><rtept lat="40.31679" lon="-124.05944"/><rtept lat="40.31691" lon="-124.0595"/><rtept lat="40.31739" lon="-124.0598"/><rtept lat="40.31751" lon="-124.05991"/><rtept lat="40.31763" lon="-124.06005"/><rtept lat="40.31782" lon="-124.06041"/><rtept lat="40.31801" lon="-124.06092"/><rtept lat="40.31819" lon="-124.06152"/><rtept lat="40.31826" lon="-124.06165"/><rtept lat="40.31833" lon="-124.06172"/><rtept lat="40.31845" lon="-124.06179"/><rtept lat="40.31874" lon="-124.06184"/><rtept lat="40.31918" lon="-124.06198"/><rtept lat="40.31929" lon="-124.06195"/><rtept lat="40.31946" lon="-124.06182"/><rtept lat="40.32033" lon="-124.06077"/><rtept lat="40.32043" lon="-124.06062"/><rtept lat="40.32048" lon="-124.06051"/><rtept lat="40.32058" lon="-124.06015"/><rtept lat="40.3207" lon="-124.05998"/><rtept lat="40.32081" lon="-124.05988"/><rtept lat="40.32133" lon="-124.05957"/><rtept lat="40.32153" lon="-124.05936"/><rtept lat="40.32158" lon="-124.05925"/><rtept lat="40.32162" lon="-124.0591"/><rtept lat="40.32164" lon="-124.05887"/><rtept lat="40.32155" lon="-124.05831"/><rtept lat="40.32155" lon="-124.05811"/><rtept lat="40.32163" lon="-124.05761"/><rtept lat="40.32169" lon="-124.05744"/><rtept lat="40.32194" lon="-124.05706"/><rtept lat="40.32205" lon="-124.05696"/><rtept lat="40.32244" lon="-124.05671"/><rtept lat="40.32251" lon="-124.05662"/><rtept lat="40.32258" lon="-124.05644"/><rtept lat="40.32268" lon="-124.05593"/><rtept lat="40.32277" lon="-124.05565"/><rtept lat="40.32291" lon="-124.05539"/><rtept lat="40.3234" lon="-124.05476"/><rtept lat="40.32348" lon="-124.05459"/><rtept lat="40.32352" lon="-124.05443"/><rtept lat="40.32354" lon="-124.05422"/><rtept lat="40.32354" lon="-124.05391"/><rtept lat="40.3234" lon="-124.05286"/><rtept lat="40.32332" lon="-124.0526"/><rtept lat="40.32342" lon="-124.05229"/><rtept lat="40.32352" lon="-124.0521"/><rtept lat="40.32357" lon="-124.05195"/><rtept lat="40.32364" lon="-124.05187"/><rtept lat="40.32392" lon="-124.0517"/><rtept lat="40.3242" lon="-124.05164"/><rtept lat="40.32459" lon="-124.05165"/><rtept lat="40.32469" lon="-124.0516"/><rtept lat="40.32473" lon="-124.05153"/><rtept lat="40.32475" lon="-124.05136"/><rtept lat="40.3247" lon="-124.05127"/><rtept lat="40.32453" lon="-124.05111"/><rtept lat="40.32434" lon="-124.05099"/><rtept lat="40.32422" lon="-124.05095"/><rtept lat="40.32412" lon="-124.05094"/><rtept lat="40.324" lon="-124.05095"/><rtept lat="40.3238" lon="-124.0511"/><rtept lat="40.32372" lon="-124.05113"/><rtept lat="40.32367" lon="-124.05112"/><rtept lat="40.32363" lon="-124.05107"/><rtept lat="40.32362" lon="-124.05097"/><rtept lat="40.32366" lon="-124.05089"/><rtept lat="40.32403" lon="-124.05062"/><rtept lat="40.32423" lon="-124.05053"/><rtept lat="40.32432" lon="-124.05052"/><rtept lat="40.32471" lon="-124.05063"/><rtept lat="40.32512" lon="-124.05064"/><rtept lat="40.32522" lon="-124.05067"/><rtept lat="40.32531" lon="-124.05073"/><rtept lat="40.32535" lon="-124.05079"/><rtept lat="40.3254" lon="-124.05105"/><rtept lat="40.3254" lon="-124.05138"/><rtept lat="40.32559" lon="-124.05203"/><rtept lat="40.32561" lon="-124.0522"/><rtept lat="40.3256" lon="-124.05242"/><rtept lat="40.32551" lon="-124.05296"/><rtept lat="40.32555" lon="-124.05321"/><rtept lat="40.32559" lon="-124.05325"/><rtept lat="40.32567" lon="-124.05324"/><rtept lat="40.32574" lon="-124.05319"/><rtept lat="40.32578" lon="-124.05312"/><rtept lat="40.32601" lon="-124.05249"/><rtept lat="40.3261" lon="-124.05208"/><rtept lat="40.32616" lon="-124.05146"/><rtept lat="40.3262" lon="-124.0512"/><rtept lat="40.32627" lon="-124.05098"/><rtept lat="40.32627" lon="-124.0509"/><rtept lat="40.32614" lon="-124.0501"/><rtept lat="40.32616" lon="-124.04995"/><rtept lat="40.32613" lon="-124.04967"/><rtept lat="40.32616" lon="-124.04934"/><rtept lat="40.32639" lon="-124.04844"/><rtept lat="40.32644" lon="-124.04811"/><rtept lat="40.32661" lon="-124.04747"/><rtept lat="40.32666" lon="-124.04724"/><rtept lat="40.32666" lon="-124.04708"/><rtept lat="40.32664" lon="-124.04699"/><rtept lat="40.32658" lon="-124.04689"/><rtept lat="40.32653" lon="-124.04683"/><rtept lat="40.32643" lon="-124.04677"/><rtept lat="40.3263" lon="-124.04673"/><rtept lat="40.32594" lon="-124.04679"/><rtept lat="40.32581" lon="-124.04678"/><rtept lat="40.32575" lon="-124.04673"/><rtept lat="40.32574" lon="-124.04661"/><rtept lat="40.32579" lon="-124.04654"/><rtept lat="40.32585" lon="-124.0465"/><rtept lat="40.32621" lon="-124.04644"/><rtept lat="40.32643" lon="-124.04634"/><rtept lat="40.32655" lon="-124.04622"/><rtept lat="40.32671" lon="-124.04593"/><rtept lat="40.32682" lon="-124.04585"/><rtept lat="40.32695" lon="-124.04583"/><rtept lat="40.32702" lon="-124.04586"/><rtept lat="40.32725" lon="-124.04604"/><rtept lat="40.32733" lon="-124.04606"/><rtept lat="40.32739" lon="-124.04603"/><rtept lat="40.32744" lon="-124.04595"/><rtept lat="40.32744" lon="-124.04587"/><rtept lat="40.3274" lon="-124.04576"/><rtept lat="40.3273" lon="-124.04565"/><rtept lat="40.32704" lon="-124.04546"/><rtept lat="40.3269" lon="-124.04539"/><rtept lat="40.32677" lon="-124.04536"/><rtept lat="40.32665" lon="-124.04535"/><rtept lat="40.32649" lon="-124.04539"/><rtept lat="40.32638" lon="-124.04544"/><rtept lat="40.32616" lon="-124.04565"/><rtept lat="40.32592" lon="-124.04576"/><rtept lat="40.32545" lon="-124.0457"/><rtept lat="40.32503" lon="-124.0459"/><rtept lat="40.32495" lon="-124.04584"/><rtept lat="40.32499" lon="-124.04554"/><rtept lat="40.3251" lon="-124.04544"/><rtept lat="40.32519" lon="-124.04547"/><rtept lat="40.32556" lon="-124.04544"/><rtept lat="40.32569" lon="-124.04538"/><rtept lat="40.32581" lon="-124.04527"/><rtept lat="40.3259" lon="-124.04509"/><rtept lat="40.32609" lon="-124.04452"/><rtept lat="40.32615" lon="-124.04442"/><rtept lat="40.32634" lon="-124.04426"/><rtept lat="40.32655" lon="-124.04413"/><rtept lat="40.32704" lon="-124.04388"/><rtept lat="40.3272" lon="-124.04384"/><rtept lat="40.32751" lon="-124.04383"/><rtept lat="40.32808" lon="-124.04391"/><rtept lat="40.3282" lon="-124.04388"/><rtept lat="40.32826" lon="-124.04377"/><rtept lat="40.32824" lon="-124.04368"/><rtept lat="40.32815" lon="-124.04358"/><rtept lat="40.32768" lon="-124.04343"/><rtept lat="40.32755" lon="-124.04336"/><rtept lat="40.32742" lon="-124.04324"/><rtept lat="40.32729" lon="-124.04307"/><rtept lat="40.32708" lon="-124.04288"/><rtept lat="40.32684" lon="-124.04274"/><rtept lat="40.32649" lon="-124.04267"/><rtept lat="40.32623" lon="-124.04272"/><rtept lat="40.32609" lon="-124.04278"/><rtept lat="40.3258" lon="-124.04302"/><rtept lat="40.32554" lon="-124.04317"/><rtept lat="40.32548" lon="-124.04317"/><rtept lat="40.32543" lon="-124.04315"/><rtept lat="40.32539" lon="-124.04306"/><rtept lat="40.32541" lon="-124.04296"/><rtept lat="40.32545" lon="-124.04288"/><rtept lat="40.32567" lon="-124.04258"/><rtept lat="40.32584" lon="-124.04226"/><rtept lat="40.32606" lon="-124.04192"/><rtept lat="40.32619" lon="-124.04176"/><rtept lat="40.32643" lon="-124.04155"/><rtept lat="40.32665" lon="-124.04145"/><rtept lat="40.32708" lon="-124.04136"/><rtept lat="40.32748" lon="-124.04123"/><rtept lat="40.32789" lon="-124.04115"/><rtept lat="40.32813" lon="-124.04114"/><rtept lat="40.32838" lon="-124.04109"/><rtept lat="40.32867" lon="-124.04089"/><rtept lat="40.32887" lon="-124.04063"/><rtept lat="40.32902" lon="-124.04027"/><rtept lat="40.32919" lon="-124.03946"/><rtept lat="40.32944" lon="-124.03767"/><rtept lat="40.32954" lon="-124.03652"/><rtept lat="40.3296" lon="-124.03606"/><rtept lat="40.3296" lon="-124.03562"/><rtept lat="40.32966" lon="-124.03524"/><rtept lat="40.32972" lon="-124.03505"/><rtept lat="40.32997" lon="-124.03458"/><rtept lat="40.33015" lon="-124.03432"/><rtept lat="40.33026" lon="-124.03419"/><rtept lat="40.33046" lon="-124.03402"/><rtept lat="40.33059" lon="-124.03399"/><rtept lat="40.33073" lon="-124.03401"/><rtept lat="40.3308" lon="-124.03405"/><rtept lat="40.33098" lon="-124.03423"/><rtept lat="40.33144" lon="-124.03486"/><rtept lat="40.33185" lon="-124.03525"/><rtept lat="40.33205" lon="-124.03552"/><rtept lat="40.33218" lon="-124.03576"/><rtept lat="40.33231" lon="-124.0362"/><rtept lat="40.33237" lon="-124.03634"/><rtept lat="40.33245" lon="-124.03641"/><rtept lat="40.33255" lon="-124.03645"/><rtept lat="40.3326" lon="-124.03626"/><rtept lat="40.33255" lon="-124.03596"/><rtept lat="40.3324" lon="-124.03557"/><rtept lat="40.33195" lon="-124.03416"/><rtept lat="40.33121" lon="-124.03206"/><rtept lat="40.33113" lon="-124.03181"/><rtept lat="40.33111" lon="-124.03163"/><rtept lat="40.33112" lon="-124.03128"/><rtept lat="40.33114" lon="-124.03116"/><rtept lat="40.33125" lon="-124.03091"/><rtept lat="40.33154" lon="-124.03049"/><rtept lat="40.33165" lon="-124.03021"/><rtept lat="40.3317" lon="-124.02993"/><rtept lat="40.33171" lon="-124.02936"/><rtept lat="40.33176" lon="-124.02899"/><rtept lat="40.33185" lon="-124.02873"/><rtept lat="40.332" lon="-124.02853"/><rtept lat="40.33309" lon="-124.02752"/><rtept lat="40.33359" lon="-124.02696"/><rtept lat="40.334" lon="-124.02645"/><rtept lat="40.33415" lon="-124.02631"/><rtept lat="40.33429" lon="-124.02622"/><rtept lat="40.33445" lon="-124.02616"/><rtept lat="40.3346" lon="-124.02613"/><rtept lat="40.33475" lon="-124.02613"/><rtept lat="40.33491" lon="-124.02617"/><rtept lat="40.33524" lon="-124.02632"/><rtept lat="40.33638" lon="-124.02699"/><rtept lat="40.33669" lon="-124.02714"/><rtept lat="40.33704" lon="-124.02727"/><rtept lat="40.33732" lon="-124.02733"/><rtept lat="40.33771" lon="-124.02738"/><rtept lat="40.33812" lon="-124.02737"/><rtept lat="40.33862" lon="-124.02726"/><rtept lat="40.33888" lon="-124.02718"/><rtept lat="40.33942" lon="-124.02689"/><rtept lat="40.34006" lon="-124.0265"/><rtept lat="40.34033" lon="-124.02641"/><rtept lat="40.34045" lon="-124.02639"/><rtept lat="40.34076" lon="-124.0264"/><rtept lat="40.34122" lon="-124.02651"/><rtept lat="40.34195" lon="-124.02672"/><rtept lat="40.34245" lon="-124.02682"/><rtept lat="40.34314" lon="-124.02682"/><rtept lat="40.34372" lon="-124.0267"/><rtept lat="40.34404" lon="-124.02658"/><rtept lat="40.34443" lon="-124.02638"/><rtept lat="40.34486" lon="-124.02608"/><rtept lat="40.34619" lon="-124.02493"/><rtept lat="40.34701" lon="-124.02428"/><rtept lat="40.34734" lon="-124.02393"/><rtept lat="40.34847" lon="-124.02253"/><rtept lat="40.34863" lon="-124.0223"/><rtept lat="40.34881" lon="-124.02194"/><rtept lat="40.34896" lon="-124.02143"/><rtept lat="40.34943" lon="-124.01914"/><rtept lat="40.34958" lon="-124.01857"/><rtept lat="40.34973" lon="-124.01822"/><rtept lat="40.35023" lon="-124.01752"/><rtept lat="40.35039" lon="-124.01725"/><rtept lat="40.3505" lon="-124.01693"/><rtept lat="40.35057" lon="-124.01658"/><rtept lat="40.35059" lon="-124.01637"/><rtept lat="40.35058" lon="-124.01589"/><rtept lat="40.35055" lon="-124.01561"/><rtept lat="40.35056" lon="-124.01529"/><rtept lat="40.35046" lon="-124.01489"/><rtept lat="40.35039" lon="-124.01437"/><rtept lat="40.35029" lon="-124.0134"/><rtept lat="40.35025" lon="-124.01272"/><rtept lat="40.35012" lon="-124.01158"/><rtept lat="40.35013" lon="-124.0107"/><rtept lat="40.35022" lon="-124.01016"/><rtept lat="40.35057" lon="-124.00896"/><rtept lat="40.35098" lon="-124.00704"/><rtept lat="40.35116" lon="-124.0065"/><rtept lat="40.35138" lon="-124.00501"/><rtept lat="40.35156" lon="-124.00414"/><rtept lat="40.35161" lon="-124.00376"/><rtept lat="40.35163" lon="-124.00346"/><rtept lat="40.35162" lon="-124.00258"/><rtept lat="40.35156" lon="-124.00212"/><rtept lat="40.35155" lon="-124.0019"/><rtept lat="40.35117" lon="-124.00041"/><rtept lat="40.35115" lon="-123.99973"/><rtept lat="40.3511" lon="-123.99919"/><rtept lat="40.35117" lon="-123.99837"/><rtept lat="40.35136" lon="-123.99763"/><rtept lat="40.35137" lon="-123.99744"/><rtept lat="40.35143" lon="-123.99722"/><rtept lat="40.35143" lon="-123.99705"/><rtept lat="40.35149" lon="-123.99679"/><rtept lat="40.3515" lon="-123.99658"/><rtept lat="40.35156" lon="-123.99635"/><rtept lat="40.35164" lon="-123.99586"/><rtept lat="40.3518" lon="-123.99526"/><rtept lat="40.35198" lon="-123.99481"/><rtept lat="40.35208" lon="-123.99447"/><rtept lat="40.35208" lon="-123.99336"/><rtept lat="40.35207" lon="-123.99316"/><rtept lat="40.35203" lon="-123.993"/><rtept lat="40.35201" lon="-123.99268"/><rtept lat="40.35186" lon="-123.99207"/><rtept lat="40.35157" lon="-123.99113"/><rtept lat="40.35155" lon="-123.99062"/><rtept lat="40.3515" lon="-123.99042"/><rtept lat="40.35149" lon="-123.9901"/><rtept lat="40.35144" lon="-123.98989"/><rtept lat="40.35141" lon="-123.98959"/><rtept lat="40.35137" lon="-123.98944"/><rtept lat="40.35136" lon="-123.9892"/><rtept lat="40.3513" lon="-123.98886"/><rtept lat="40.35127" lon="-123.98825"/><rtept lat="40.35121" lon="-123.98781"/><rtept lat="40.35123" lon="-123.98752"/><rtept lat="40.35132" lon="-123.98731"/><rtept lat="40.35155" lon="-123.9871"/><rtept lat="40.3521" lon="-123.98649"/><rtept lat="40.35265" lon="-123.98597"/><rtept lat="40.35276" lon="-123.98581"/><rtept lat="40.35286" lon="-123.98559"/><rtept lat="40.35298" lon="-123.98506"/><rtept lat="40.35301" lon="-123.98485"/><rtept lat="40.35288" lon="-123.98424"/><rtept lat="40.35274" lon="-123.98389"/><rtept lat="40.35233" lon="-123.9832"/><rtept lat="40.35213" lon="-123.98277"/><rtept lat="40.35208" lon="-123.9826"/><rtept lat="40.35206" lon="-123.98243"/><rtept lat="40.35209" lon="-123.98226"/><rtept lat="40.35219" lon="-123.98205"/><rtept lat="40.35248" lon="-123.98116"/><rtept lat="40.35274" lon="-123.97997"/><rtept lat="40.35273" lon="-123.97911"/><rtept lat="40.35265" lon="-123.97867"/><rtept lat="40.3524" lon="-123.97812"/><rtept lat="40.35238" lon="-123.9778"/><rtept lat="40.35245" lon="-123.97742"/><rtept lat="40.35291" lon="-123.97644"/><rtept lat="40.353" lon="-123.97608"/><rtept lat="40.353" lon="-123.97548"/><rtept lat="40.35275" lon="-123.97483"/><rtept lat="40.3526" lon="-123.97421"/><rtept lat="40.3526" lon="-123.97396"/><rtept lat="40.35255" lon="-123.97373"/><rtept lat="40.35254" lon="-123.97358"/><rtept lat="40.35254" lon="-123.97243"/><rtept lat="40.35249" lon="-123.97216"/><rtept lat="40.35247" lon="-123.97179"/><rtept lat="40.35241" lon="-123.97154"/><rtept lat="40.35236" lon="-123.97116"/><rtept lat="40.35234" lon="-123.97087"/><rtept lat="40.35224" lon="-123.97033"/><rtept lat="40.35209" lon="-123.9698"/><rtept lat="40.35202" lon="-123.96947"/><rtept lat="40.352" lon="-123.96922"/><rtept lat="40.35174" lon="-123.9683"/><rtept lat="40.35158" lon="-123.96786"/><rtept lat="40.35139" lon="-123.96749"/><rtept lat="40.35123" lon="-123.96697"/><rtept lat="40.35121" lon="-123.96672"/><rtept lat="40.35117" lon="-123.96649"/><rtept lat="40.35116" lon="-123.96587"/><rtept lat="40.3511" lon="-123.96542"/><rtept lat="40.3511" lon="-123.96519"/><rtept lat="40.35104" lon="-123.96492"/><rtept lat="40.35102" lon="-123.96467"/><rtept lat="40.35098" lon="-123.96451"/><rtept lat="40.35096" lon="-123.96431"/><rtept lat="40.35084" lon="-123.96377"/><rtept lat="40.35079" lon="-123.96341"/><rtept lat="40.35057" lon="-123.96252"/><rtept lat="40.3505" lon="-123.96218"/><rtept lat="40.35046" lon="-123.96187"/><rtept lat="40.35033" lon="-123.96143"/><rtept lat="40.34992" lon="-123.96032"/><rtept lat="40.34948" lon="-123.95947"/><rtept lat="40.34935" lon="-123.95916"/><rtept lat="40.34927" lon="-123.9589"/><rtept lat="40.34916" lon="-123.95839"/><rtept lat="40.34904" lon="-123.95752"/><rtept lat="40.34895" lon="-123.95718"/><rtept lat="40.34888" lon="-123.95699"/><rtept lat="40.34824" lon="-123.9556"/><rtept lat="40.34796" lon="-123.9549"/><rtept lat="40.34774" lon="-123.95463"/><rtept lat="40.34761" lon="-123.95453"/><rtept lat="40.34704" lon="-123.95417"/><rtept lat="40.34651" lon="-123.95374"/><rtept lat="40.34635" lon="-123.95353"/><rtept lat="40.34619" lon="-123.95341"/><rtept lat="40.346" lon="-123.95331"/><rtept lat="40.34548" lon="-123.95328"/><rtept lat="40.34528" lon="-123.95317"/><rtept lat="40.34482" lon="-123.95254"/><rtept lat="40.34441" lon="-123.95235"/><rtept lat="40.34429" lon="-123.95218"/><rtept lat="40.34379" lon="-123.95131"/><rtept lat="40.34356" lon="-123.9508"/><rtept lat="40.34345" lon="-123.95016"/><rtept lat="40.34334" lon="-123.94998"/><rtept lat="40.34299" lon="-123.94957"/><rtept lat="40.34287" lon="-123.94931"/><rtept lat="40.3428" lon="-123.94903"/><rtept lat="40.34262" lon="-123.94868"/><rtept lat="40.34256" lon="-123.94824"/><rtept lat="40.34257" lon="-123.94756"/><rtept lat="40.34249" lon="-123.94719"/><rtept lat="40.34247" lon="-123.94698"/><rtept lat="40.34248" lon="-123.94674"/><rtept lat="40.34259" lon="-123.94632"/><rtept lat="40.3426" lon="-123.94576"/><rtept lat="40.34245" lon="-123.94459"/><rtept lat="40.3425" lon="-123.94382"/><rtept lat="40.34245" lon="-123.94338"/><rtept lat="40.34241" lon="-123.9432"/><rtept lat="40.34224" lon="-123.94265"/><rtept lat="40.34225" lon="-123.94245"/><rtept lat="40.34232" lon="-123.94231"/><rtept lat="40.34261" lon="-123.94213"/><rtept lat="40.34275" lon="-123.94197"/><rtept lat="40.34285" lon="-123.94174"/><rtept lat="40.34295" lon="-123.94145"/><rtept lat="40.34305" lon="-123.94104"/><rtept lat="40.34311" lon="-123.94088"/><rtept lat="40.34343" lon="-123.94045"/><rtept lat="40.34371" lon="-123.93998"/><rtept lat="40.34376" lon="-123.93974"/><rtept lat="40.34376" lon="-123.93937"/><rtept lat="40.34379" lon="-123.93916"/><rtept lat="40.34388" lon="-123.93903"/><rtept lat="40.34433" lon="-123.93868"/><rtept lat="40.34451" lon="-123.93839"/><rtept lat="40.34463" lon="-123.93807"/><rtept lat="40.34467" lon="-123.93729"/><rtept lat="40.34469" lon="-123.93716"/><rtept lat="40.34486" lon="-123.9368"/><rtept lat="40.34503" lon="-123.93592"/><rtept lat="40.34521" lon="-123.93522"/><rtept lat="40.34537" lon="-123.93475"/><rtept lat="40.34551" lon="-123.93443"/><rtept lat="40.34563" lon="-123.9342"/><rtept lat="40.346" lon="-123.93363"/><rtept lat="40.3463" lon="-123.93333"/><rtept lat="40.3466" lon="-123.93307"/><rtept lat="40.34703" lon="-123.93279"/><rtept lat="40.34754" lon="-123.93237"/><rtept lat="40.34824" lon="-123.93186"/><rtept lat="40.34907" lon="-123.93133"/><rtept lat="40.34921" lon="-123.93127"/><rtept lat="40.34987" lon="-123.93123"/><rtept lat="40.35038" lon="-123.93136"/><rtept lat="40.35069" lon="-123.93142"/><rtept lat="40.35143" lon="-123.93142"/><rtept lat="40.35204" lon="-123.93128"/><rtept lat="40.35268" lon="-123.93105"/><rtept lat="40.35281" lon="-123.93103"/><rtept lat="40.35304" lon="-123.93093"/><rtept lat="40.35361" lon="-123.93064"/><rtept lat="40.35375" lon="-123.93055"/><rtept lat="40.35402" lon="-123.93032"/><rtept lat="40.35412" lon="-123.93021"/><rtept lat="40.35439" lon="-123.92969"/><rtept lat="40.35452" lon="-123.92931"/><rtept lat="40.35462" lon="-123.92886"/><rtept lat="40.35463" lon="-123.92869"/><rtept lat="40.35468" lon="-123.92848"/><rtept lat="40.35472" lon="-123.92771"/><rtept lat="40.35492" lon="-123.92667"/><rtept lat="40.35509" lon="-123.92557"/><rtept lat="40.35515" lon="-123.92531"/><rtept lat="40.35515" lon="-123.92522"/><rtept lat="40.35512" lon="-123.92526"/><rtept lat="40.35506" lon="-123.92529"/><rtept lat="40.35473" lon="-123.92542"/><rtept lat="40.3543" lon="-123.92553"/><rtept lat="40.35381" lon="-123.92563"/><rtept lat="40.35272" lon="-123.92611"/><rtept lat="40.35266" lon="-123.92644"/><rtept lat="40.35279" lon="-123.92689"/><rtept lat="40.3529" lon="-123.92748"/><rtept lat="40.35309" lon="-123.92812"/><rtept lat="40.35307" lon="-123.92833"/><rtept lat="40.35299" lon="-123.92847"/><rtept lat="40.35281" lon="-123.92865"/><rtept lat="40.35217" lon="-123.92913"/><rtept lat="40.35195" lon="-123.92925"/><rtept lat="40.35158" lon="-123.92938"/><rtept lat="40.35144" lon="-123.9294"/><rtept lat="40.35131" lon="-123.92938"/><rtept lat="40.3507" lon="-123.92955"/><rtept lat="40.3491" lon="-123.92986"/><rtept lat="40.34822" lon="-123.93009"/><rtept lat="40.34727" lon="-123.93048"/><rtept lat="40.34585" lon="-123.93119"/><rtept lat="40.34465" lon="-123.93159"/><rtept lat="40.34426" lon="-123.93167"/><rtept lat="40.34383" lon="-123.9317"/><rtept lat="40.34347" lon="-123.93178"/><rtept lat="40.34317" lon="-123.9319"/><rtept lat="40.34263" lon="-123.93217"/><rtept lat="40.34233" lon="-123.93239"/><rtept lat="40.34092" lon="-123.93357"/><rtept lat="40.34043" lon="-123.93391"/><rtept lat="40.34012" lon="-123.93407"/><rtept lat="40.33971" lon="-123.9342"/><rtept lat="40.33944" lon="-123.93422"/><rtept lat="40.33885" lon="-123.9342"/><rtept lat="40.33858" lon="-123.93414"/><rtept lat="40.33833" lon="-123.93405"/><rtept lat="40.33804" lon="-123.93392"/><rtept lat="40.33773" lon="-123.93374"/><rtept lat="40.33751" lon="-123.93356"/><rtept lat="40.33724" lon="-123.9333"/><rtept lat="40.33699" lon="-123.93303"/><rtept lat="40.33452" lon="-123.92996"/><rtept lat="40.33422" lon="-123.92962"/><rtept lat="40.33354" lon="-123.92891"/><rtept lat="40.33274" lon="-123.92822"/><rtept lat="40.33092" lon="-123.92674"/><rtept lat="40.33058" lon="-123.92642"/><rtept lat="40.33019" lon="-123.926"/><rtept lat="40.32915" lon="-123.92471"/><rtept lat="40.32803" lon="-123.92325"/><rtept lat="40.32776" lon="-123.92293"/><rtept lat="40.32722" lon="-123.92243"/><rtept lat="40.32667" lon="-123.92209"/><rtept lat="40.32608" lon="-123.92181"/><rtept lat="40.32576" lon="-123.9217"/><rtept lat="40.32516" lon="-123.92158"/><rtept lat="40.32174" lon="-123.92125"/><rtept lat="40.32137" lon="-123.92123"/><rtept lat="40.31927" lon="-123.92104"/><rtept lat="40.31876" lon="-123.92097"/><rtept lat="40.31849" lon="-123.92091"/><rtept lat="40.31827" lon="-123.92084"/><rtept lat="40.31784" lon="-123.92062"/><rtept lat="40.31761" lon="-123.92045"/><rtept lat="40.31739" lon="-123.92025"/><rtept lat="40.31715" lon="-123.92"/><rtept lat="40.31691" lon="-123.91971"/><rtept lat="40.31595" lon="-123.9181"/><rtept lat="40.31493" lon="-123.91631"/><rtept lat="40.31452" lon="-123.91536"/><rtept lat="40.31418" lon="-123.91448"/><rtept lat="40.31328" lon="-123.91147"/><rtept lat="40.31298" lon="-123.91053"/><rtept lat="40.3128" lon="-123.91009"/><rtept lat="40.31259" lon="-123.90965"/><rtept lat="40.31232" lon="-123.90919"/><rtept lat="40.31202" lon="-123.90877"/><rtept lat="40.31168" lon="-123.90835"/><rtept lat="40.31127" lon="-123.90792"/><rtept lat="40.30956" lon="-123.90635"/><rtept lat="40.30887" lon="-123.90564"/><rtept lat="40.30849" lon="-123.90521"/><rtept lat="40.30653" lon="-123.90275"/><rtept lat="40.30612" lon="-123.9022"/><rtept lat="40.30592" lon="-123.90187"/><rtept lat="40.30571" lon="-123.90143"/><rtept lat="40.30557" lon="-123.90105"/><rtept lat="40.30547" lon="-123.90073"/><rtept lat="40.30539" lon="-123.90037"/><rtept lat="40.3048" lon="-123.8962"/><rtept lat="40.30472" lon="-123.89573"/><rtept lat="40.30458" lon="-123.8953"/><rtept lat="40.30436" lon="-123.89476"/><rtept lat="40.30408" lon="-123.89429"/><rtept lat="40.30389" lon="-123.89402"/><rtept lat="40.30372" lon="-123.89381"/><rtept lat="40.30334" lon="-123.8934"/><rtept lat="40.30299" lon="-123.89312"/><rtept lat="40.30268" lon="-123.89296"/><rtept lat="40.30208" lon="-123.8927"/><rtept lat="40.29956" lon="-123.89211"/><rtept lat="40.29925" lon="-123.89206"/><rtept lat="40.29886" lon="-123.89205"/><rtept lat="40.29854" lon="-123.89206"/><rtept lat="40.29827" lon="-123.89209"/><rtept lat="40.29801" lon="-123.89215"/><rtept lat="40.29425" lon="-123.89361"/><rtept lat="40.29398" lon="-123.89374"/><rtept lat="40.2936" lon="-123.89395"/><rtept lat="40.29131" lon="-123.89561"/><rtept lat="40.29094" lon="-123.89584"/><rtept lat="40.29062" lon="-123.89601"/><rtept lat="40.29017" lon="-123.89616"/><rtept lat="40.28982" lon="-123.89624"/><rtept lat="40.28939" lon="-123.89627"/><rtept lat="40.28901" lon="-123.89625"/><rtept lat="40.28866" lon="-123.89616"/><rtept lat="40.28834" lon="-123.89605"/><rtept lat="40.28805" lon="-123.8959"/><rtept lat="40.28781" lon="-123.89574"/><rtept lat="40.28738" lon="-123.8954"/><rtept lat="40.28717" lon="-123.89516"/><rtept lat="40.28696" lon="-123.89486"/><rtept lat="40.28607" lon="-123.89342"/><rtept lat="40.28584" lon="-123.89295"/><rtept lat="40.28568" lon="-123.89254"/><rtept lat="40.28555" lon="-123.89212"/><rtept lat="40.28521" lon="-123.8905"/><rtept lat="40.28495" lon="-123.88974"/><rtept lat="40.28464" lon="-123.88909"/><rtept lat="40.28444" lon="-123.88877"/><rtept lat="40.28426" lon="-123.88854"/><rtept lat="40.284" lon="-123.88826"/><rtept lat="40.28348" lon="-123.88783"/><rtept lat="40.28299" lon="-123.8876"/><rtept lat="40.2824" lon="-123.88741"/><rtept lat="40.28094" lon="-123.88711"/><rtept lat="40.28057" lon="-123.88701"/><rtept lat="40.28027" lon="-123.88688"/><rtept lat="40.2799" lon="-123.88667"/><rtept lat="40.27931" lon="-123.88623"/><rtept lat="40.27902" lon="-123.88594"/><rtept lat="40.27654" lon="-123.88364"/><rtept lat="40.27539" lon="-123.88243"/><rtept lat="40.27458" lon="-123.88136"/><rtept lat="40.27359" lon="-123.8798"/><rtept lat="40.273" lon="-123.87874"/><rtept lat="40.27229" lon="-123.87703"/><rtept lat="40.27209" lon="-123.8766"/><rtept lat="40.27188" lon="-123.87622"/><rtept lat="40.27166" lon="-123.87588"/><rtept lat="40.27143" lon="-123.87558"/><rtept lat="40.27117" lon="-123.87533"/><rtept lat="40.27089" lon="-123.8751"/><rtept lat="40.2704" lon="-123.87479"/><rtept lat="40.27021" lon="-123.87468"/><rtept lat="40.26883" lon="-123.87403"/><rtept lat="40.26844" lon="-123.87379"/><rtept lat="40.26814" lon="-123.87354"/><rtept lat="40.268" lon="-123.8734"/><rtept lat="40.26773" lon="-123.87308"/><rtept lat="40.26736" lon="-123.87252"/><rtept lat="40.26694" lon="-123.8717"/><rtept lat="40.26671" lon="-123.87112"/><rtept lat="40.26649" lon="-123.87046"/><rtept lat="40.26637" lon="-123.86999"/><rtept lat="40.26624" lon="-123.86934"/><rtept lat="40.26619" lon="-123.86891"/><rtept lat="40.26616" lon="-123.86832"/><rtept lat="40.26617" lon="-123.86794"/><rtept lat="40.2662" lon="-123.86768"/><rtept lat="40.26626" lon="-123.86737"/><rtept lat="40.26638" lon="-123.86695"/><rtept lat="40.26651" lon="-123.86657"/><rtept lat="40.26664" lon="-123.86627"/><rtept lat="40.26679" lon="-123.86598"/><rtept lat="40.26717" lon="-123.86542"/><rtept lat="40.26819" lon="-123.86428"/><rtept lat="40.26899" lon="-123.86325"/><rtept lat="40.26979" lon="-123.86194"/><rtept lat="40.2705" lon="-123.86065"/><rtept lat="40.27075" lon="-123.8601"/><rtept lat="40.27187" lon="-123.8574"/><rtept lat="40.27199" lon="-123.85708"/><rtept lat="40.27208" lon="-123.85674"/><rtept lat="40.27212" lon="-123.85639"/><rtept lat="40.27215" lon="-123.85582"/><rtept lat="40.27214" lon="-123.85537"/><rtept lat="40.27207" lon="-123.85493"/><rtept lat="40.27197" lon="-123.85462"/><rtept lat="40.27176" lon="-123.85412"/><rtept lat="40.27163" lon="-123.85387"/><rtept lat="40.27144" lon="-123.85358"/><rtept lat="40.27103" lon="-123.85309"/><rtept lat="40.27081" lon="-123.85293"/><rtept lat="40.27054" lon="-123.85278"/><rtept lat="40.26958" lon="-123.85247"/><rtept lat="40.26894" lon="-123.85232"/><rtept lat="40.2686" lon="-123.8522"/><rtept lat="40.26797" lon="-123.85184"/><rtept lat="40.26744" lon="-123.85142"/><rtept lat="40.26714" lon="-123.8511"/><rtept lat="40.26667" lon="-123.85048"/><rtept lat="40.26578" lon="-123.84902"/><rtept lat="40.26556" lon="-123.8487"/><rtept lat="40.26532" lon="-123.8484"/><rtept lat="40.2651" lon="-123.84817"/><rtept lat="40.26484" lon="-123.84794"/><rtept lat="40.26458" lon="-123.84774"/><rtept lat="40.26429" lon="-123.84758"/><rtept lat="40.26398" lon="-123.84747"/><rtept lat="40.26277" lon="-123.84711"/><rtept lat="40.26249" lon="-123.847"/><rtept lat="40.26194" lon="-123.84672"/><rtept lat="40.26165" lon="-123.84651"/><rtept lat="40.26138" lon="-123.84628"/><rtept lat="40.26025" lon="-123.84512"/><rtept lat="40.25977" lon="-123.84457"/><rtept lat="40.25952" lon="-123.84423"/><rtept lat="40.25929" lon="-123.84386"/><rtept lat="40.25885" lon="-123.84297"/><rtept lat="40.25819" lon="-123.84129"/><rtept lat="40.25781" lon="-123.84039"/><rtept lat="40.25708" lon="-123.83893"/><rtept lat="40.25567" lon="-123.83621"/><rtept lat="40.25523" lon="-123.83541"/><rtept lat="40.25483" lon="-123.8348"/><rtept lat="40.25459" lon="-123.83449"/><rtept lat="40.25412" lon="-123.83393"/><rtept lat="40.25359" lon="-123.83339"/><rtept lat="40.2532" lon="-123.83306"/><rtept lat="40.25262" lon="-123.83264"/><rtept lat="40.25201" lon="-123.83228"/><rtept lat="40.25158" lon="-123.83208"/><rtept lat="40.25113" lon="-123.83191"/><rtept lat="40.25077" lon="-123.8318"/><rtept lat="40.25009" lon="-123.83165"/><rtept lat="40.24931" lon="-123.83158"/><rtept lat="40.24117" lon="-123.8316"/><rtept lat="40.24036" lon="-123.83167"/><rtept lat="40.23963" lon="-123.83182"/><rtept lat="40.23928" lon="-123.83192"/><rtept lat="40.23649" lon="-123.83295"/><rtept lat="40.23577" lon="-123.83318"/><rtept lat="40.23527" lon="-123.83325"/><rtept lat="40.23499" lon="-123.83326"/><rtept lat="40.23469" lon="-123.83324"/><rtept lat="40.23415" lon="-123.83315"/><rtept lat="40.23381" lon="-123.83307"/><rtept lat="40.23348" lon="-123.83295"/><rtept lat="40.23315" lon="-123.8328"/><rtept lat="40.23285" lon="-123.83261"/><rtept lat="40.2324" lon="-123.8323"/><rtept lat="40.23114" lon="-123.8313"/><rtept lat="40.2304" lon="-123.83078"/><rtept lat="40.22967" lon="-123.83037"/><rtept lat="40.22676" lon="-123.82903"/><rtept lat="40.22601" lon="-123.82865"/><rtept lat="40.22535" lon="-123.82821"/><rtept lat="40.22467" lon="-123.82763"/><rtept lat="40.22141" lon="-123.82446"/><rtept lat="40.22082" lon="-123.82378"/><rtept lat="40.22058" lon="-123.82348"/><rtept lat="40.21794" lon="-123.81887"/><rtept lat="40.21703" lon="-123.81733"/><rtept lat="40.21682" lon="-123.81691"/><rtept lat="40.2166" lon="-123.81638"/><rtept lat="40.21643" lon="-123.81578"/><rtept lat="40.21636" lon="-123.81531"/><rtept lat="40.21634" lon="-123.81439"/><rtept lat="40.21638" lon="-123.81383"/><rtept lat="40.2165" lon="-123.81325"/><rtept lat="40.21662" lon="-123.81284"/><rtept lat="40.2179" lon="-123.80911"/><rtept lat="40.21818" lon="-123.80849"/><rtept lat="40.21864" lon="-123.80771"/><rtept lat="40.21946" lon="-123.80642"/><rtept lat="40.21987" lon="-123.80569"/><rtept lat="40.22003" lon="-123.80531"/><rtept lat="40.22033" lon="-123.80447"/><rtept lat="40.22056" lon="-123.80358"/><rtept lat="40.22065" lon="-123.8028"/><rtept lat="40.22067" lon="-123.80241"/><rtept lat="40.22067" lon="-123.802"/><rtept lat="40.22064" lon="-123.8016"/><rtept lat="40.22054" lon="-123.80078"/><rtept lat="40.22046" lon="-123.80048"/><rtept lat="40.22017" lon="-123.79955"/><rtept lat="40.21989" lon="-123.79881"/><rtept lat="40.21893" lon="-123.79602"/><rtept lat="40.21873" lon="-123.79555"/><rtept lat="40.21856" lon="-123.79522"/><rtept lat="40.21813" lon="-123.79456"/><rtept lat="40.21768" lon="-123.79402"/><rtept lat="40.21718" lon="-123.79357"/><rtept lat="40.21654" lon="-123.79314"/><rtept lat="40.21619" lon="-123.79298"/><rtept lat="40.21585" lon="-123.79286"/><rtept lat="40.21548" lon="-123.79276"/><rtept lat="40.21511" lon="-123.79269"/><rtept lat="40.21117" lon="-123.79237"/><rtept lat="40.20964" lon="-123.79218"/><rtept lat="40.20917" lon="-123.79207"/><rtept lat="40.20829" lon="-123.79181"/><rtept lat="40.2079" lon="-123.79166"/><rtept lat="40.20724" lon="-123.7913"/><rtept lat="40.2066" lon="-123.79087"/><rtept lat="40.20624" lon="-123.7906"/><rtept lat="40.20549" lon="-123.7899"/><rtept lat="40.20508" lon="-123.78946"/><rtept lat="40.20459" lon="-123.78879"/><rtept lat="40.20434" lon="-123.78842"/><rtept lat="40.20266" lon="-123.78579"/><rtept lat="40.20223" lon="-123.78502"/><rtept lat="40.20177" lon="-123.78387"/><rtept lat="40.20149" lon="-123.78295"/><rtept lat="40.20067" lon="-123.77973"/><rtept lat="40.20052" lon="-123.7792"/><rtept lat="40.20019" lon="-123.77838"/><rtept lat="40.19997" lon="-123.77798"/><rtept lat="40.19978" lon="-123.77769"/><rtept lat="40.19932" lon="-123.77713"/><rtept lat="40.19904" lon="-123.77689"/><rtept lat="40.19869" lon="-123.77662"/><rtept lat="40.19718" lon="-123.7757"/><rtept lat="40.19661" lon="-123.77528"/><rtept lat="40.19636" lon="-123.77507"/><rtept lat="40.19613" lon="-123.77483"/><rtept lat="40.19588" lon="-123.7745"/><rtept lat="40.19558" lon="-123.77406"/><rtept lat="40.19474" lon="-123.77264"/><rtept lat="40.19455" lon="-123.77237"/><rtept lat="40.19429" lon="-123.77207"/><rtept lat="40.19405" lon="-123.77183"/><rtept lat="40.19379" lon="-123.7716"/><rtept lat="40.19348" lon="-123.77138"/><rtept lat="40.19288" lon="-123.77108"/><rtept lat="40.19251" lon="-123.77095"/><rtept lat="40.1922" lon="-123.77088"/><rtept lat="40.19181" lon="-123.77084"/><rtept lat="40.19151" lon="-123.77083"/><rtept lat="40.19097" lon="-123.77091"/><rtept lat="40.1907" lon="-123.77097"/><rtept lat="40.19042" lon="-123.77107"/><rtept lat="40.18969" lon="-123.77147"/><rtept lat="40.18498" lon="-123.77432"/><rtept lat="40.18375" lon="-123.77501"/><rtept lat="40.18357" lon="-123.77516"/><rtept lat="40.18153" lon="-123.77638"/><rtept lat="40.18101" lon="-123.77678"/><rtept lat="40.18084" lon="-123.77696"/><rtept lat="40.18053" lon="-123.77734"/><rtept lat="40.18036" lon="-123.77761"/><rtept lat="40.17947" lon="-123.7792"/><rtept lat="40.17914" lon="-123.7797"/><rtept lat="40.1789" lon="-123.77999"/><rtept lat="40.1787" lon="-123.7802"/><rtept lat="40.17828" lon="-123.78056"/><rtept lat="40.17804" lon="-123.78073"/><rtept lat="40.17761" lon="-123.78097"/><rtept lat="40.17734" lon="-123.78108"/><rtept lat="40.17697" lon="-123.78119"/><rtept lat="40.1767" lon="-123.78124"/><rtept lat="40.17642" lon="-123.78127"/><rtept lat="40.17351" lon="-123.78144"/><rtept lat="40.17263" lon="-123.78145"/><rtept lat="40.1719" lon="-123.78139"/><rtept lat="40.17031" lon="-123.78116"/><rtept lat="40.16946" lon="-123.78116"/><rtept lat="40.169" lon="-123.78124"/><rtept lat="40.16878" lon="-123.7813"/><rtept lat="40.16828" lon="-123.78151"/><rtept lat="40.16805" lon="-123.78163"/><rtept lat="40.16778" lon="-123.78181"/><rtept lat="40.16734" lon="-123.78216"/><rtept lat="40.16713" lon="-123.78237"/><rtept lat="40.16677" lon="-123.78279"/><rtept lat="40.16532" lon="-123.78486"/><rtept lat="40.16502" lon="-123.78524"/><rtept lat="40.16471" lon="-123.78556"/><rtept lat="40.16453" lon="-123.78572"/><rtept lat="40.16333" lon="-123.78664"/><rtept lat="40.16311" lon="-123.78683"/><rtept lat="40.16271" lon="-123.78727"/><rtept lat="40.16237" lon="-123.78775"/><rtept lat="40.16219" lon="-123.78809"/><rtept lat="40.16132" lon="-123.78991"/><rtept lat="40.16096" lon="-123.79049"/><rtept lat="40.16078" lon="-123.79072"/><rtept lat="40.16044" lon="-123.79108"/><rtept lat="40.16013" lon="-123.79133"/><rtept lat="40.15911" lon="-123.79207"/><rtept lat="40.15867" lon="-123.79245"/><rtept lat="40.15826" lon="-123.79293"/><rtept lat="40.15752" lon="-123.79396"/><rtept lat="40.15711" lon="-123.79449"/><rtept lat="40.15676" lon="-123.79483"/><rtept lat="40.15659" lon="-123.79497"/><rtept lat="40.15634" lon="-123.79514"/><rtept lat="40.15604" lon="-123.7953"/><rtept lat="40.15571" lon="-123.7954"/><rtept lat="40.15543" lon="-123.79545"/><rtept lat="40.15484" lon="-123.79546"/><rtept lat="40.15317" lon="-123.79523"/><rtept lat="40.15287" lon="-123.79521"/><rtept lat="40.15238" lon="-123.79523"/><rtept lat="40.15206" lon="-123.79531"/><rtept lat="40.15178" lon="-123.79542"/><rtept lat="40.15146" lon="-123.79558"/><rtept lat="40.1512" lon="-123.79576"/><rtept lat="40.15079" lon="-123.79613"/><rtept lat="40.15033" lon="-123.79675"/><rtept lat="40.15004" lon="-123.79721"/><rtept lat="40.1485" lon="-123.79981"/><rtept lat="40.14797" lon="-123.80065"/><rtept lat="40.14766" lon="-123.80107"/><rtept lat="40.14707" lon="-123.8018"/><rtept lat="40.14372" lon="-123.80559"/><rtept lat="40.14199" lon="-123.80759"/><rtept lat="40.1417" lon="-123.80788"/><rtept lat="40.14115" lon="-123.80834"/><rtept lat="40.14086" lon="-123.80853"/><rtept lat="40.14042" lon="-123.80875"/><rtept lat="40.14007" lon="-123.8089"/><rtept lat="40.13941" lon="-123.80903"/><rtept lat="40.13902" lon="-123.80906"/><rtept lat="40.13864" lon="-123.80904"/><rtept lat="40.1383" lon="-123.80898"/><rtept lat="40.13771" lon="-123.80878"/><rtept lat="40.13518" lon="-123.80749"/><rtept lat="40.13461" lon="-123.80715"/><rtept lat="40.13399" lon="-123.80666"/><rtept lat="40.13375" lon="-123.80642"/><rtept lat="40.13342" lon="-123.80604"/><rtept lat="40.12871" lon="-123.79978"/><rtept lat="40.12841" lon="-123.79949"/><rtept lat="40.12805" lon="-123.79918"/><rtept lat="40.12762" lon="-123.79886"/><rtept lat="40.12647" lon="-123.79831"/><rtept lat="40.11439" lon="-123.79301"/><rtept lat="40.11396" lon="-123.79285"/><rtept lat="40.11354" lon="-123.79274"/><rtept lat="40.11267" lon="-123.79263"/><rtept lat="40.11228" lon="-123.79262"/><rtept lat="40.112" lon="-123.79264"/><rtept lat="40.11153" lon="-123.79271"/><rtept lat="40.11109" lon="-123.7928"/><rtept lat="40.11059" lon="-123.79296"/><rtept lat="40.10834" lon="-123.79387"/><rtept lat="40.10816" lon="-123.79402"/><rtept lat="40.10798" lon="-123.79413"/><rtept lat="40.10213" lon="-123.79652"/><rtept lat="40.10152" lon="-123.79675"/><rtept lat="40.10108" lon="-123.79687"/><rtept lat="40.10071" lon="-123.79694"/><rtept lat="40.10036" lon="-123.79697"/><rtept lat="40.09989" lon="-123.79698"/><rtept lat="40.09946" lon="-123.79697"/><rtept lat="40.09913" lon="-123.79695"/><rtept lat="40.09878" lon="-123.79689"/><rtept lat="40.09834" lon="-123.79678"/><rtept lat="40.09795" lon="-123.79664"/><rtept lat="40.09759" lon="-123.79649"/><rtept lat="40.09701" lon="-123.79618"/><rtept lat="40.09625" lon="-123.7957"/><rtept lat="40.09484" lon="-123.79473"/><rtept lat="40.09441" lon="-123.79432"/><rtept lat="40.09399" lon="-123.79384"/><rtept lat="40.09258" lon="-123.792"/><rtept lat="40.09228" lon="-123.79169"/><rtept lat="40.09202" lon="-123.79145"/><rtept lat="40.09173" lon="-123.79123"/><rtept lat="40.0911" lon="-123.79089"/><rtept lat="40.09097" lon="-123.79077"/><rtept lat="40.09038" lon="-123.79058"/><rtept lat="40.08801" lon="-123.78998"/><rtept lat="40.08754" lon="-123.78988"/><rtept lat="40.08708" lon="-123.78981"/><rtept lat="40.08643" lon="-123.78983"/><rtept lat="40.08599" lon="-123.7899"/><rtept lat="40.08382" lon="-123.79037"/><rtept lat="40.08298" lon="-123.79052"/><rtept lat="40.08216" lon="-123.79063"/><rtept lat="40.08165" lon="-123.79061"/><rtept lat="40.08132" lon="-123.79057"/><rtept lat="40.08095" lon="-123.79046"/><rtept lat="40.08051" lon="-123.79028"/><rtept lat="40.07914" lon="-123.78961"/><rtept lat="40.07882" lon="-123.78949"/><rtept lat="40.07849" lon="-123.78943"/><rtept lat="40.07818" lon="-123.78941"/><rtept lat="40.07783" lon="-123.78944"/><rtept lat="40.07749" lon="-123.78952"/><rtept lat="40.07714" lon="-123.78965"/><rtept lat="40.0745" lon="-123.79093"/><rtept lat="40.07424" lon="-123.79101"/><rtept lat="40.074" lon="-123.79106"/><rtept lat="40.07361" lon="-123.79111"/><rtept lat="40.07329" lon="-123.79108"/><rtept lat="40.0725" lon="-123.79088"/><rtept lat="40.07104" lon="-123.79044"/><rtept lat="40.07056" lon="-123.79023"/><rtept lat="40.06897" lon="-123.78941"/><rtept lat="40.0675" lon="-123.78863"/><rtept lat="40.06728" lon="-123.78845"/><rtept lat="40.067" lon="-123.78825"/><rtept lat="40.06671" lon="-123.788"/><rtept lat="40.06643" lon="-123.7877"/><rtept lat="40.06623" lon="-123.78745"/><rtept lat="40.06598" lon="-123.7871"/><rtept lat="40.06518" lon="-123.78587"/><rtept lat="40.06456" lon="-123.78495"/><rtept lat="40.06408" lon="-123.78432"/><rtept lat="40.06385" lon="-123.78407"/><rtept lat="40.06354" lon="-123.7838"/><rtept lat="40.06311" lon="-123.78354"/><rtept lat="40.06293" lon="-123.78345"/><rtept lat="40.06248" lon="-123.78332"/><rtept lat="40.06198" lon="-123.78328"/><rtept lat="40.06175" lon="-123.78329"/><rtept lat="40.0615" lon="-123.78333"/><rtept lat="40.06091" lon="-123.78354"/><rtept lat="40.06055" lon="-123.78375"/><rtept lat="40.06028" lon="-123.78395"/><rtept lat="40.06001" lon="-123.78421"/><rtept lat="40.05982" lon="-123.78444"/><rtept lat="40.05962" lon="-123.78472"/><rtept lat="40.0573" lon="-123.78897"/><rtept lat="40.05654" lon="-123.79042"/><rtept lat="40.05634" lon="-123.79074"/><rtept lat="40.05607" lon="-123.79112"/><rtept lat="40.05581" lon="-123.79142"/><rtept lat="40.05547" lon="-123.79176"/><rtept lat="40.05512" lon="-123.79204"/><rtept lat="40.05485" lon="-123.79223"/><rtept lat="40.05454" lon="-123.79242"/><rtept lat="40.05405" lon="-123.79263"/><rtept lat="40.0537" lon="-123.79274"/><rtept lat="40.05336" lon="-123.79281"/><rtept lat="40.053" lon="-123.79285"/><rtept lat="40.05258" lon="-123.79285"/><rtept lat="40.05222" lon="-123.79282"/><rtept lat="40.05156" lon="-123.79265"/><rtept lat="40.05119" lon="-123.79249"/><rtept lat="40.05081" lon="-123.7923"/><rtept lat="40.05017" lon="-123.79182"/><rtept lat="40.04987" lon="-123.79154"/><rtept lat="40.04961" lon="-123.79126"/><rtept lat="40.04933" lon="-123.79089"/><rtept lat="40.0491" lon="-123.79052"/><rtept lat="40.04889" lon="-123.79012"/><rtept lat="40.04868" lon="-123.78964"/><rtept lat="40.04851" lon="-123.78917"/><rtept lat="40.04816" lon="-123.78803"/><rtept lat="40.04792" lon="-123.78716"/><rtept lat="40.04769" lon="-123.78641"/><rtept lat="40.04745" lon="-123.78578"/><rtept lat="40.04726" lon="-123.78535"/><rtept lat="40.04705" lon="-123.7849"/><rtept lat="40.04686" lon="-123.78457"/><rtept lat="40.04639" lon="-123.78385"/><rtept lat="40.0461" lon="-123.78348"/><rtept lat="40.04581" lon="-123.78315"/><rtept lat="40.04544" lon="-123.78278"/><rtept lat="40.04501" lon="-123.78239"/><rtept lat="40.04334" lon="-123.78112"/><rtept lat="40.04234" lon="-123.78025"/><rtept lat="40.03757" lon="-123.77638"/><rtept lat="40.03716" lon="-123.77608"/><rtept lat="40.03695" lon="-123.77595"/><rtept lat="40.03636" lon="-123.77569"/><rtept lat="40.03599" lon="-123.77561"/><rtept lat="40.03574" lon="-123.77559"/><rtept lat="40.03498" lon="-123.77561"/><rtept lat="40.03464" lon="-123.77566"/><rtept lat="40.03433" lon="-123.77575"/><rtept lat="40.03397" lon="-123.7759"/><rtept lat="40.03359" lon="-123.77614"/><rtept lat="40.03322" lon="-123.77647"/><rtept lat="40.03302" lon="-123.77669"/><rtept lat="40.0328" lon="-123.77697"/><rtept lat="40.03258" lon="-123.77735"/><rtept lat="40.03223" lon="-123.77813"/><rtept lat="40.03207" lon="-123.77868"/><rtept lat="40.03196" lon="-123.77915"/><rtept lat="40.03189" lon="-123.77958"/><rtept lat="40.03183" lon="-123.78017"/><rtept lat="40.03184" lon="-123.78081"/><rtept lat="40.032" lon="-123.78163"/><rtept lat="40.03211" lon="-123.78199"/><rtept lat="40.03224" lon="-123.78232"/><rtept lat="40.03244" lon="-123.78276"/><rtept lat="40.03259" lon="-123.78316"/><rtept lat="40.0328" lon="-123.78357"/><rtept lat="40.03301" lon="-123.78391"/><rtept lat="40.03344" lon="-123.78448"/><rtept lat="40.03378" lon="-123.78489"/><rtept lat="40.03423" lon="-123.78536"/><rtept lat="40.03442" lon="-123.78565"/><rtept lat="40.03472" lon="-123.7863"/><rtept lat="40.03517" lon="-123.78738"/><rtept lat="40.0353" lon="-123.78775"/><rtept lat="40.03543" lon="-123.78826"/><rtept lat="40.03554" lon="-123.78921"/><rtept lat="40.03556" lon="-123.78974"/><rtept lat="40.03555" lon="-123.79018"/><rtept lat="40.03537" lon="-123.79091"/><rtept lat="40.03525" lon="-123.79131"/><rtept lat="40.03445" lon="-123.79276"/><rtept lat="40.03424" lon="-123.793"/><rtept lat="40.0341" lon="-123.79307"/><rtept lat="40.0338" lon="-123.79314"/><rtept lat="40.03332" lon="-123.79317"/><rtept lat="40.03268" lon="-123.79327"/><rtept lat="40.03247" lon="-123.79336"/><rtept lat="40.03207" lon="-123.79358"/><rtept lat="40.03184" lon="-123.79365"/><rtept lat="40.03143" lon="-123.79372"/><rtept lat="40.02998" lon="-123.79392"/><rtept lat="40.029" lon="-123.79395"/><rtept lat="40.02852" lon="-123.79399"/><rtept lat="40.02834" lon="-123.79395"/><rtept lat="40.02796" lon="-123.79375"/><rtept lat="40.02767" lon="-123.79366"/><rtept lat="40.02731" lon="-123.79364"/><rtept lat="40.02588" lon="-123.7937"/><rtept lat="40.02559" lon="-123.79375"/><rtept lat="40.02464" lon="-123.79403"/><rtept lat="40.02402" lon="-123.79413"/><rtept lat="40.0238" lon="-123.79414"/><rtept lat="40.02291" lon="-123.79398"/><rtept lat="40.02273" lon="-123.79392"/><rtept lat="40.02255" lon="-123.79384"/><rtept lat="40.02239" lon="-123.79374"/><rtept lat="40.02194" lon="-123.79355"/><rtept lat="40.0213" lon="-123.79334"/><rtept lat="40.02102" lon="-123.79316"/><rtept lat="40.0207" lon="-123.79286"/><rtept lat="40.0202" lon="-123.79228"/><rtept lat="40.01999" lon="-123.79213"/><rtept lat="40.01966" lon="-123.79179"/><rtept lat="40.01941" lon="-123.7916"/><rtept lat="40.0191" lon="-123.7914"/><rtept lat="40.01873" lon="-123.79128"/><rtept lat="40.01832" lon="-123.79125"/><rtept lat="40.01765" lon="-123.79136"/><rtept lat="40.01686" lon="-123.79136"/><rtept lat="40.01618" lon="-123.79131"/><rtept lat="40.01574" lon="-123.79132"/><rtept lat="40.01502" lon="-123.79153"/><rtept lat="40.01462" lon="-123.79154"/><rtept lat="40.01441" lon="-123.7915"/><rtept lat="40.01425" lon="-123.79145"/><rtept lat="40.01396" lon="-123.79129"/><rtept lat="40.01371" lon="-123.79111"/><rtept lat="40.01336" lon="-123.79095"/><rtept lat="40.01323" lon="-123.79092"/><rtept lat="40.01281" lon="-123.79092"/><rtept lat="40.01265" lon="-123.79094"/><rtept lat="40.01218" lon="-123.79108"/><rtept lat="40.01198" lon="-123.79109"/><rtept lat="40.01187" lon="-123.79108"/><rtept lat="40.0115" lon="-123.79099"/><rtept lat="40.0111" lon="-123.79085"/><rtept lat="40.01051" lon="-123.7906"/><rtept lat="40.00972" lon="-123.7903"/><rtept lat="40.00937" lon="-123.79019"/><rtept lat="40.00881" lon="-123.78994"/><rtept lat="40.00841" lon="-123.78969"/><rtept lat="40.00804" lon="-123.7894"/><rtept lat="40.00701" lon="-123.78849"/><rtept lat="40.00604" lon="-123.78775"/><rtept lat="40.00583" lon="-123.78756"/><rtept lat="40.00567" lon="-123.78735"/><rtept lat="40.00549" lon="-123.78707"/><rtept lat="40.0053" lon="-123.78662"/><rtept lat="40.00522" lon="-123.78635"/><rtept lat="40.005" lon="-123.78513"/><rtept lat="40.00489" lon="-123.78465"/><rtept lat="40.00483" lon="-123.78447"/><rtept lat="40.00463" lon="-123.78405"/><rtept lat="40.00442" lon="-123.78376"/><rtept lat="40.00429" lon="-123.78362"/><rtept lat="40.00399" lon="-123.78338"/><rtept lat="40.00382" lon="-123.78329"/><rtept lat="40.00364" lon="-123.78323"/><rtept lat="40.00337" lon="-123.78318"/><rtept lat="40.00297" lon="-123.78317"/><rtept lat="40.00224" lon="-123.78318"/><rtept lat="40.00207" lon="-123.7832"/><rtept lat="40.00191" lon="-123.78325"/><rtept lat="40.0015" lon="-123.78345"/><rtept lat="40.00122" lon="-123.78365"/><rtept lat="40.0008" lon="-123.78409"/><rtept lat="39.99929" lon="-123.7859"/><rtept lat="39.99805" lon="-123.78731"/><rtept lat="39.99768" lon="-123.78764"/><rtept lat="39.99731" lon="-123.78792"/><rtept lat="39.99684" lon="-123.78819"/><rtept lat="39.99637" lon="-123.78837"/><rtept lat="39.99598" lon="-123.78848"/><rtept lat="39.99561" lon="-123.78855"/><rtept lat="39.99523" lon="-123.78858"/><rtept lat="39.99276" lon="-123.7885"/><rtept lat="39.99226" lon="-123.78852"/><rtept lat="39.99193" lon="-123.7886"/><rtept lat="39.99157" lon="-123.78875"/><rtept lat="39.99121" lon="-123.78894"/><rtept lat="39.99056" lon="-123.78947"/><rtept lat="39.9902" lon="-123.78992"/><rtept lat="39.98995" lon="-123.79031"/><rtept lat="39.98975" lon="-123.79075"/><rtept lat="39.98902" lon="-123.79273"/><rtept lat="39.98877" lon="-123.79332"/><rtept lat="39.98852" lon="-123.79377"/><rtept lat="39.98825" lon="-123.79414"/><rtept lat="39.98795" lon="-123.79448"/><rtept lat="39.98663" lon="-123.79575"/><rtept lat="39.98628" lon="-123.79611"/><rtept lat="39.98599" lon="-123.79644"/><rtept lat="39.9855" lon="-123.79713"/><rtept lat="39.98523" lon="-123.79763"/><rtept lat="39.98498" lon="-123.79818"/><rtept lat="39.98425" lon="-123.79991"/><rtept lat="39.98401" lon="-123.80033"/><rtept lat="39.98378" lon="-123.80068"/><rtept lat="39.9832" lon="-123.80132"/><rtept lat="39.98272" lon="-123.80173"/><rtept lat="39.98201" lon="-123.80212"/><rtept lat="39.98153" lon="-123.80228"/><rtept lat="39.98095" lon="-123.8024"/><rtept lat="39.98046" lon="-123.8024"/><rtept lat="39.98008" lon="-123.80237"/><rtept lat="39.97974" lon="-123.80228"/><rtept lat="39.97862" lon="-123.80188"/><rtept lat="39.97637" lon="-123.80096"/><rtept lat="39.97561" lon="-123.80061"/><rtept lat="39.96903" lon="-123.79692"/><rtept lat="39.96738" lon="-123.79604"/><rtept lat="39.96645" lon="-123.79547"/><rtept lat="39.96564" lon="-123.79483"/><rtept lat="39.96539" lon="-123.79458"/><rtept lat="39.96481" lon="-123.7939"/><rtept lat="39.96415" lon="-123.79289"/><rtept lat="39.96387" lon="-123.7924"/><rtept lat="39.96366" lon="-123.79198"/><rtept lat="39.96328" lon="-123.7909"/><rtept lat="39.96278" lon="-123.78917"/><rtept lat="39.96257" lon="-123.78858"/><rtept lat="39.96204" lon="-123.78728"/><rtept lat="39.9614" lon="-123.78613"/><rtept lat="39.96015" lon="-123.78416"/><rtept lat="39.95925" lon="-123.7827"/><rtept lat="39.95891" lon="-123.78219"/><rtept lat="39.95863" lon="-123.78184"/><rtept lat="39.95827" lon="-123.78146"/><rtept lat="39.95792" lon="-123.78113"/><rtept lat="39.95753" lon="-123.78084"/><rtept lat="39.957" lon="-123.7805"/><rtept lat="39.95609" lon="-123.78012"/><rtept lat="39.95571" lon="-123.78002"/><rtept lat="39.95526" lon="-123.77994"/><rtept lat="39.95489" lon="-123.77992"/><rtept lat="39.95436" lon="-123.77992"/><rtept lat="39.9539" lon="-123.77996"/><rtept lat="39.953" lon="-123.78023"/><rtept lat="39.95164" lon="-123.78081"/><rtept lat="39.9511" lon="-123.78098"/><rtept lat="39.95062" lon="-123.7811"/><rtept lat="39.94991" lon="-123.78119"/><rtept lat="39.94928" lon="-123.78118"/><rtept lat="39.94897" lon="-123.78116"/><rtept lat="39.94833" lon="-123.78103"/><rtept lat="39.94778" lon="-123.78086"/><rtept lat="39.94122" lon="-123.77808"/><rtept lat="39.94075" lon="-123.77784"/><rtept lat="39.94037" lon="-123.77761"/><rtept lat="39.94003" lon="-123.77732"/><rtept lat="39.93962" lon="-123.7769"/><rtept lat="39.93456" lon="-123.77082"/><rtept lat="39.93437" lon="-123.77056"/><rtept lat="39.93378" lon="-123.76955"/><rtept lat="39.93352" lon="-123.76893"/><rtept lat="39.93246" lon="-123.76585"/><rtept lat="39.93204" lon="-123.76494"/><rtept lat="39.9317" lon="-123.76437"/><rtept lat="39.93143" lon="-123.76399"/><rtept lat="39.93106" lon="-123.76352"/><rtept lat="39.92954" lon="-123.76182"/><rtept lat="39.92904" lon="-123.76136"/><rtept lat="39.92873" lon="-123.76115"/><rtept lat="39.92841" lon="-123.76099"/><rtept lat="39.92802" lon="-123.76085"/><rtept lat="39.92765" lon="-123.76076"/><rtept lat="39.92728" lon="-123.76073"/><rtept lat="39.92621" lon="-123.7608"/><rtept lat="39.92526" lon="-123.7609"/><rtept lat="39.92444" lon="-123.76096"/><rtept lat="39.92408" lon="-123.76101"/><rtept lat="39.9237" lon="-123.7611"/><rtept lat="39.9235" lon="-123.76118"/><rtept lat="39.92329" lon="-123.76129"/><rtept lat="39.92284" lon="-123.7616"/><rtept lat="39.92136" lon="-123.76321"/><rtept lat="39.92002" lon="-123.76455"/><rtept lat="39.91983" lon="-123.76477"/><rtept lat="39.91955" lon="-123.76527"/><rtept lat="39.91944" lon="-123.76557"/><rtept lat="39.91925" lon="-123.76632"/><rtept lat="39.91906" lon="-123.76678"/><rtept lat="39.91889" lon="-123.76703"/><rtept lat="39.91874" lon="-123.76716"/><rtept lat="39.91849" lon="-123.76732"/><rtept lat="39.91821" lon="-123.76741"/><rtept lat="39.91783" lon="-123.76743"/><rtept lat="39.91752" lon="-123.76735"/><rtept lat="39.9171" lon="-123.76716"/><rtept lat="39.91696" lon="-123.76703"/><rtept lat="39.91673" lon="-123.76676"/><rtept lat="39.91652" lon="-123.76646"/><rtept lat="39.91624" lon="-123.76592"/><rtept lat="39.91534" lon="-123.76359"/><rtept lat="39.9152" lon="-123.76311"/><rtept lat="39.91499" lon="-123.76183"/><rtept lat="39.91486" lon="-123.76136"/><rtept lat="39.91473" lon="-123.76109"/><rtept lat="39.91459" lon="-123.76088"/><rtept lat="39.9144" lon="-123.76066"/><rtept lat="39.91406" lon="-123.76032"/><rtept lat="39.91387" lon="-123.76004"/><rtept lat="39.91372" lon="-123.75977"/><rtept lat="39.91355" lon="-123.75931"/><rtept lat="39.91333" lon="-123.75897"/><rtept lat="39.91302" lon="-123.75863"/><rtept lat="39.91173" lon="-123.75791"/><rtept lat="39.91149" lon="-123.75784"/><rtept lat="39.91108" lon="-123.75781"/><rtept lat="39.9107" lon="-123.75774"/><rtept lat="39.9104" lon="-123.75762"/><rtept lat="39.91015" lon="-123.75757"/><rtept lat="39.90984" lon="-123.75758"/><rtept lat="39.90957" lon="-123.75767"/><rtept lat="39.90921" lon="-123.75787"/><rtept lat="39.90806" lon="-123.75879"/><rtept lat="39.90788" lon="-123.75891"/><rtept lat="39.90767" lon="-123.75901"/><rtept lat="39.90749" lon="-123.75906"/><rtept lat="39.90731" lon="-123.75906"/><rtept lat="39.90708" lon="-123.75901"/><rtept lat="39.90698" lon="-123.75897"/><rtept lat="39.90678" lon="-123.75885"/><rtept lat="39.90667" lon="-123.75876"/><rtept lat="39.90649" lon="-123.75853"/><rtept lat="39.90633" lon="-123.75825"/><rtept lat="39.90625" lon="-123.75798"/><rtept lat="39.90621" lon="-123.75772"/><rtept lat="39.90621" lon="-123.75731"/><rtept lat="39.90633" lon="-123.75686"/><rtept lat="39.90712" lon="-123.75509"/><rtept lat="39.90725" lon="-123.75473"/><rtept lat="39.90732" lon="-123.75429"/><rtept lat="39.90733" lon="-123.75402"/><rtept lat="39.90732" lon="-123.7538"/><rtept lat="39.90728" lon="-123.75353"/><rtept lat="39.907" lon="-123.75208"/><rtept lat="39.90687" lon="-123.75112"/><rtept lat="39.9068" lon="-123.75076"/><rtept lat="39.90671" lon="-123.75044"/><rtept lat="39.90662" lon="-123.75021"/><rtept lat="39.90649" lon="-123.74996"/><rtept lat="39.90637" lon="-123.74983"/><rtept lat="39.90614" lon="-123.74965"/><rtept lat="39.90592" lon="-123.74951"/><rtept lat="39.90576" lon="-123.74946"/><rtept lat="39.90502" lon="-123.74936"/><rtept lat="39.9045" lon="-123.7494"/><rtept lat="39.90436" lon="-123.74944"/><rtept lat="39.90414" lon="-123.74956"/><rtept lat="39.90388" lon="-123.74974"/><rtept lat="39.90369" lon="-123.74992"/><rtept lat="39.90348" lon="-123.75016"/><rtept lat="39.90304" lon="-123.7507"/><rtept lat="39.90292" lon="-123.75088"/><rtept lat="39.90258" lon="-123.75177"/><rtept lat="39.90242" lon="-123.75236"/><rtept lat="39.90236" lon="-123.75264"/><rtept lat="39.90232" lon="-123.75292"/><rtept lat="39.9023" lon="-123.7537"/><rtept lat="39.90228" lon="-123.75391"/><rtept lat="39.90223" lon="-123.75411"/><rtept lat="39.90206" lon="-123.75444"/><rtept lat="39.90183" lon="-123.75468"/><rtept lat="39.9016" lon="-123.7548"/><rtept lat="39.90143" lon="-123.75483"/><rtept lat="39.9011" lon="-123.75479"/><rtept lat="39.9008" lon="-123.75459"/><rtept lat="39.90062" lon="-123.75437"/><rtept lat="39.9004" lon="-123.75397"/><rtept lat="39.89962" lon="-123.75215"/><rtept lat="39.89937" lon="-123.75175"/><rtept lat="39.89912" lon="-123.75145"/><rtept lat="39.8989" lon="-123.75122"/><rtept lat="39.89859" lon="-123.75098"/><rtept lat="39.89814" lon="-123.7507"/><rtept lat="39.89781" lon="-123.75057"/><rtept lat="39.89754" lon="-123.75053"/><rtept lat="39.89738" lon="-123.75056"/><rtept lat="39.89719" lon="-123.75063"/><rtept lat="39.897" lon="-123.75073"/><rtept lat="39.89684" lon="-123.75087"/><rtept lat="39.89657" lon="-123.75122"/><rtept lat="39.89633" lon="-123.75163"/><rtept lat="39.89618" lon="-123.75196"/><rtept lat="39.89584" lon="-123.7529"/><rtept lat="39.89573" lon="-123.75314"/><rtept lat="39.8956" lon="-123.75334"/><rtept lat="39.89534" lon="-123.75362"/><rtept lat="39.89519" lon="-123.75374"/><rtept lat="39.89499" lon="-123.75384"/><rtept lat="39.89478" lon="-123.75391"/><rtept lat="39.89343" lon="-123.75406"/><rtept lat="39.89323" lon="-123.75407"/><rtept lat="39.89286" lon="-123.75403"/><rtept lat="39.89268" lon="-123.75396"/><rtept lat="39.89252" lon="-123.75387"/><rtept lat="39.8924" lon="-123.75378"/><rtept lat="39.89216" lon="-123.7535"/><rtept lat="39.89196" lon="-123.75314"/><rtept lat="39.89184" lon="-123.75276"/><rtept lat="39.89181" lon="-123.75257"/><rtept lat="39.89173" lon="-123.75171"/><rtept lat="39.89153" lon="-123.75073"/><rtept lat="39.89143" lon="-123.74996"/><rtept lat="39.89136" lon="-123.74959"/><rtept lat="39.89127" lon="-123.74929"/><rtept lat="39.89113" lon="-123.749"/><rtept lat="39.89082" lon="-123.74854"/><rtept lat="39.89069" lon="-123.74838"/><rtept lat="39.89044" lon="-123.74819"/><rtept lat="39.89029" lon="-123.74813"/><rtept lat="39.89009" lon="-123.7481"/><rtept lat="39.88952" lon="-123.74807"/><rtept lat="39.88928" lon="-123.74804"/><rtept lat="39.88849" lon="-123.74788"/><rtept lat="39.88792" lon="-123.74773"/><rtept lat="39.88769" lon="-123.74763"/><rtept lat="39.88751" lon="-123.74752"/><rtept lat="39.88729" lon="-123.74726"/><rtept lat="39.88706" lon="-123.74678"/><rtept lat="39.88691" lon="-123.74614"/><rtept lat="39.88683" lon="-123.74536"/><rtept lat="39.88679" lon="-123.74477"/><rtept lat="39.88747" lon="-123.74018"/><rtept lat="39.88748" lon="-123.73967"/><rtept lat="39.88746" lon="-123.73939"/><rtept lat="39.88741" lon="-123.73912"/><rtept lat="39.88723" lon="-123.73851"/><rtept lat="39.88706" lon="-123.73818"/><rtept lat="39.88655" lon="-123.73735"/><rtept lat="39.88639" lon="-123.73713"/><rtept lat="39.88613" lon="-123.73682"/><rtept lat="39.88577" lon="-123.73648"/><rtept lat="39.88557" lon="-123.73633"/><rtept lat="39.88514" lon="-123.73605"/><rtept lat="39.88365" lon="-123.73534"/><rtept lat="39.88319" lon="-123.73507"/><rtept lat="39.88276" lon="-123.73474"/><rtept lat="39.88206" lon="-123.73429"/><rtept lat="39.88109" lon="-123.73382"/><rtept lat="39.88032" lon="-123.73353"/><rtept lat="39.87961" lon="-123.7332"/><rtept lat="39.87916" lon="-123.7329"/><rtept lat="39.879" lon="-123.73275"/><rtept lat="39.87869" lon="-123.73239"/><rtept lat="39.87834" lon="-123.73176"/><rtept lat="39.87818" lon="-123.73127"/><rtept lat="39.87811" lon="-123.73095"/><rtept lat="39.87805" lon="-123.73052"/><rtept lat="39.87801" lon="-123.73005"/><rtept lat="39.87802" lon="-123.7278"/><rtept lat="39.87806" lon="-123.72678"/><rtept lat="39.87808" lon="-123.72459"/><rtept lat="39.87807" lon="-123.72393"/><rtept lat="39.87794" lon="-123.72315"/><rtept lat="39.87783" lon="-123.72276"/><rtept lat="39.87763" lon="-123.72225"/><rtept lat="39.87728" lon="-123.72154"/><rtept lat="39.8771" lon="-123.72104"/><rtept lat="39.87705" lon="-123.72083"/><rtept lat="39.87703" lon="-123.72056"/><rtept lat="39.87705" lon="-123.72024"/><rtept lat="39.87714" lon="-123.71988"/><rtept lat="39.87719" lon="-123.71975"/><rtept lat="39.87732" lon="-123.71954"/><rtept lat="39.8775" lon="-123.71928"/><rtept lat="39.87772" lon="-123.71903"/><rtept lat="39.87793" lon="-123.7189"/><rtept lat="39.87827" lon="-123.71859"/><rtept lat="39.87838" lon="-123.71847"/><rtept lat="39.87846" lon="-123.71834"/><rtept lat="39.87858" lon="-123.71807"/><rtept lat="39.87876" lon="-123.71752"/><rtept lat="39.87885" lon="-123.71711"/><rtept lat="39.87889" lon="-123.71645"/><rtept lat="39.87888" lon="-123.71593"/><rtept lat="39.87884" lon="-123.71546"/><rtept lat="39.87879" lon="-123.71522"/><rtept lat="39.87872" lon="-123.71504"/><rtept lat="39.87856" lon="-123.71477"/><rtept lat="39.87815" lon="-123.71431"/><rtept lat="39.87768" lon="-123.71372"/><rtept lat="39.87752" lon="-123.71333"/><rtept lat="39.87733" lon="-123.71267"/><rtept lat="39.87725" lon="-123.71248"/><rtept lat="39.87715" lon="-123.7123"/><rtept lat="39.87697" lon="-123.71216"/><rtept lat="39.87675" lon="-123.71205"/><rtept lat="39.87644" lon="-123.71194"/><rtept lat="39.87623" lon="-123.71183"/><rtept lat="39.87606" lon="-123.71173"/><rtept lat="39.87587" lon="-123.71159"/><rtept lat="39.87564" lon="-123.71139"/><rtept lat="39.87509" lon="-123.71067"/><rtept lat="39.87498" lon="-123.71057"/><rtept lat="39.87476" lon="-123.71046"/><rtept lat="39.87437" lon="-123.7104"/><rtept lat="39.87403" lon="-123.71039"/><rtept lat="39.87374" lon="-123.71044"/><rtept lat="39.87325" lon="-123.71059"/><rtept lat="39.87271" lon="-123.71082"/><rtept lat="39.87121" lon="-123.71178"/><rtept lat="39.87051" lon="-123.71215"/><rtept lat="39.86942" lon="-123.71304"/><rtept lat="39.86847" lon="-123.71349"/><rtept lat="39.86814" lon="-123.7136"/><rtept lat="39.86773" lon="-123.71359"/><rtept lat="39.86736" lon="-123.71351"/><rtept lat="39.8671" lon="-123.71343"/><rtept lat="39.8664" lon="-123.71308"/><rtept lat="39.86619" lon="-123.71299"/><rtept lat="39.86581" lon="-123.71287"/><rtept lat="39.86531" lon="-123.71281"/><rtept lat="39.8649" lon="-123.71282"/><rtept lat="39.86424" lon="-123.71294"/><rtept lat="39.86373" lon="-123.7131"/><rtept lat="39.86343" lon="-123.71324"/><rtept lat="39.86253" lon="-123.71376"/><rtept lat="39.8613" lon="-123.71444"/><rtept lat="39.86086" lon="-123.71465"/><rtept lat="39.86051" lon="-123.71475"/><rtept lat="39.86009" lon="-123.71481"/><rtept lat="39.85937" lon="-123.71483"/><rtept lat="39.85825" lon="-123.71479"/><rtept lat="39.85784" lon="-123.71484"/><rtept lat="39.85745" lon="-123.71494"/><rtept lat="39.85707" lon="-123.71512"/><rtept lat="39.85627" lon="-123.71568"/><rtept lat="39.85549" lon="-123.71628"/><rtept lat="39.85499" lon="-123.71655"/><rtept lat="39.85453" lon="-123.71675"/><rtept lat="39.85404" lon="-123.71682"/><rtept lat="39.85352" lon="-123.71682"/><rtept lat="39.85294" lon="-123.7167"/><rtept lat="39.85236" lon="-123.71639"/><rtept lat="39.85189" lon="-123.716"/><rtept lat="39.85142" lon="-123.71547"/><rtept lat="39.85098" lon="-123.71467"/><rtept lat="39.8507" lon="-123.71392"/><rtept lat="39.8473" lon="-123.70407"/><rtept lat="39.84621" lon="-123.70083"/><rtept lat="39.84572" lon="-123.69947"/><rtept lat="39.84528" lon="-123.69835"/><rtept lat="39.84483" lon="-123.69734"/><rtept lat="39.84404" lon="-123.69547"/><rtept lat="39.84366" lon="-123.69476"/><rtept lat="39.84327" lon="-123.69414"/><rtept lat="39.8429" lon="-123.69364"/><rtept lat="39.84176" lon="-123.69219"/><rtept lat="39.83993" lon="-123.68996"/><rtept lat="39.8392" lon="-123.68896"/><rtept lat="39.83882" lon="-123.68828"/><rtept lat="39.83847" lon="-123.68754"/><rtept lat="39.83792" lon="-123.68592"/><rtept lat="39.83766" lon="-123.68525"/><rtept lat="39.83736" lon="-123.68463"/><rtept lat="39.83689" lon="-123.68389"/><rtept lat="39.83635" lon="-123.68309"/><rtept lat="39.83098" lon="-123.67524"/><rtept lat="39.83064" lon="-123.67485"/><rtept lat="39.83025" lon="-123.67451"/><rtept lat="39.82981" lon="-123.67427"/><rtept lat="39.82927" lon="-123.67411"/><rtept lat="39.82809" lon="-123.67386"/><rtept lat="39.82782" lon="-123.67377"/><rtept lat="39.82741" lon="-123.67357"/><rtept lat="39.82705" lon="-123.67329"/><rtept lat="39.82674" lon="-123.67295"/><rtept lat="39.82643" lon="-123.67247"/><rtept lat="39.82619" lon="-123.67192"/><rtept lat="39.82602" lon="-123.67137"/><rtept lat="39.82591" lon="-123.67074"/><rtept lat="39.82591" lon="-123.67003"/><rtept lat="39.82604" lon="-123.66931"/><rtept lat="39.82629" lon="-123.66858"/><rtept lat="39.82743" lon="-123.66638"/><rtept lat="39.82779" lon="-123.66557"/><rtept lat="39.82812" lon="-123.6647"/><rtept lat="39.82907" lon="-123.66156"/><rtept lat="39.82924" lon="-123.66078"/><rtept lat="39.8293" lon="-123.66018"/><rtept lat="39.82928" lon="-123.65951"/><rtept lat="39.82915" lon="-123.65879"/><rtept lat="39.82858" lon="-123.65694"/><rtept lat="39.82842" lon="-123.65619"/><rtept lat="39.82837" lon="-123.65543"/><rtept lat="39.82846" lon="-123.65464"/><rtept lat="39.82861" lon="-123.65393"/><rtept lat="39.82884" lon="-123.65334"/><rtept lat="39.82911" lon="-123.65282"/><rtept lat="39.82954" lon="-123.65229"/><rtept lat="39.83097" lon="-123.65094"/><rtept lat="39.83125" lon="-123.65065"/><rtept lat="39.83163" lon="-123.65017"/><rtept lat="39.83201" lon="-123.64958"/><rtept lat="39.83234" lon="-123.64896"/><rtept lat="39.8327" lon="-123.64813"/><rtept lat="39.83294" lon="-123.64726"/><rtept lat="39.83312" lon="-123.64629"/><rtept lat="39.83333" lon="-123.64341"/><rtept lat="39.83343" lon="-123.6424"/><rtept lat="39.83469" lon="-123.63276"/><rtept lat="39.83471" lon="-123.63178"/><rtept lat="39.83468" lon="-123.63144"/><rtept lat="39.83458" lon="-123.63096"/><rtept lat="39.83409" lon="-123.6295"/><rtept lat="39.8336" lon="-123.62816"/><rtept lat="39.83315" lon="-123.62677"/><rtept lat="39.83293" lon="-123.62584"/><rtept lat="39.83287" lon="-123.62529"/><rtept lat="39.83282" lon="-123.62403"/><rtept lat="39.83284" lon="-123.62222"/><rtept lat="39.83282" lon="-123.62162"/><rtept lat="39.83275" lon="-123.62102"/><rtept lat="39.83261" lon="-123.62048"/><rtept lat="39.83247" lon="-123.62003"/><rtept lat="39.83222" lon="-123.61953"/><rtept lat="39.8312" lon="-123.6176"/><rtept lat="39.831" lon="-123.61717"/><rtept lat="39.8308" lon="-123.6166"/><rtept lat="39.83069" lon="-123.61609"/><rtept lat="39.83062" lon="-123.61563"/><rtept lat="39.83053" lon="-123.61523"/><rtept lat="39.83052" lon="-123.61471"/><rtept lat="39.83046" lon="-123.61442"/><rtept lat="39.83031" lon="-123.6139"/><rtept lat="39.8302" lon="-123.61365"/><rtept lat="39.83002" lon="-123.61333"/><rtept lat="39.82973" lon="-123.61294"/><rtept lat="39.82849" lon="-123.61168"/><rtept lat="39.82826" lon="-123.6114"/><rtept lat="39.82798" lon="-123.611"/><rtept lat="39.82777" lon="-123.61051"/><rtept lat="39.82762" lon="-123.61002"/><rtept lat="39.82756" lon="-123.60967"/><rtept lat="39.82756" lon="-123.60896"/><rtept lat="39.82769" lon="-123.60686"/><rtept lat="39.82778" lon="-123.60638"/><rtept lat="39.82789" lon="-123.60605"/><rtept lat="39.82803" lon="-123.6057"/><rtept lat="39.82875" lon="-123.60433"/><rtept lat="39.82895" lon="-123.60381"/><rtept lat="39.8291" lon="-123.60325"/><rtept lat="39.82914" lon="-123.6029"/><rtept lat="39.82924" lon="-123.60044"/><rtept lat="39.82924" lon="-123.60005"/><rtept lat="39.8292" lon="-123.59968"/><rtept lat="39.82907" lon="-123.59924"/><rtept lat="39.82888" lon="-123.59876"/><rtept lat="39.82876" lon="-123.59852"/><rtept lat="39.82863" lon="-123.59831"/><rtept lat="39.82802" lon="-123.59752"/><rtept lat="39.82664" lon="-123.59559"/><rtept lat="39.82625" lon="-123.59488"/><rtept lat="39.8261" lon="-123.59447"/><rtept lat="39.82597" lon="-123.59385"/><rtept lat="39.82595" lon="-123.59349"/><rtept lat="39.82597" lon="-123.59307"/><rtept lat="39.82602" lon="-123.59277"/><rtept lat="39.8261" lon="-123.59239"/><rtept lat="39.82623" lon="-123.59202"/><rtept lat="39.82655" lon="-123.59142"/><rtept lat="39.82726" lon="-123.59055"/><rtept lat="39.82746" lon="-123.59024"/><rtept lat="39.82766" lon="-123.58989"/><rtept lat="39.8278" lon="-123.58953"/><rtept lat="39.8279" lon="-123.58915"/><rtept lat="39.82813" lon="-123.58795"/><rtept lat="39.82817" lon="-123.58761"/><rtept lat="39.82817" lon="-123.58699"/><rtept lat="39.82814" lon="-123.58672"/><rtept lat="39.82808" lon="-123.58642"/><rtept lat="39.82801" lon="-123.58617"/><rtept lat="39.82793" lon="-123.58594"/><rtept lat="39.82768" lon="-123.58543"/><rtept lat="39.82748" lon="-123.5851"/><rtept lat="39.82708" lon="-123.58452"/><rtept lat="39.82689" lon="-123.5842"/><rtept lat="39.82678" lon="-123.58395"/><rtept lat="39.82667" lon="-123.58364"/><rtept lat="39.8266" lon="-123.58334"/><rtept lat="39.82653" lon="-123.58293"/><rtept lat="39.82652" lon="-123.58245"/><rtept lat="39.82653" lon="-123.58207"/><rtept lat="39.82657" lon="-123.58178"/><rtept lat="39.82669" lon="-123.58137"/><rtept lat="39.82681" lon="-123.58105"/><rtept lat="39.82697" lon="-123.58074"/><rtept lat="39.82776" lon="-123.57957"/><rtept lat="39.82795" lon="-123.57923"/><rtept lat="39.82806" lon="-123.57895"/><rtept lat="39.82817" lon="-123.57856"/><rtept lat="39.82824" lon="-123.5782"/><rtept lat="39.82825" lon="-123.57792"/><rtept lat="39.82822" lon="-123.57705"/><rtept lat="39.82798" lon="-123.57525"/><rtept lat="39.8279" lon="-123.5748"/><rtept lat="39.82753" lon="-123.57343"/><rtept lat="39.82748" lon="-123.5732"/><rtept lat="39.82739" lon="-123.5721"/><rtept lat="39.82725" lon="-123.57124"/><rtept lat="39.82703" lon="-123.57046"/><rtept lat="39.82672" lon="-123.56981"/><rtept lat="39.82646" lon="-123.56949"/><rtept lat="39.82247" lon="-123.56509"/><rtept lat="39.82213" lon="-123.56477"/><rtept lat="39.82189" lon="-123.5646"/><rtept lat="39.8217" lon="-123.5645"/><rtept lat="39.82151" lon="-123.56443"/><rtept lat="39.8209" lon="-123.56432"/><rtept lat="39.81845" lon="-123.56413"/><rtept lat="39.81829" lon="-123.5641"/><rtept lat="39.81788" lon="-123.56391"/><rtept lat="39.81766" lon="-123.56378"/><rtept lat="39.81737" lon="-123.56353"/><rtept lat="39.81715" lon="-123.56329"/><rtept lat="39.81686" lon="-123.56295"/><rtept lat="39.8167" lon="-123.56269"/><rtept lat="39.81567" lon="-123.56078"/><rtept lat="39.81498" lon="-123.55976"/><rtept lat="39.81486" lon="-123.55963"/><rtept lat="39.81471" lon="-123.5595"/><rtept lat="39.8145" lon="-123.55937"/><rtept lat="39.81408" lon="-123.55917"/><rtept lat="39.81394" lon="-123.55906"/><rtept lat="39.81336" lon="-123.5585"/><rtept lat="39.81032" lon="-123.55522"/><rtept lat="39.81014" lon="-123.555"/><rtept lat="39.80983" lon="-123.55456"/><rtept lat="39.80969" lon="-123.55426"/><rtept lat="39.80954" lon="-123.55386"/><rtept lat="39.80941" lon="-123.55336"/><rtept lat="39.80934" lon="-123.55272"/><rtept lat="39.80937" lon="-123.55141"/><rtept lat="39.8093" lon="-123.55083"/><rtept lat="39.80915" lon="-123.55027"/><rtept lat="39.80895" lon="-123.54977"/><rtept lat="39.80878" lon="-123.5494"/><rtept lat="39.80865" lon="-123.5492"/><rtept lat="39.80828" lon="-123.54873"/><rtept lat="39.80806" lon="-123.54851"/><rtept lat="39.80782" lon="-123.54831"/><rtept lat="39.80673" lon="-123.54761"/><rtept lat="39.80643" lon="-123.54738"/><rtept lat="39.80603" lon="-123.54704"/><rtept lat="39.80576" lon="-123.54675"/><rtept lat="39.80554" lon="-123.54646"/><rtept lat="39.80533" lon="-123.54613"/><rtept lat="39.80503" lon="-123.54557"/><rtept lat="39.80472" lon="-123.54494"/><rtept lat="39.80457" lon="-123.54469"/><rtept lat="39.80436" lon="-123.54442"/><rtept lat="39.80413" lon="-123.54417"/><rtept lat="39.80401" lon="-123.54407"/><rtept lat="39.80372" lon="-123.54385"/><rtept lat="39.80353" lon="-123.54374"/><rtept lat="39.80326" lon="-123.54363"/><rtept lat="39.80137" lon="-123.54312"/><rtept lat="39.80102" lon="-123.54305"/><rtept lat="39.79988" lon="-123.54289"/><rtept lat="39.79947" lon="-123.5428"/><rtept lat="39.79785" lon="-123.54229"/><rtept lat="39.79742" lon="-123.54216"/><rtept lat="39.79727" lon="-123.54213"/><rtept lat="39.79683" lon="-123.5421"/><rtept lat="39.79629" lon="-123.54211"/><rtept lat="39.796" lon="-123.54217"/><rtept lat="39.79485" lon="-123.54247"/><rtept lat="39.79407" lon="-123.54259"/><rtept lat="39.79342" lon="-123.54261"/><rtept lat="39.79196" lon="-123.54247"/><rtept lat="39.79159" lon="-123.54248"/><rtept lat="39.79133" lon="-123.54252"/><rtept lat="39.79101" lon="-123.54262"/><rtept lat="39.79064" lon="-123.54276"/><rtept lat="39.79027" lon="-123.54297"/><rtept lat="39.78973" lon="-123.54335"/><rtept lat="39.7892" lon="-123.54363"/><rtept lat="39.78886" lon="-123.54378"/><rtept lat="39.78731" lon="-123.54434"/><rtept lat="39.78686" lon="-123.54447"/><rtept lat="39.78639" lon="-123.54458"/><rtept lat="39.78612" lon="-123.5446"/><rtept lat="39.78597" lon="-123.54459"/><rtept lat="39.78558" lon="-123.54454"/><rtept lat="39.78527" lon="-123.54443"/><rtept lat="39.78481" lon="-123.54423"/><rtept lat="39.78381" lon="-123.54376"/><rtept lat="39.78355" lon="-123.54361"/><rtept lat="39.78317" lon="-123.54334"/><rtept lat="39.78284" lon="-123.54302"/><rtept lat="39.78255" lon="-123.54278"/><rtept lat="39.78241" lon="-123.5427"/><rtept lat="39.78218" lon="-123.54263"/><rtept lat="39.78195" lon="-123.54259"/><rtept lat="39.78165" lon="-123.54264"/><rtept lat="39.78143" lon="-123.54272"/><rtept lat="39.78125" lon="-123.54281"/><rtept lat="39.78069" lon="-123.54331"/><rtept lat="39.78042" lon="-123.54349"/><rtept lat="39.77997" lon="-123.54368"/><rtept lat="39.77984" lon="-123.54372"/><rtept lat="39.77971" lon="-123.54374"/><rtept lat="39.77925" lon="-123.54375"/><rtept lat="39.77879" lon="-123.54373"/><rtept lat="39.77837" lon="-123.54368"/><rtept lat="39.77764" lon="-123.54366"/><rtept lat="39.77727" lon="-123.54371"/><rtept lat="39.77707" lon="-123.54378"/><rtept lat="39.77691" lon="-123.54386"/><rtept lat="39.77659" lon="-123.54406"/><rtept lat="39.77622" lon="-123.54441"/><rtept lat="39.7757" lon="-123.54506"/><rtept lat="39.77534" lon="-123.54542"/><rtept lat="39.77511" lon="-123.5456"/><rtept lat="39.77483" lon="-123.54576"/><rtept lat="39.77447" lon="-123.54592"/><rtept lat="39.77301" lon="-123.54628"/><rtept lat="39.77241" lon="-123.54635"/><rtept lat="39.77216" lon="-123.54635"/><rtept lat="39.77196" lon="-123.54633"/><rtept lat="39.77174" lon="-123.54627"/><rtept lat="39.77151" lon="-123.54616"/><rtept lat="39.77107" lon="-123.54582"/><rtept lat="39.77069" lon="-123.54546"/><rtept lat="39.7704" lon="-123.54531"/><rtept lat="39.7702" lon="-123.54526"/><rtept lat="39.77005" lon="-123.54525"/><rtept lat="39.76932" lon="-123.54533"/><rtept lat="39.76915" lon="-123.54532"/><rtept lat="39.76896" lon="-123.54528"/><rtept lat="39.76856" lon="-123.54508"/><rtept lat="39.76834" lon="-123.54487"/><rtept lat="39.76791" lon="-123.54419"/><rtept lat="39.76777" lon="-123.54402"/><rtept lat="39.76756" lon="-123.54382"/><rtept lat="39.76735" lon="-123.54366"/><rtept lat="39.76712" lon="-123.54359"/><rtept lat="39.76686" lon="-123.54355"/><rtept lat="39.76665" lon="-123.54358"/><rtept lat="39.76614" lon="-123.5437"/><rtept lat="39.7658" lon="-123.54374"/><rtept lat="39.76549" lon="-123.54373"/><rtept lat="39.76523" lon="-123.54365"/><rtept lat="39.76407" lon="-123.54321"/><rtept lat="39.7637" lon="-123.543"/><rtept lat="39.76353" lon="-123.54288"/><rtept lat="39.76336" lon="-123.54274"/><rtept lat="39.76321" lon="-123.54258"/><rtept lat="39.76294" lon="-123.54222"/><rtept lat="39.76248" lon="-123.54147"/><rtept lat="39.76226" lon="-123.54117"/><rtept lat="39.762" lon="-123.54086"/><rtept lat="39.76165" lon="-123.54059"/><rtept lat="39.76068" lon="-123.54007"/><rtept lat="39.7604" lon="-123.53995"/><rtept lat="39.76015" lon="-123.53981"/><rtept lat="39.75988" lon="-123.53961"/><rtept lat="39.75964" lon="-123.5394"/><rtept lat="39.75941" lon="-123.53916"/><rtept lat="39.75892" lon="-123.53847"/><rtept lat="39.75848" lon="-123.5379"/><rtept lat="39.75818" lon="-123.53758"/><rtept lat="39.75775" lon="-123.53729"/><rtept lat="39.75736" lon="-123.53709"/><rtept lat="39.75689" lon="-123.53696"/><rtept lat="39.75635" lon="-123.53695"/><rtept lat="39.7558" lon="-123.53702"/><rtept lat="39.75544" lon="-123.53704"/><rtept lat="39.75491" lon="-123.53699"/><rtept lat="39.75468" lon="-123.53694"/><rtept lat="39.75408" lon="-123.53672"/><rtept lat="39.75381" lon="-123.53657"/><rtept lat="39.75226" lon="-123.53556"/><rtept lat="39.75155" lon="-123.53505"/><rtept lat="39.75098" lon="-123.53458"/><rtept lat="39.75059" lon="-123.53417"/><rtept lat="39.75034" lon="-123.53386"/><rtept lat="39.74966" lon="-123.53273"/><rtept lat="39.74946" lon="-123.53229"/><rtept lat="39.74878" lon="-123.53026"/><rtept lat="39.74854" lon="-123.52966"/><rtept lat="39.74814" lon="-123.5285"/><rtept lat="39.74787" lon="-123.52779"/><rtept lat="39.7475" lon="-123.52689"/><rtept lat="39.74722" lon="-123.52635"/><rtept lat="39.74658" lon="-123.52523"/><rtept lat="39.74578" lon="-123.52396"/><rtept lat="39.74282" lon="-123.51913"/><rtept lat="39.74107" lon="-123.51632"/><rtept lat="39.74081" lon="-123.51594"/><rtept lat="39.74048" lon="-123.51553"/><rtept lat="39.7402" lon="-123.51522"/><rtept lat="39.73986" lon="-123.51492"/><rtept lat="39.73938" lon="-123.51455"/><rtept lat="39.73871" lon="-123.51419"/><rtept lat="39.7384" lon="-123.51405"/><rtept lat="39.73792" lon="-123.5139"/><rtept lat="39.73765" lon="-123.51385"/><rtept lat="39.73708" lon="-123.51378"/><rtept lat="39.73615" lon="-123.51374"/><rtept lat="39.73566" lon="-123.51371"/><rtept lat="39.73555" lon="-123.51369"/><rtept lat="39.73516" lon="-123.51358"/><rtept lat="39.735" lon="-123.51352"/><rtept lat="39.73457" lon="-123.51331"/><rtept lat="39.73412" lon="-123.51301"/><rtept lat="39.7336" lon="-123.51257"/><rtept lat="39.73303" lon="-123.51197"/><rtept lat="39.73268" lon="-123.51151"/><rtept lat="39.72931" lon="-123.50684"/><rtept lat="39.72891" lon="-123.50632"/><rtept lat="39.72833" lon="-123.50565"/><rtept lat="39.72781" lon="-123.50516"/><rtept lat="39.72709" lon="-123.5046"/><rtept lat="39.72672" lon="-123.50437"/><rtept lat="39.72611" lon="-123.50404"/><rtept lat="39.72461" lon="-123.50333"/><rtept lat="39.7218" lon="-123.50195"/><rtept lat="39.71705" lon="-123.49966"/><rtept lat="39.71655" lon="-123.49937"/><rtept lat="39.71606" lon="-123.49906"/><rtept lat="39.71576" lon="-123.49884"/><rtept lat="39.7155" lon="-123.49862"/><rtept lat="39.71503" lon="-123.49813"/><rtept lat="39.7146" lon="-123.49763"/><rtept lat="39.71409" lon="-123.49691"/><rtept lat="39.71281" lon="-123.49481"/><rtept lat="39.71146" lon="-123.49268"/><rtept lat="39.71124" lon="-123.49238"/><rtept lat="39.71097" lon="-123.49206"/><rtept lat="39.71063" lon="-123.49172"/><rtept lat="39.70945" lon="-123.49066"/><rtept lat="39.7087" lon="-123.49003"/><rtept lat="39.70789" lon="-123.48951"/><rtept lat="39.70689" lon="-123.48892"/><rtept lat="39.70591" lon="-123.48845"/><rtept lat="39.69293" lon="-123.48377"/><rtept lat="39.69159" lon="-123.48331"/><rtept lat="39.69107" lon="-123.48317"/><rtept lat="39.69058" lon="-123.48308"/><rtept lat="39.68988" lon="-123.48302"/><rtept lat="39.68938" lon="-123.48303"/><rtept lat="39.68799" lon="-123.48314"/><rtept lat="39.6878" lon="-123.48312"/><rtept lat="39.68771" lon="-123.48309"/><rtept lat="39.68741" lon="-123.48294"/><rtept lat="39.68732" lon="-123.48286"/><rtept lat="39.68722" lon="-123.48273"/><rtept lat="39.68695" lon="-123.48235"/><rtept lat="39.68573" lon="-123.48051"/><rtept lat="39.68478" lon="-123.47914"/><rtept lat="39.68455" lon="-123.47882"/><rtept lat="39.68422" lon="-123.47842"/><rtept lat="39.68404" lon="-123.47824"/><rtept lat="39.68363" lon="-123.47787"/><rtept lat="39.68235" lon="-123.47701"/><rtept lat="39.68131" lon="-123.47642"/><rtept lat="39.68085" lon="-123.47621"/><rtept lat="39.68055" lon="-123.47613"/><rtept lat="39.68" lon="-123.47605"/><rtept lat="39.67881" lon="-123.47591"/><rtept lat="39.67638" lon="-123.47569"/><rtept lat="39.676" lon="-123.47567"/><rtept lat="39.67556" lon="-123.47567"/><rtept lat="39.67328" lon="-123.47557"/><rtept lat="39.67276" lon="-123.47557"/><rtept lat="39.6722" lon="-123.4756"/><rtept lat="39.67186" lon="-123.47565"/><rtept lat="39.67096" lon="-123.47586"/><rtept lat="39.67048" lon="-123.47595"/><rtept lat="39.67022" lon="-123.47597"/><rtept lat="39.66828" lon="-123.47607"/><rtept lat="39.66723" lon="-123.47616"/><rtept lat="39.66624" lon="-123.47622"/><rtept lat="39.66582" lon="-123.47621"/><rtept lat="39.66454" lon="-123.47626"/><rtept lat="39.66266" lon="-123.47628"/><rtept lat="39.66242" lon="-123.47632"/><rtept lat="39.66208" lon="-123.47641"/><rtept lat="39.6618" lon="-123.47652"/><rtept lat="39.66127" lon="-123.47683"/><rtept lat="39.66059" lon="-123.47728"/><rtept lat="39.66008" lon="-123.47754"/><rtept lat="39.65977" lon="-123.47765"/><rtept lat="39.65944" lon="-123.47771"/><rtept lat="39.65918" lon="-123.47773"/><rtept lat="39.65876" lon="-123.47772"/><rtept lat="39.6584" lon="-123.47765"/><rtept lat="39.65814" lon="-123.47755"/><rtept lat="39.6579" lon="-123.47744"/><rtept lat="39.65696" lon="-123.47683"/><rtept lat="39.65669" lon="-123.47668"/><rtept lat="39.65613" lon="-123.47647"/><rtept lat="39.6559" lon="-123.47643"/><rtept lat="39.6555" lon="-123.4764"/><rtept lat="39.6514" lon="-123.47636"/><rtept lat="39.65098" lon="-123.47638"/><rtept lat="39.64874" lon="-123.47636"/><rtept lat="39.64834" lon="-123.47633"/><rtept lat="39.64796" lon="-123.47628"/><rtept lat="39.64764" lon="-123.47621"/><rtept lat="39.64737" lon="-123.47613"/><rtept lat="39.6468" lon="-123.47589"/><rtept lat="39.64634" lon="-123.4756"/><rtept lat="39.64543" lon="-123.47508"/><rtept lat="39.64422" lon="-123.47435"/><rtept lat="39.64208" lon="-123.47311"/><rtept lat="39.64162" lon="-123.47273"/><rtept lat="39.64144" lon="-123.47255"/><rtept lat="39.64078" lon="-123.47174"/><rtept lat="39.64037" lon="-123.47133"/><rtept lat="39.64011" lon="-123.47113"/><rtept lat="39.63973" lon="-123.47087"/><rtept lat="39.63685" lon="-123.46942"/><rtept lat="39.63528" lon="-123.46865"/><rtept lat="39.63408" lon="-123.46803"/><rtept lat="39.63383" lon="-123.46787"/><rtept lat="39.63337" lon="-123.46741"/><rtept lat="39.63322" lon="-123.46723"/><rtept lat="39.63304" lon="-123.46697"/><rtept lat="39.63267" lon="-123.46629"/><rtept lat="39.63175" lon="-123.46444"/><rtept lat="39.63158" lon="-123.46414"/><rtept lat="39.63137" lon="-123.46385"/><rtept lat="39.63115" lon="-123.4636"/><rtept lat="39.6306" lon="-123.46311"/><rtept lat="39.63027" lon="-123.46293"/><rtept lat="39.63" lon="-123.46281"/><rtept lat="39.62856" lon="-123.46234"/><rtept lat="39.62822" lon="-123.46225"/><rtept lat="39.62791" lon="-123.46224"/><rtept lat="39.62772" lon="-123.46226"/><rtept lat="39.6274" lon="-123.46235"/><rtept lat="39.6269" lon="-123.4626"/><rtept lat="39.62497" lon="-123.4638"/><rtept lat="39.62463" lon="-123.46405"/><rtept lat="39.62442" lon="-123.46418"/><rtept lat="39.6239" lon="-123.46448"/><rtept lat="39.62332" lon="-123.46473"/><rtept lat="39.62269" lon="-123.46491"/><rtept lat="39.62236" lon="-123.46497"/><rtept lat="39.62086" lon="-123.46514"/><rtept lat="39.62034" lon="-123.46516"/><rtept lat="39.62007" lon="-123.46512"/><rtept lat="39.61968" lon="-123.46499"/><rtept lat="39.61926" lon="-123.46478"/><rtept lat="39.61897" lon="-123.46457"/><rtept lat="39.61875" lon="-123.46436"/><rtept lat="39.61851" lon="-123.46409"/><rtept lat="39.61819" lon="-123.46365"/><rtept lat="39.61779" lon="-123.46315"/><rtept lat="39.61651" lon="-123.46133"/><rtept lat="39.61527" lon="-123.4597"/><rtept lat="39.61495" lon="-123.45941"/><rtept lat="39.61449" lon="-123.4591"/><rtept lat="39.61439" lon="-123.45904"/><rtept lat="39.6141" lon="-123.45891"/><rtept lat="39.61379" lon="-123.45881"/><rtept lat="39.6134" lon="-123.45874"/><rtept lat="39.61288" lon="-123.45875"/><rtept lat="39.61264" lon="-123.45879"/><rtept lat="39.61143" lon="-123.45906"/><rtept lat="39.61114" lon="-123.4591"/><rtept lat="39.61077" lon="-123.4591"/><rtept lat="39.61056" lon="-123.45906"/><rtept lat="39.61021" lon="-123.45895"/><rtept lat="39.60999" lon="-123.45884"/><rtept lat="39.60966" lon="-123.4586"/><rtept lat="39.60934" lon="-123.45821"/><rtept lat="39.6092" lon="-123.45801"/><rtept lat="39.6089" lon="-123.45767"/><rtept lat="39.60836" lon="-123.45696"/><rtept lat="39.60817" lon="-123.45676"/><rtept lat="39.60774" lon="-123.45645"/><rtept lat="39.60753" lon="-123.45633"/><rtept lat="39.60602" lon="-123.45575"/><rtept lat="39.60526" lon="-123.45543"/><rtept lat="39.60248" lon="-123.45395"/><rtept lat="39.60227" lon="-123.45387"/><rtept lat="39.60192" lon="-123.45378"/><rtept lat="39.60143" lon="-123.45376"/><rtept lat="39.60117" lon="-123.4538"/><rtept lat="39.60089" lon="-123.45387"/><rtept lat="39.60072" lon="-123.45394"/><rtept lat="39.59965" lon="-123.45447"/><rtept lat="39.59942" lon="-123.45455"/><rtept lat="39.59905" lon="-123.45462"/><rtept lat="39.59863" lon="-123.45463"/><rtept lat="39.59836" lon="-123.4546"/><rtept lat="39.59713" lon="-123.45428"/><rtept lat="39.59681" lon="-123.45421"/><rtept lat="39.59629" lon="-123.45416"/><rtept lat="39.59575" lon="-123.45417"/><rtept lat="39.59443" lon="-123.4543"/><rtept lat="39.59414" lon="-123.45429"/><rtept lat="39.59389" lon="-123.45426"/><rtept lat="39.59364" lon="-123.45419"/><rtept lat="39.5934" lon="-123.4541"/><rtept lat="39.59315" lon="-123.45397"/><rtept lat="39.59233" lon="-123.45345"/><rtept lat="39.58966" lon="-123.45182"/><rtept lat="39.58917" lon="-123.45147"/><rtept lat="39.58887" lon="-123.45122"/><rtept lat="39.58847" lon="-123.45078"/><rtept lat="39.5841" lon="-123.44563"/><rtept lat="39.58377" lon="-123.44527"/><rtept lat="39.58328" lon="-123.44488"/><rtept lat="39.58292" lon="-123.44469"/><rtept lat="39.58269" lon="-123.4446"/><rtept lat="39.58129" lon="-123.44423"/><rtept lat="39.58102" lon="-123.44414"/><rtept lat="39.58082" lon="-123.44403"/><rtept lat="39.58063" lon="-123.4439"/><rtept lat="39.58044" lon="-123.44373"/><rtept lat="39.58025" lon="-123.44352"/><rtept lat="39.57989" lon="-123.44294"/><rtept lat="39.57942" lon="-123.44198"/><rtept lat="39.57925" lon="-123.44168"/><rtept lat="39.57904" lon="-123.44138"/><rtept lat="39.57866" lon="-123.44097"/><rtept lat="39.57839" lon="-123.44075"/><rtept lat="39.57795" lon="-123.44045"/><rtept lat="39.57579" lon="-123.43911"/><rtept lat="39.57521" lon="-123.43881"/><rtept lat="39.57478" lon="-123.43866"/><rtept lat="39.57382" lon="-123.4384"/><rtept lat="39.57299" lon="-123.4382"/><rtept lat="39.57267" lon="-123.43808"/><rtept lat="39.57237" lon="-123.43793"/><rtept lat="39.57219" lon="-123.43781"/><rtept lat="39.57179" lon="-123.43743"/><rtept lat="39.57107" lon="-123.43657"/><rtept lat="39.57081" lon="-123.43629"/><rtept lat="39.57056" lon="-123.4361"/><rtept lat="39.57023" lon="-123.4359"/><rtept lat="39.57003" lon="-123.43582"/><rtept lat="39.56854" lon="-123.43543"/><rtept lat="39.56779" lon="-123.43521"/><rtept lat="39.56713" lon="-123.43509"/><rtept lat="39.5666" lon="-123.43503"/><rtept lat="39.56575" lon="-123.43497"/><rtept lat="39.56541" lon="-123.43491"/><rtept lat="39.56519" lon="-123.43485"/><rtept lat="39.56477" lon="-123.43466"/><rtept lat="39.56456" lon="-123.43453"/><rtept lat="39.56397" lon="-123.4341"/><rtept lat="39.56356" lon="-123.43378"/><rtept lat="39.56329" lon="-123.43361"/><rtept lat="39.56288" lon="-123.43339"/><rtept lat="39.56257" lon="-123.43326"/><rtept lat="39.56229" lon="-123.43319"/><rtept lat="39.56117" lon="-123.433"/><rtept lat="39.56018" lon="-123.43289"/><rtept lat="39.55939" lon="-123.43285"/><rtept lat="39.55838" lon="-123.43287"/><rtept lat="39.55812" lon="-123.43284"/><rtept lat="39.55794" lon="-123.4328"/><rtept lat="39.55764" lon="-123.43268"/><rtept lat="39.55744" lon="-123.43257"/><rtept lat="39.55726" lon="-123.43243"/><rtept lat="39.55689" lon="-123.43208"/><rtept lat="39.55515" lon="-123.43025"/><rtept lat="39.55471" lon="-123.42974"/><rtept lat="39.55415" lon="-123.42903"/><rtept lat="39.55165" lon="-123.42578"/><rtept lat="39.55147" lon="-123.42556"/><rtept lat="39.55126" lon="-123.42535"/><rtept lat="39.55105" lon="-123.42518"/><rtept lat="39.55066" lon="-123.42495"/><rtept lat="39.55027" lon="-123.4248"/><rtept lat="39.54993" lon="-123.42474"/><rtept lat="39.54951" lon="-123.42473"/><rtept lat="39.54927" lon="-123.42475"/><rtept lat="39.54867" lon="-123.42487"/><rtept lat="39.54808" lon="-123.42494"/><rtept lat="39.54763" lon="-123.42491"/><rtept lat="39.54731" lon="-123.42485"/><rtept lat="39.54497" lon="-123.42419"/><rtept lat="39.54459" lon="-123.424"/><rtept lat="39.54418" lon="-123.42367"/><rtept lat="39.54297" lon="-123.42213"/><rtept lat="39.54269" lon="-123.4217"/><rtept lat="39.54251" lon="-123.42139"/><rtept lat="39.5422" lon="-123.42077"/><rtept lat="39.54169" lon="-123.41966"/><rtept lat="39.54147" lon="-123.41925"/><rtept lat="39.54122" lon="-123.4189"/><rtept lat="39.54104" lon="-123.41868"/><rtept lat="39.54075" lon="-123.41839"/><rtept lat="39.54042" lon="-123.41814"/><rtept lat="39.54018" lon="-123.41799"/><rtept lat="39.53992" lon="-123.41786"/><rtept lat="39.53956" lon="-123.41771"/><rtept lat="39.53911" lon="-123.41762"/><rtept lat="39.53827" lon="-123.41753"/><rtept lat="39.53777" lon="-123.41744"/><rtept lat="39.53751" lon="-123.41735"/><rtept lat="39.53715" lon="-123.41715"/><rtept lat="39.53688" lon="-123.41693"/><rtept lat="39.53668" lon="-123.41673"/><rtept lat="39.53651" lon="-123.41651"/><rtept lat="39.53589" lon="-123.41553"/><rtept lat="39.53512" lon="-123.41427"/><rtept lat="39.53485" lon="-123.41369"/><rtept lat="39.53474" lon="-123.41338"/><rtept lat="39.53465" lon="-123.41306"/><rtept lat="39.5346" lon="-123.41279"/><rtept lat="39.53454" lon="-123.41216"/><rtept lat="39.53455" lon="-123.41175"/><rtept lat="39.5346" lon="-123.41136"/><rtept lat="39.53469" lon="-123.411"/><rtept lat="39.53478" lon="-123.41073"/><rtept lat="39.53492" lon="-123.41039"/><rtept lat="39.53505" lon="-123.41014"/><rtept lat="39.53573" lon="-123.40906"/><rtept lat="39.53586" lon="-123.40882"/><rtept lat="39.53599" lon="-123.40852"/><rtept lat="39.53607" lon="-123.40826"/><rtept lat="39.53618" lon="-123.40771"/><rtept lat="39.53621" lon="-123.40735"/><rtept lat="39.5362" lon="-123.40703"/><rtept lat="39.53616" lon="-123.40668"/><rtept lat="39.5361" lon="-123.40637"/><rtept lat="39.536" lon="-123.40602"/><rtept lat="39.53587" lon="-123.40571"/><rtept lat="39.53571" lon="-123.40542"/><rtept lat="39.53548" lon="-123.4051"/><rtept lat="39.53518" lon="-123.4048"/><rtept lat="39.53486" lon="-123.40458"/><rtept lat="39.53466" lon="-123.40447"/><rtept lat="39.53438" lon="-123.40437"/><rtept lat="39.53414" lon="-123.40432"/><rtept lat="39.53394" lon="-123.40431"/><rtept lat="39.5336" lon="-123.40434"/><rtept lat="39.53224" lon="-123.4046"/><rtept lat="39.53191" lon="-123.40463"/><rtept lat="39.53168" lon="-123.40463"/><rtept lat="39.53121" lon="-123.40457"/><rtept lat="39.53093" lon="-123.40449"/><rtept lat="39.53043" lon="-123.40428"/><rtept lat="39.52999" lon="-123.40402"/><rtept lat="39.5289" lon="-123.40323"/><rtept lat="39.52859" lon="-123.40298"/><rtept lat="39.52824" lon="-123.40259"/><rtept lat="39.52765" lon="-123.40185"/><rtept lat="39.52728" lon="-123.40143"/><rtept lat="39.52706" lon="-123.40122"/><rtept lat="39.52402" lon="-123.39865"/><rtept lat="39.52372" lon="-123.39837"/><rtept lat="39.52353" lon="-123.39815"/><rtept lat="39.52332" lon="-123.39784"/><rtept lat="39.52315" lon="-123.39748"/><rtept lat="39.52302" lon="-123.39714"/><rtept lat="39.52294" lon="-123.39683"/><rtept lat="39.52289" lon="-123.39652"/><rtept lat="39.52279" lon="-123.39553"/><rtept lat="39.52268" lon="-123.39473"/><rtept lat="39.52262" lon="-123.3945"/><rtept lat="39.5225" lon="-123.39422"/><rtept lat="39.52224" lon="-123.39375"/><rtept lat="39.52208" lon="-123.39352"/><rtept lat="39.52191" lon="-123.39334"/><rtept lat="39.52151" lon="-123.39303"/><rtept lat="39.52115" lon="-123.39283"/><rtept lat="39.51707" lon="-123.39098"/><rtept lat="39.51595" lon="-123.3905"/><rtept lat="39.51547" lon="-123.39026"/><rtept lat="39.51498" lon="-123.38993"/><rtept lat="39.51473" lon="-123.38971"/><rtept lat="39.51399" lon="-123.38893"/><rtept lat="39.5131" lon="-123.38795"/><rtept lat="39.51263" lon="-123.38747"/><rtept lat="39.51167" lon="-123.38664"/><rtept lat="39.50995" lon="-123.38533"/><rtept lat="39.50955" lon="-123.3849"/><rtept lat="39.5091" lon="-123.38433"/><rtept lat="39.50783" lon="-123.38254"/><rtept lat="39.50747" lon="-123.38207"/><rtept lat="39.50677" lon="-123.38131"/><rtept lat="39.50624" lon="-123.3808"/><rtept lat="39.50604" lon="-123.38064"/><rtept lat="39.50563" lon="-123.38038"/><rtept lat="39.50462" lon="-123.37979"/><rtept lat="39.50385" lon="-123.37928"/><rtept lat="39.50273" lon="-123.3784"/><rtept lat="39.50198" lon="-123.37766"/><rtept lat="39.50116" lon="-123.37675"/><rtept lat="39.50082" lon="-123.37627"/><rtept lat="39.50055" lon="-123.37588"/><rtept lat="39.49987" lon="-123.37476"/><rtept lat="39.49946" lon="-123.37403"/><rtept lat="39.49913" lon="-123.37334"/><rtept lat="39.49884" lon="-123.37268"/><rtept lat="39.49835" lon="-123.37166"/><rtept lat="39.49818" lon="-123.37126"/><rtept lat="39.49764" lon="-123.36979"/><rtept lat="39.4975" lon="-123.36948"/><rtept lat="39.49734" lon="-123.36919"/><rtept lat="39.49706" lon="-123.36877"/><rtept lat="39.4965" lon="-123.368"/><rtept lat="39.49551" lon="-123.36671"/><rtept lat="39.49489" lon="-123.36594"/><rtept lat="39.49432" lon="-123.36531"/><rtept lat="39.49383" lon="-123.36481"/><rtept lat="39.49326" lon="-123.36431"/><rtept lat="39.49285" lon="-123.36398"/><rtept lat="39.49237" lon="-123.36366"/><rtept lat="39.49177" lon="-123.3634"/><rtept lat="39.49116" lon="-123.36321"/><rtept lat="39.48995" lon="-123.36289"/><rtept lat="39.48967" lon="-123.36277"/><rtept lat="39.48942" lon="-123.36264"/><rtept lat="39.48906" lon="-123.36241"/><rtept lat="39.48837" lon="-123.36189"/><rtept lat="39.48809" lon="-123.3617"/><rtept lat="39.48758" lon="-123.36139"/><rtept lat="39.48664" lon="-123.36087"/><rtept lat="39.48621" lon="-123.36065"/><rtept lat="39.4859" lon="-123.36056"/><rtept lat="39.48557" lon="-123.3605"/><rtept lat="39.48528" lon="-123.36051"/><rtept lat="39.48502" lon="-123.36054"/><rtept lat="39.48469" lon="-123.36063"/><rtept lat="39.48317" lon="-123.36124"/><rtept lat="39.47783" lon="-123.36348"/><rtept lat="39.47741" lon="-123.36361"/><rtept lat="39.477" lon="-123.36369"/><rtept lat="39.47671" lon="-123.36372"/><rtept lat="39.47647" lon="-123.36371"/><rtept lat="39.47597" lon="-123.36362"/><rtept lat="39.47527" lon="-123.36343"/><rtept lat="39.47495" lon="-123.36338"/><rtept lat="39.47441" lon="-123.36336"/><rtept lat="39.47418" lon="-123.36339"/><rtept lat="39.47378" lon="-123.36349"/><rtept lat="39.47353" lon="-123.36352"/><rtept lat="39.47318" lon="-123.36353"/><rtept lat="39.47285" lon="-123.36349"/><rtept lat="39.4725" lon="-123.36341"/><rtept lat="39.47231" lon="-123.36334"/><rtept lat="39.47182" lon="-123.36304"/><rtept lat="39.47142" lon="-123.36266"/><rtept lat="39.47104" lon="-123.36215"/><rtept lat="39.47089" lon="-123.36185"/><rtept lat="39.47071" lon="-123.36136"/><rtept lat="39.47062" lon="-123.36105"/><rtept lat="39.47026" lon="-123.35949"/><rtept lat="39.47007" lon="-123.35888"/><rtept lat="39.46928" lon="-123.35646"/><rtept lat="39.46908" lon="-123.35598"/><rtept lat="39.46894" lon="-123.35573"/><rtept lat="39.46877" lon="-123.35547"/><rtept lat="39.4683" lon="-123.35495"/><rtept lat="39.46806" lon="-123.35475"/><rtept lat="39.46785" lon="-123.35461"/><rtept lat="39.46721" lon="-123.35428"/><rtept lat="39.46704" lon="-123.35417"/><rtept lat="39.46665" lon="-123.35382"/><rtept lat="39.46634" lon="-123.35338"/><rtept lat="39.46619" lon="-123.35311"/><rtept lat="39.4657" lon="-123.35209"/><rtept lat="39.46556" lon="-123.35185"/><rtept lat="39.46537" lon="-123.35159"/><rtept lat="39.46514" lon="-123.35134"/><rtept lat="39.46489" lon="-123.35111"/><rtept lat="39.46461" lon="-123.35092"/><rtept lat="39.46435" lon="-123.35077"/><rtept lat="39.46413" lon="-123.35069"/><rtept lat="39.46071" lon="-123.34976"/><rtept lat="39.45966" lon="-123.34944"/><rtept lat="39.45689" lon="-123.34867"/><rtept lat="39.45624" lon="-123.34851"/><rtept lat="39.45111" lon="-123.34798"/><rtept lat="39.45075" lon="-123.34798"/><rtept lat="39.45029" lon="-123.34804"/><rtept lat="39.44988" lon="-123.34814"/><rtept lat="39.4495" lon="-123.34829"/><rtept lat="39.44915" lon="-123.34848"/><rtept lat="39.44884" lon="-123.3487"/><rtept lat="39.44509" lon="-123.35184"/><rtept lat="39.44214" lon="-123.35438"/><rtept lat="39.4418" lon="-123.35464"/><rtept lat="39.44141" lon="-123.35491"/><rtept lat="39.4401" lon="-123.35572"/><rtept lat="39.43991" lon="-123.35582"/><rtept lat="39.43918" lon="-123.35613"/><rtept lat="39.43687" lon="-123.35703"/><rtept lat="39.436" lon="-123.35728"/><rtept lat="39.4351" lon="-123.35746"/><rtept lat="39.43427" lon="-123.35751"/><rtept lat="39.43351" lon="-123.35749"/><rtept lat="39.43274" lon="-123.35741"/><rtept lat="39.43248" lon="-123.35737"/><rtept lat="39.43184" lon="-123.35722"/><rtept lat="39.43141" lon="-123.35717"/><rtept lat="39.43095" lon="-123.35706"/><rtept lat="39.42865" lon="-123.3564"/><rtept lat="39.42833" lon="-123.35624"/><rtept lat="39.42793" lon="-123.35595"/><rtept lat="39.42787" lon="-123.35588"/><rtept lat="39.42708" lon="-123.35686"/><rtept lat="39.42689" lon="-123.35657"/><rtept lat="39.42622" lon="-123.35569"/><rtept lat="39.42583" lon="-123.35526"/><rtept lat="39.42488" lon="-123.35427"/><rtept lat="39.42469" lon="-123.35409"/><rtept lat="39.42448" lon="-123.35395"/><rtept lat="39.4241" lon="-123.35377"/><rtept lat="39.4239" lon="-123.35372"/><rtept lat="39.42359" lon="-123.35367"/><rtept lat="39.42336" lon="-123.35368"/><rtept lat="39.42315" lon="-123.35371"/><rtept lat="39.42292" lon="-123.35378"/><rtept lat="39.42272" lon="-123.35387"/><rtept lat="39.42252" lon="-123.35399"/><rtept lat="39.42183" lon="-123.35453"/><rtept lat="39.4215" lon="-123.35475"/><rtept lat="39.42124" lon="-123.35486"/><rtept lat="39.42098" lon="-123.35491"/><rtept lat="39.42058" lon="-123.35492"/><rtept lat="39.42025" lon="-123.3549"/><rtept lat="39.41684" lon="-123.35465"/><rtept lat="39.41409" lon="-123.35454"/><rtept lat="39.41242" lon="-123.35453"/><rtept lat="39.41085" lon="-123.35449"/><rtept lat="39.41064" lon="-123.35445"/><rtept lat="39.41042" lon="-123.35438"/><rtept lat="39.40981" lon="-123.35412"/><rtept lat="39.40933" lon="-123.35378"/><rtept lat="39.40857" lon="-123.35316"/><rtept lat="39.40811" lon="-123.35281"/><rtept lat="39.40722" lon="-123.35231"/><rtept lat="39.407" lon="-123.35221"/><rtept lat="39.4067" lon="-123.35217"/><rtept lat="39.40658" lon="-123.35219"/><rtept lat="39.40612" lon="-123.35239"/><rtept lat="39.40596" lon="-123.35242"/><rtept lat="39.40576" lon="-123.35243"/><rtept lat="39.40557" lon="-123.35241"/><rtept lat="39.40534" lon="-123.35235"/><rtept lat="39.40501" lon="-123.35223"/><rtept lat="39.40453" lon="-123.35195"/><rtept lat="39.40413" lon="-123.35169"/><rtept lat="39.40413" lon="-123.35076"/></rte></gpx>