<?xml version="1.0" encoding="utf-8"?><gpx creator="Garmin Desktop App" version="1.1" xsi:schemaLocation="http://www.topografix.com/GPX/1/1 http://www.topografix.com/GPX/1/1/gpx.xsd http://www.garmin.com/xmlschemas/WaypointExtension/v1 http://www8.garmin.com/xmlschemas/WaypointExtensionv1.xsd http://www.garmin.com/xmlschemas/TrackPointExtension/v1 http://www.garmin.com/xmlschemas/TrackPointExtensionv1.xsd http://www.garmin.com/xmlschemas/GpxExtensions/v3 http://www8.garmin.com/xmlschemas/GpxExtensionsv3.xsd http://www.garmin.com/xmlschemas/ActivityExtension/v1 http://www8.garmin.com/xmlschemas/ActivityExtensionv1.xsd http://www.garmin.com/xmlschemas/AdventuresExtensions/v1 http://www8.garmin.com/xmlschemas/AdventuresExtensionv1.xsd http://www.garmin.com/xmlschemas/PressureExtension/v1 http://www.garmin.com/xmlschemas/PressureExtensionv1.xsd http://www.garmin.com/xmlschemas/TripExtensions/v1 http://www.garmin.com/xmlschemas/TripExtensionsv1.xsd http://www.garmin.com/xmlschemas/TripMetaDataExtensions/v1 http://www.garmin.com/xmlschemas/TripMetaDataExtensionsv1.xsd http://www.garmin.com/xmlschemas/ViaPointTransportationModeExtensions/v1 http://www.garmin.com/xmlschemas/ViaPointTransportationModeExtensionsv1.xsd http://www.garmin.com/xmlschemas/CreationTimeExtension/v1 http://www.garmin.com/xmlschemas/CreationTimeExtensionsv1.xsd http://www.garmin.com/xmlschemas/AccelerationExtension/v1 http://www.garmin.com/xmlschemas/AccelerationExtensionv1.xsd http://www.garmin.com/xmlschemas/PowerExtension/v1 http://www.garmin.com/xmlschemas/PowerExtensionv1.xsd http://www.garmin.com/xmlschemas/VideoExtension/v1 http://www.garmin.com/xmlschemas/VideoExtensionv1.xsd" xmlns="http://www.topografix.com/GPX/1/1" xmlns:xsi="http://www.w3.org/2001/XMLSchema-instance" xmlns:wptx1="http://www.garmin.com/xmlschemas/WaypointExtension/v1" xmlns:gpxtrx="http://www.garmin.com/xmlschemas/GpxExtensions/v3" xmlns:gpxtpx="http://www.garmin.com/xmlschemas/TrackPointExtension/v1" xmlns:gpxx="http://www.garmin.com/xmlschemas/GpxExtensions/v3" xmlns:trp="http://www.garmin.com/xmlschemas/TripExtensions/v1" xmlns:adv="http://www.garmin.com/xmlschemas/AdventuresExtensions/v1" xmlns:prs="http://www.garmin.com/xmlschemas/PressureExtension/v1" xmlns:tmd="http://www.garmin.com/xmlschemas/TripMetaDataExtensions/v1" xmlns:vptm="http://www.garmin.com/xmlschemas/ViaPointTransportationModeExtensions/v1" xmlns:ctx="http://www.garmin.com/xmlschemas/CreationTimeExtension/v1" xmlns:gpxacc="http://www.garmin.com/xmlschemas/AccelerationExtension/v1" xmlns:gpxpx="http://www.garmin.com/xmlschemas/PowerExtension/v1" xmlns:vidx1="http://www.garmin.com/xmlschemas/VideoExtension/v1">

  <metadata>
    <link href="http://www.garmin.com">
      <text>Garmin International</text>
    </link>
    <time>2026-09-23T04:00:10Z</time>
    <bounds maxlat="38.694055359810591" maxlon="-119.00667428970337" minlat="38.024076595902443" minlon="-120.53599284030497" />
  </metadata>

  <trk>
    <name>NorCalBDR2024</name>
    <extensions>
      <gpxx:TrackExtension>
        <gpxx:DisplayColor>Green</gpxx:DisplayColor>
      </gpxx:TrackExtension>
    </extensions>
    <trkseg>
      <trkpt lat="38.074235916137695" lon="-120.53598403930664" />
      <trkpt lat="38.07436466217041" lon="-120.53579092025757" />
      <trkpt lat="38.076016902923584" lon="-120.53336620330811" />
      <trkpt lat="38.077025413513184" lon="-120.53147792816162" />
      <trkpt lat="38.077197074890137" lon="-120.53113460540771" />
      <trkpt lat="38.07786226272583" lon="-120.52980422973633" />
      <trkpt lat="38.078012466430664" lon="-120.52928924560547" />
      <trkpt lat="38.078141212463379" lon="-120.5285382270813" />
      <trkpt lat="38.078184127807617" lon="-120.52821636199951" />
      <trkpt lat="38.078312873840332" lon="-120.5275297164917" />
      <trkpt lat="38.078505992889404" lon="-120.52716493606567" />
      <trkpt lat="38.078784942626953" lon="-120.52699327468872" />
      <trkpt lat="38.079235553741455" lon="-120.52692890167236" />
      <trkpt lat="38.080737590789795" lon="-120.51959037780762" />
      <trkpt lat="38.081016540527344" lon="-120.51841020584106" />
      <trkpt lat="38.081231117248535" lon="-120.51780939102173" />
      <trkpt lat="38.081552982330322" lon="-120.51718711853027" />
      <trkpt lat="38.083441257476807" lon="-120.5144190788269" />
      <trkpt lat="38.087496757507324" lon="-120.50851821899414" />
      <trkpt lat="38.090651035308838" lon="-120.50390481948853" />
      <trkpt lat="38.091402053833008" lon="-120.50276756286621" />
      <trkpt lat="38.091681003570557" lon="-120.50214529037476" />
      <trkpt lat="38.09185266494751" lon="-120.50154447555542" />
      <trkpt lat="38.092153072357178" lon="-120.49999952316284" />
      <trkpt lat="38.092882633209229" lon="-120.49587965011597" />
      <trkpt lat="38.093118667602539" lon="-120.49452781677246" />
      <trkpt lat="38.093440532684326" lon="-120.49261808395386" />
      <trkpt lat="38.093526363372803" lon="-120.49169540405273" />
      <trkpt lat="38.093547821044922" lon="-120.49094438552856" />
      <trkpt lat="38.093397617340088" lon="-120.48500061035156" />
      <trkpt lat="38.09335470199585" lon="-120.48352003097534" />
      <trkpt lat="38.09333324432373" lon="-120.48221111297607" />
      <trkpt lat="38.093311786651611" lon="-120.48171758651733" />
      <trkpt lat="38.093225955963135" lon="-120.48109531402588" />
      <trkpt lat="38.092904090881348" lon="-120.48021554946899" />
      <trkpt lat="38.092324733734131" lon="-120.47931432723999" />
      <trkpt lat="38.091058731079102" lon="-120.47757625579834" />
      <trkpt lat="38.090672492980957" lon="-120.47665357589722" />
      <trkpt lat="38.090543746948242" lon="-120.47609567642212" />
      <trkpt lat="38.090500831604004" lon="-120.47536611557007" />
      <trkpt lat="38.0906081199646" lon="-120.47459363937378" />
      <trkpt lat="38.090887069702148" lon="-120.47384262084961" />
      <trkpt lat="38.091208934783936" lon="-120.47328472137451" />
      <trkpt lat="38.091638088226318" lon="-120.47283411026001" />
      <trkpt lat="38.092024326324463" lon="-120.47253370285034" />
      <trkpt lat="38.092668056488037" lon="-120.47229766845703" />
      <trkpt lat="38.093569278717041" lon="-120.47210454940796" />
      <trkpt lat="38.095157146453857" lon="-120.47171831130981" />
      <trkpt lat="38.096873760223389" lon="-120.47143936157227" />
      <trkpt lat="38.097925186157227" lon="-120.4711389541626" />
      <trkpt lat="38.100607395172119" lon="-120.46983003616333" />
      <trkpt lat="38.101358413696289" lon="-120.46944379806519" />
      <trkpt lat="38.102130889892578" lon="-120.46888589859009" />
      <trkpt lat="38.102731704711914" lon="-120.46834945678711" />
      <trkpt lat="38.104040622711182" lon="-120.46695470809937" />
      <trkpt lat="38.105242252349854" lon="-120.46562433242798" />
      <trkpt lat="38.106358051300049" lon="-120.46437978744507" />
      <trkpt lat="38.108117580413818" lon="-120.46219110488892" />
      <trkpt lat="38.10957670211792" lon="-120.46045303344727" />
      <trkpt lat="38.110949993133545" lon="-120.45875787734985" />
      <trkpt lat="38.111808300018311" lon="-120.45772790908813" />
      <trkpt lat="38.113996982574463" lon="-120.45504570007324" />
      <trkpt lat="38.114683628082275" lon="-120.45427322387695" />
      <trkpt lat="38.115284442901611" lon="-120.45371532440186" />
      <trkpt lat="38.115756511688232" lon="-120.45337200164795" />
      <trkpt lat="38.116250038146973" lon="-120.45305013656616" />
      <trkpt lat="38.117880821228027" lon="-120.45232057571411" />
      <trkpt lat="38.120369911193848" lon="-120.45133352279663" />
      <trkpt lat="38.121485710144043" lon="-120.45083999633789" />
      <trkpt lat="38.122601509094238" lon="-120.45036792755127" />
      <trkpt lat="38.122901916503906" lon="-120.45026063919067" />
      <trkpt lat="38.123824596405029" lon="-120.45013189315796" />
      <trkpt lat="38.12455415725708" lon="-120.45021772384644" />
      <trkpt lat="38.125004768371582" lon="-120.45034646987915" />
      <trkpt lat="38.125970363616943" lon="-120.45088291168213" />
      <trkpt lat="38.126592636108398" lon="-120.45144081115723" />
      <trkpt lat="38.127450942993164" lon="-120.45221328735352" />
      <trkpt lat="38.127815723419189" lon="-120.4525351524353" />
      <trkpt lat="38.128631114959717" lon="-120.453200340271" />
      <trkpt lat="38.129360675811768" lon="-120.45362949371338" />
      <trkpt lat="38.130154609680176" lon="-120.45401573181152" />
      <trkpt lat="38.130927085876465" lon="-120.45429468154907" />
      <trkpt lat="38.131356239318848" lon="-120.45444488525391" />
      <trkpt lat="38.131699562072754" lon="-120.45457363128662" />
      <trkpt lat="38.131721019744873" lon="-120.45459508895874" />
      <trkpt lat="38.132257461547852" lon="-120.45480966567993" />
      <trkpt lat="38.132472038269043" lon="-120.45489549636841" />
      <trkpt lat="38.133115768432617" lon="-120.45513153076172" />
      <trkpt lat="38.133759498596191" lon="-120.45538902282715" />
      <trkpt lat="38.134102821350098" lon="-120.45551776885986" />
      <trkpt lat="38.135111331939697" lon="-120.45598983764648" />
      <trkpt lat="38.135325908660889" lon="-120.45609712600708" />
      <trkpt lat="38.13554048538208" lon="-120.45618295669556" />
      <trkpt lat="38.135690689086914" lon="-120.45626878738403" />
      <trkpt lat="38.136098384857178" lon="-120.45646190643311" />
      <trkpt lat="38.136463165283203" lon="-120.45659065246582" />
      <trkpt lat="38.136956691741943" lon="-120.45674085617065" />
      <trkpt lat="38.137664794921875" lon="-120.45674085617065" />
      <trkpt lat="38.138329982757568" lon="-120.4565691947937" />
      <trkpt lat="38.139081001281738" lon="-120.45609712600708" />
      <trkpt lat="38.139638900756836" lon="-120.4555606842041" />
      <trkpt lat="38.139810562133789" lon="-120.45532464981079" />
      <trkpt lat="38.141076564788818" lon="-120.45337200164795" />
      <trkpt lat="38.14129114151001" lon="-120.45313596725464" />
      <trkpt lat="38.141977787017822" lon="-120.45236349105835" />
      <trkpt lat="38.142857551574707" lon="-120.45156955718994" />
      <trkpt lat="38.14403772354126" lon="-120.45056104660034" />
      <trkpt lat="38.144359588623047" lon="-120.45032501220703" />
      <trkpt lat="38.144831657409668" lon="-120.45000314712524" />
      <trkpt lat="38.145947456359863" lon="-120.44931650161743" />
      <trkpt lat="38.146333694458008" lon="-120.44884443283081" />
      <trkpt lat="38.14652681350708" lon="-120.44845819473267" />
      <trkpt lat="38.146612644195557" lon="-120.44826507568359" />
      <trkpt lat="38.146805763244629" lon="-120.44792175292969" />
      <trkpt lat="38.147234916687012" lon="-120.44738531112671" />
      <trkpt lat="38.147921562194824" lon="-120.4465913772583" />
      <trkpt lat="38.148844242095947" lon="-120.44594764709473" />
      <trkpt lat="38.14953088760376" lon="-120.44493913650513" />
      <trkpt lat="38.150217533111572" lon="-120.44435977935791" />
      <trkpt lat="38.150432109832764" lon="-120.44405937194824" />
      <trkpt lat="38.150646686553955" lon="-120.44348001480103" />
      <trkpt lat="38.15077543258667" lon="-120.44225692749023" />
      <trkpt lat="38.151097297668457" lon="-120.44148445129395" />
      <trkpt lat="38.151226043701172" lon="-120.44124841690063" />
      <trkpt lat="38.15152645111084" lon="-120.44090509414673" />
      <trkpt lat="38.152406215667725" lon="-120.4401969909668" />
      <trkpt lat="38.152577877044678" lon="-120.44006824493408" />
      <trkpt lat="38.152749538421631" lon="-120.43989658355713" />
      <trkpt lat="38.153049945831299" lon="-120.43955326080322" />
      <trkpt lat="38.153607845306396" lon="-120.43878078460693" />
      <trkpt lat="38.153929710388184" lon="-120.43845891952515" />
      <trkpt lat="38.154380321502686" lon="-120.43835163116455" />
      <trkpt lat="38.155367374420166" lon="-120.43830871582031" />
      <trkpt lat="38.155667781829834" lon="-120.43820142745972" />
      <trkpt lat="38.155925273895264" lon="-120.438072681427" />
      <trkpt lat="38.156397342681885" lon="-120.43747186660767" />
      <trkpt lat="38.156590461730957" lon="-120.43732166290283" />
      <trkpt lat="38.157684803009033" lon="-120.43697834014893" />
      <trkpt lat="38.158435821533203" lon="-120.43678522109985" />
      <trkpt lat="38.15950870513916" lon="-120.43674230575562" />
      <trkpt lat="38.160431385040283" lon="-120.43657064437866" />
      <trkpt lat="38.160710334777832" lon="-120.43657064437866" />
      <trkpt lat="38.162169456481934" lon="-120.43693542480469" />
      <trkpt lat="38.16274881362915" lon="-120.43682813644409" />
      <trkpt lat="38.163070678710938" lon="-120.43667793273926" />
      <trkpt lat="38.163371086120605" lon="-120.43644189834595" />
      <trkpt lat="38.163907527923584" lon="-120.43579816818237" />
      <trkpt lat="38.164057731628418" lon="-120.43532609939575" />
      <trkpt lat="38.164165019989014" lon="-120.43431758880615" />
      <trkpt lat="38.16476583480835" lon="-120.43270826339722" />
      <trkpt lat="38.164851665496826" lon="-120.43247222900391" />
      <trkpt lat="38.165130615234375" lon="-120.43163537979126" />
      <trkpt lat="38.165237903594971" lon="-120.43120622634888" />
      <trkpt lat="38.16525936126709" lon="-120.43081998825073" />
      <trkpt lat="38.165173530578613" lon="-120.43030500411987" />
      <trkpt lat="38.164916038513184" lon="-120.42940378189087" />
      <trkpt lat="38.164830207824707" lon="-120.42880296707153" />
      <trkpt lat="38.164873123168945" lon="-120.42805194854736" />
      <trkpt lat="38.165044784545898" lon="-120.42704343795776" />
      <trkpt lat="38.165044784545898" lon="-120.42599201202393" />
      <trkpt lat="38.164958953857422" lon="-120.42356729507446" />
      <trkpt lat="38.165173530578613" lon="-120.42219400405884" />
      <trkpt lat="38.165538311004639" lon="-120.42088508605957" />
      <trkpt lat="38.166911602020264" lon="-120.41689395904541" />
      <trkpt lat="38.167018890380859" lon="-120.41663646697998" />
      <trkpt lat="38.16749095916748" lon="-120.41577816009521" />
      <trkpt lat="38.168027400970459" lon="-120.41502714157104" />
      <trkpt lat="38.168156147003174" lon="-120.41487693786621" />
      <trkpt lat="38.168928623199463" lon="-120.41391134262085" />
      <trkpt lat="38.169550895690918" lon="-120.41279554367065" />
      <trkpt lat="38.16974401473999" lon="-120.41234493255615" />
      <trkpt lat="38.169851303100586" lon="-120.41204452514648" />
      <trkpt lat="38.170537948608398" lon="-120.41017770767212" />
      <trkpt lat="38.170795440673828" lon="-120.40931940078735" />
      <trkpt lat="38.1709885597229" lon="-120.40820360183716" />
      <trkpt lat="38.171117305755615" lon="-120.40710926055908" />
      <trkpt lat="38.171224594116211" lon="-120.40637969970703" />
      <trkpt lat="38.171567916870117" lon="-120.40537118911743" />
      <trkpt lat="38.172190189361572" lon="-120.40419101715088" />
      <trkpt lat="38.172705173492432" lon="-120.40311813354492" />
      <trkpt lat="38.172941207885742" lon="-120.4020881652832" />
      <trkpt lat="38.1730055809021" lon="-120.40131568908691" />
      <trkpt lat="38.1730055809021" lon="-120.40013551712036" />
      <trkpt lat="38.1730055809021" lon="-120.39985656738281" />
      <trkpt lat="38.17298412322998" lon="-120.39775371551514" />
      <trkpt lat="38.173048496246338" lon="-120.39723873138428" />
      <trkpt lat="38.173112869262695" lon="-120.39691686630249" />
      <trkpt lat="38.173370361328125" lon="-120.39633750915527" />
      <trkpt lat="38.174443244934082" lon="-120.39485692977905" />
      <trkpt lat="38.175151348114014" lon="-120.39380550384521" />
      <trkpt lat="38.175666332244873" lon="-120.39279699325562" />
      <trkpt lat="38.176202774047852" lon="-120.39168119430542" />
      <trkpt lat="38.176803588867188" lon="-120.39045810699463" />
      <trkpt lat="38.177168369293213" lon="-120.38925647735596" />
      <trkpt lat="38.177683353424072" lon="-120.3866171836853" />
      <trkpt lat="38.17774772644043" lon="-120.38625240325928" />
      <trkpt lat="38.178305625915527" lon="-120.38346290588379" />
      <trkpt lat="38.178412914276123" lon="-120.38292646408081" />
      <trkpt lat="38.178563117980957" lon="-120.38249731063843" />
      <trkpt lat="38.17873477935791" lon="-120.38217544555664" />
      <trkpt lat="38.178949356079102" lon="-120.38193941116333" />
      <trkpt lat="38.179078102111816" lon="-120.3817892074585" />
      <trkpt lat="38.17948579788208" lon="-120.38155317306519" />
      <trkpt lat="38.181030750274658" lon="-120.38105964660645" />
      <trkpt lat="38.181331157684326" lon="-120.38090944290161" />
      <trkpt lat="38.181674480438232" lon="-120.38060903549194" />
      <trkpt lat="38.181910514831543" lon="-120.38028717041016" />
      <trkpt lat="38.182103633880615" lon="-120.37987947463989" />
      <trkpt lat="38.182597160339355" lon="-120.37842035293579" />
      <trkpt lat="38.182940483093262" lon="-120.37736892700195" />
      <trkpt lat="38.183434009552002" lon="-120.37651062011719" />
      <trkpt lat="38.183498382568359" lon="-120.37644624710083" />
      <trkpt lat="38.183820247650146" lon="-120.37601709365845" />
      <trkpt lat="38.184936046600342" lon="-120.37466526031494" />
      <trkpt lat="38.186094760894775" lon="-120.37322759628296" />
      <trkpt lat="38.186395168304443" lon="-120.37284135818481" />
      <trkpt lat="38.186566829681396" lon="-120.37247657775879" />
      <trkpt lat="38.18673849105835" lon="-120.37176847457886" />
      <trkpt lat="38.18671703338623" lon="-120.37103891372681" />
      <trkpt lat="38.186631202697754" lon="-120.37030935287476" />
      <trkpt lat="38.186631202697754" lon="-120.36970853805542" />
      <trkpt lat="38.186695575714111" lon="-120.3692364692688" />
      <trkpt lat="38.186845779418945" lon="-120.36887168884277" />
      <trkpt lat="38.187038898468018" lon="-120.36861419677734" />
      <trkpt lat="38.187360763549805" lon="-120.36831378936768" />
      <trkpt lat="38.187704086303711" lon="-120.36805629730225" />
      <trkpt lat="38.187832832336426" lon="-120.36797046661377" />
      <trkpt lat="38.188197612762451" lon="-120.36773443222046" />
      <trkpt lat="38.188562393188477" lon="-120.36749839782715" />
      <trkpt lat="38.189957141876221" lon="-120.36651134490967" />
      <trkpt lat="38.191587924957275" lon="-120.36533117294312" />
      <trkpt lat="38.19171667098999" lon="-120.36524534225464" />
      <trkpt lat="38.192381858825684" lon="-120.36477327346802" />
      <trkpt lat="38.193154335021973" lon="-120.36423683166504" />
      <trkpt lat="38.193776607513428" lon="-120.36412954330444" />
      <trkpt lat="38.194334506988525" lon="-120.36425828933716" />
      <trkpt lat="38.194806575775146" lon="-120.36460161209106" />
      <trkpt lat="38.19570779800415" lon="-120.36545991897583" />
      <trkpt lat="38.195943832397461" lon="-120.36561012268066" />
      <trkpt lat="38.196887969970703" lon="-120.36612510681152" />
      <trkpt lat="38.197295665740967" lon="-120.36627531051636" />
      <trkpt lat="38.197681903839111" lon="-120.36625385284424" />
      <trkpt lat="38.198068141937256" lon="-120.3661036491394" />
      <trkpt lat="38.198668956756592" lon="-120.36578178405762" />
      <trkpt lat="38.198926448822021" lon="-120.36571741104126" />
      <trkpt lat="38.199334144592285" lon="-120.36573886871338" />
      <trkpt lat="38.199870586395264" lon="-120.36595344543457" />
      <trkpt lat="38.200278282165527" lon="-120.36633968353271" />
      <trkpt lat="38.201029300689697" lon="-120.36743402481079" />
      <trkpt lat="38.20122241973877" lon="-120.36771297454834" />
      <trkpt lat="38.20171594619751" lon="-120.36848545074463" />
      <trkpt lat="38.202273845672607" lon="-120.36927938461304" />
      <trkpt lat="38.202767372131348" lon="-120.36970853805542" />
      <trkpt lat="38.203067779541016" lon="-120.36983728408813" />
      <trkpt lat="38.203475475311279" lon="-120.36988019943237" />
      <trkpt lat="38.204097747802734" lon="-120.36975145339966" />
      <trkpt lat="38.204290866851807" lon="-120.3696870803833" />
      <trkpt lat="38.204441070556641" lon="-120.36964416503906" />
      <trkpt lat="38.204762935638428" lon="-120.36953687667847" />
      <trkpt lat="38.205320835113525" lon="-120.36934375762939" />
      <trkpt lat="38.205578327178955" lon="-120.36925792694092" />
      <trkpt lat="38.205771446228027" lon="-120.36919355392456" />
      <trkpt lat="38.20594310760498" lon="-120.3691291809082" />
      <trkpt lat="38.206264972686768" lon="-120.36904335021973" />
      <trkpt lat="38.207681179046631" lon="-120.36857128143311" />
      <trkpt lat="38.207809925079346" lon="-120.36854982376099" />
      <trkpt lat="38.208281993865967" lon="-120.36839962005615" />
      <trkpt lat="38.209311962127686" lon="-120.36818504333496" />
      <trkpt lat="38.210299015045166" lon="-120.36835670471191" />
      <trkpt lat="38.210964202880859" lon="-120.36857128143311" />
      <trkpt lat="38.213088512420654" lon="-120.36945104598999" />
      <trkpt lat="38.214075565338135" lon="-120.36988019943237" />
      <trkpt lat="38.215620517730713" lon="-120.37060976028442" />
      <trkpt lat="38.216650485992432" lon="-120.37099599838257" />
      <trkpt lat="38.217294216156006" lon="-120.37110328674316" />
      <trkpt lat="38.218066692352295" lon="-120.37095308303833" />
      <trkpt lat="38.21868896484375" lon="-120.37065267562866" />
      <trkpt lat="38.219783306121826" lon="-120.36970853805542" />
      <trkpt lat="38.220105171203613" lon="-120.36949396133423" />
      <trkpt lat="38.22117805480957" lon="-120.3691291809082" />
      <trkpt lat="38.222486972808838" lon="-120.36897897720337" />
      <trkpt lat="38.223130702972412" lon="-120.36900043487549" />
      <trkpt lat="38.223345279693604" lon="-120.36906480789185" />
      <trkpt lat="38.224461078643799" lon="-120.36951541900635" />
      <trkpt lat="38.224804401397705" lon="-120.36964416503906" />
      <trkpt lat="38.22519063949585" lon="-120.36970853805542" />
      <trkpt lat="38.225533962249756" lon="-120.36966562271118" />
      <trkpt lat="38.225877285003662" lon="-120.36957979202271" />
      <trkpt lat="38.227250576019287" lon="-120.36925792694092" />
      <trkpt lat="38.228881359100342" lon="-120.36885023117065" />
      <trkpt lat="38.230061531066895" lon="-120.36859273910522" />
      <trkpt lat="38.232636451721191" lon="-120.36803483963013" />
      <trkpt lat="38.232765197753906" lon="-120.36799192428589" />
      <trkpt lat="38.23291540145874" lon="-120.36794900894165" />
      <trkpt lat="38.233280181884766" lon="-120.3677773475647" />
      <trkpt lat="38.23340892791748" lon="-120.36764860153198" />
      <trkpt lat="38.233494758605957" lon="-120.36756277084351" />
      <trkpt lat="38.233795166015625" lon="-120.36719799041748" />
      <trkpt lat="38.234353065490723" lon="-120.36629676818848" />
      <trkpt lat="38.234567642211914" lon="-120.36597490310669" />
      <trkpt lat="38.234846591949463" lon="-120.36563158035278" />
      <trkpt lat="38.235082626342773" lon="-120.36539554595947" />
      <trkpt lat="38.235447406768799" lon="-120.36513805389404" />
      <trkpt lat="38.235898017883301" lon="-120.36496639251709" />
      <trkpt lat="38.236756324768066" lon="-120.36462306976318" />
      <trkpt lat="38.23716402053833" lon="-120.36432266235352" />
      <trkpt lat="38.238344192504883" lon="-120.36324977874756" />
      <trkpt lat="38.238558769226074" lon="-120.36307811737061" />
      <trkpt lat="38.239095211029053" lon="-120.36275625228882" />
      <trkpt lat="38.239438533782959" lon="-120.3626275062561" />
      <trkpt lat="38.240768909454346" lon="-120.36198377609253" />
      <trkpt lat="38.240940570831299" lon="-120.36187648773193" />
      <trkpt lat="38.242056369781494" lon="-120.36134004592896" />
      <trkpt lat="38.24216365814209" lon="-120.36129713058472" />
      <trkpt lat="38.242442607879639" lon="-120.36114692687988" />
      <trkpt lat="38.243279457092285" lon="-120.36080360412598" />
      <trkpt lat="38.24366569519043" lon="-120.36069631576538" />
      <trkpt lat="38.246133327484131" lon="-120.36003112792969" />
      <trkpt lat="38.246283531188965" lon="-120.35998821258545" />
      <trkpt lat="38.248364925384521" lon="-120.35936594009399" />
      <trkpt lat="38.249266147613525" lon="-120.35902261734009" />
      <trkpt lat="38.250360488891602" lon="-120.35831451416016" />
      <trkpt lat="38.250961303710938" lon="-120.35775661468506" />
      <trkpt lat="38.25265645980835" lon="-120.35573959350586" />
      <trkpt lat="38.252763748168945" lon="-120.35558938980103" />
      <trkpt lat="38.252978324890137" lon="-120.35528898239136" />
      <trkpt lat="38.253085613250732" lon="-120.3551173210144" />
      <trkpt lat="38.253343105316162" lon="-120.35479545593262" />
      <trkpt lat="38.25390100479126" lon="-120.35413026809692" />
      <trkpt lat="38.254115581512451" lon="-120.35385131835937" />
      <trkpt lat="38.254630565643311" lon="-120.35316467285156" />
      <trkpt lat="38.254930973052979" lon="-120.35254240036011" />
      <trkpt lat="38.2554030418396" lon="-120.3512978553772" />
      <trkpt lat="38.256046772003174" lon="-120.34977436065674" />
      <trkpt lat="38.256261348724365" lon="-120.34921646118164" />
      <trkpt lat="38.25639009475708" lon="-120.34852981567383" />
      <trkpt lat="38.256540298461914" lon="-120.34780025482178" />
      <trkpt lat="38.256626129150391" lon="-120.34739255905151" />
      <trkpt lat="38.256711959838867" lon="-120.34689903259277" />
      <trkpt lat="38.257119655609131" lon="-120.3446888923645" />
      <trkpt lat="38.25714111328125" lon="-120.34453868865967" />
      <trkpt lat="38.257355690002441" lon="-120.34370183944702" />
      <trkpt lat="38.257677555084229" lon="-120.34303665161133" />
      <trkpt lat="38.258020877838135" lon="-120.34245729446411" />
      <trkpt lat="38.258514404296875" lon="-120.34181356430054" />
      <trkpt lat="38.260231018066406" lon="-120.33953905105591" />
      <trkpt lat="38.260660171508789" lon="-120.33895969390869" />
      <trkpt lat="38.261818885803223" lon="-120.33747911453247" />
      <trkpt lat="38.262226581573486" lon="-120.33702850341797" />
      <trkpt lat="38.262827396392822" lon="-120.33655643463135" />
      <trkpt lat="38.263707160949707" lon="-120.33591270446777" />
      <trkpt lat="38.264050483703613" lon="-120.33556938171387" />
      <trkpt lat="38.264350891113281" lon="-120.33507585525513" />
      <trkpt lat="38.264758586883545" lon="-120.33421754837036" />
      <trkpt lat="38.265016078948975" lon="-120.33365964889526" />
      <trkpt lat="38.265488147735596" lon="-120.33290863037109" />
      <trkpt lat="38.266003131866455" lon="-120.33232927322388" />
      <trkpt lat="38.266646862030029" lon="-120.33190011978149" />
      <trkpt lat="38.266968727111816" lon="-120.33177137374878" />
      <trkpt lat="38.267183303833008" lon="-120.33170700073242" />
      <trkpt lat="38.267612457275391" lon="-120.33157825469971" />
      <trkpt lat="38.267848491668701" lon="-120.33138513565063" />
      <trkpt lat="38.268041610717773" lon="-120.33106327056885" />
      <trkpt lat="38.268299102783203" lon="-120.33026933670044" />
      <trkpt lat="38.268535137176514" lon="-120.32999038696289" />
      <trkpt lat="38.268857002258301" lon="-120.32964706420898" />
      <trkpt lat="38.268964290618896" lon="-120.32926082611084" />
      <trkpt lat="38.269007205963135" lon="-120.32868146896362" />
      <trkpt lat="38.26911449432373" lon="-120.32805919647217" />
      <trkpt lat="38.269071578979492" lon="-120.32773733139038" />
      <trkpt lat="38.268985748291016" lon="-120.32745838165283" />
      <trkpt lat="38.268556594848633" lon="-120.32651424407959" />
      <trkpt lat="38.268492221832275" lon="-120.32606363296509" />
      <trkpt lat="38.26862096786499" lon="-120.32567739486694" />
      <trkpt lat="38.268985748291016" lon="-120.32533407211304" />
      <trkpt lat="38.269178867340088" lon="-120.32509803771973" />
      <trkpt lat="38.269243240356445" lon="-120.32486200332642" />
      <trkpt lat="38.269221782684326" lon="-120.32396078109741" />
      <trkpt lat="38.269329071044922" lon="-120.32351016998291" />
      <trkpt lat="38.269672393798828" lon="-120.32273769378662" />
      <trkpt lat="38.269929885864258" lon="-120.32254457473755" />
      <trkpt lat="38.270251750946045" lon="-120.32245874404907" />
      <trkpt lat="38.270444869995117" lon="-120.3223729133606" />
      <trkpt lat="38.271024227142334" lon="-120.32145023345947" />
      <trkpt lat="38.271946907043457" lon="-120.3206992149353" />
      <trkpt lat="38.271968364715576" lon="-120.32067775726318" />
      <trkpt lat="38.272333145141602" lon="-120.3203558921814" />
      <trkpt lat="38.27261209487915" lon="-120.32014131546021" />
      <trkpt lat="38.273084163665771" lon="-120.31984090805054" />
      <trkpt lat="38.273406028747559" lon="-120.3193473815918" />
      <trkpt lat="38.273491859436035" lon="-120.31906843185425" />
      <trkpt lat="38.273534774780273" lon="-120.31874656677246" />
      <trkpt lat="38.273663520812988" lon="-120.31799554824829" />
      <trkpt lat="38.273899555206299" lon="-120.31739473342896" />
      <trkpt lat="38.274157047271729" lon="-120.31685829162598" />
      <trkpt lat="38.274221420288086" lon="-120.31655788421631" />
      <trkpt lat="38.274157047271729" lon="-120.3158712387085" />
      <trkpt lat="38.274414539337158" lon="-120.31447649002075" />
      <trkpt lat="38.274521827697754" lon="-120.31321048736572" />
      <trkpt lat="38.274500370025635" lon="-120.31188011169434" />
      <trkpt lat="38.27462911605835" lon="-120.31112909317017" />
      <trkpt lat="38.274843692779541" lon="-120.31054973602295" />
      <trkpt lat="38.275144100189209" lon="-120.31018495559692" />
      <trkpt lat="38.275680541992187" lon="-120.30979871749878" />
      <trkpt lat="38.27610969543457" lon="-120.30966997146606" />
      <trkpt lat="38.276603221893311" lon="-120.30969142913818" />
      <trkpt lat="38.277289867401123" lon="-120.30997037887573" />
      <trkpt lat="38.277440071105957" lon="-120.31007766723633" />
      <trkpt lat="38.27810525894165" lon="-120.31050682067871" />
      <trkpt lat="38.278384208679199" lon="-120.31059265136719" />
      <trkpt lat="38.278877735137939" lon="-120.31057119369507" />
      <trkpt lat="38.279263973236084" lon="-120.310378074646" />
      <trkpt lat="38.27937126159668" lon="-120.31029224395752" />
      <trkpt lat="38.279714584350586" lon="-120.30986309051514" />
      <trkpt lat="38.280680179595947" lon="-120.30816793441772" />
      <trkpt lat="38.282010555267334" lon="-120.30580759048462" />
      <trkpt lat="38.284692764282227" lon="-120.30213832855225" />
      <trkpt lat="38.285293579101563" lon="-120.30149459838867" />
      <trkpt lat="38.285830020904541" lon="-120.30104398727417" />
      <trkpt lat="38.28685998916626" lon="-120.30037879943848" />
      <trkpt lat="38.287889957427979" lon="-120.29977798461914" />
      <trkpt lat="38.288018703460693" lon="-120.29969215393066" />
      <trkpt lat="38.288791179656982" lon="-120.29926300048828" />
      <trkpt lat="38.289799690246582" lon="-120.29902696609497" />
      <trkpt lat="38.290314674377441" lon="-120.29876947402954" />
      <trkpt lat="38.290894031524658" lon="-120.29816865921021" />
      <trkpt lat="38.291130065917969" lon="-120.29773950576782" />
      <trkpt lat="38.291323184967041" lon="-120.2972674369812" />
      <trkpt lat="38.291409015655518" lon="-120.29679536819458" />
      <trkpt lat="38.291451930999756" lon="-120.29638767242432" />
      <trkpt lat="38.291430473327637" lon="-120.2946925163269" />
      <trkpt lat="38.291580677032471" lon="-120.2937912940979" />
      <trkpt lat="38.292739391326904" lon="-120.28932809829712" />
      <trkpt lat="38.293275833129883" lon="-120.28763294219971" />
      <trkpt lat="38.293576240539551" lon="-120.28703212738037" />
      <trkpt lat="38.294069766998291" lon="-120.28656005859375" />
      <trkpt lat="38.29509973526001" lon="-120.28600215911865" />
      <trkpt lat="38.295636177062988" lon="-120.28557300567627" />
      <trkpt lat="38.296000957489014" lon="-120.28501510620117" />
      <trkpt lat="38.296430110931396" lon="-120.28394222259521" />
      <trkpt lat="38.295249938964844" lon="-120.28319120407104" />
      <trkpt lat="38.294949531555176" lon="-120.28394222259521" />
      <trkpt lat="38.294391632080078" lon="-120.28385639190674" />
      <trkpt lat="38.293662071228027" lon="-120.284264087677" />
      <trkpt lat="38.293404579162598" lon="-120.28434991836548" />
      <trkpt lat="38.292739391326904" lon="-120.28411388397217" />
      <trkpt lat="38.292160034179688" lon="-120.28398513793945" />
      <trkpt lat="38.291730880737305" lon="-120.28409242630005" />
      <trkpt lat="38.291430473327637" lon="-120.284264087677" />
      <trkpt lat="38.290894031524658" lon="-120.28374910354614" />
      <trkpt lat="38.29085111618042" lon="-120.28351306915283" />
      <trkpt lat="38.290979862213135" lon="-120.28316974639893" />
      <trkpt lat="38.291730880737305" lon="-120.28271913528442" />
      <trkpt lat="38.29134464263916" lon="-120.28166770935059" />
      <trkpt lat="38.290872573852539" lon="-120.28050899505615" />
      <trkpt lat="38.290700912475586" lon="-120.27997255325317" />
      <trkpt lat="38.290421962738037" lon="-120.27941465377808" />
      <trkpt lat="38.290207386016846" lon="-120.27874946594238" />
      <trkpt lat="38.29010009765625" lon="-120.27859926223755" />
      <trkpt lat="38.289778232574463" lon="-120.2783203125" />
      <trkpt lat="38.289370536804199" lon="-120.27817010879517" />
      <trkpt lat="38.289263248443604" lon="-120.27808427810669" />
      <trkpt lat="38.289198875427246" lon="-120.27789115905762" />
      <trkpt lat="38.289027214050293" lon="-120.2763032913208" />
      <trkpt lat="38.289005756378174" lon="-120.27593851089478" />
      <trkpt lat="38.289048671722412" lon="-120.27550935745239" />
      <trkpt lat="38.289220333099365" lon="-120.27535915374756" />
      <trkpt lat="38.288812637329102" lon="-120.27497291564941" />
      <trkpt lat="38.288576602935791" lon="-120.27411460876465" />
      <trkpt lat="38.288083076477051" lon="-120.27385711669922" />
      <trkpt lat="38.287353515625" lon="-120.27329921722412" />
      <trkpt lat="38.286645412445068" lon="-120.27284860610962" />
      <trkpt lat="38.286538124084473" lon="-120.2727198600769" />
      <trkpt lat="38.286323547363281" lon="-120.2719259262085" />
      <trkpt lat="38.285915851593018" lon="-120.27164697647095" />
      <trkpt lat="38.285679817199707" lon="-120.27115345001221" />
      <trkpt lat="38.286581039428711" lon="-120.27046680450439" />
      <trkpt lat="38.286817073822021" lon="-120.2703595161438" />
      <trkpt lat="38.287739753723145" lon="-120.27033805847168" />
      <trkpt lat="38.287954330444336" lon="-120.27027368545532" />
      <trkpt lat="38.288147449493408" lon="-120.27014493942261" />
      <trkpt lat="38.288426399230957" lon="-120.2698016166687" />
      <trkpt lat="38.289220333099365" lon="-120.26859998703003" />
      <trkpt lat="38.289327621459961" lon="-120.26829957962036" />
      <trkpt lat="38.289413452148437" lon="-120.26772022247314" />
      <trkpt lat="38.289499282836914" lon="-120.26754856109619" />
      <trkpt lat="38.289649486541748" lon="-120.26741981506348" />
      <trkpt lat="38.28984260559082" lon="-120.26729106903076" />
      <trkpt lat="38.290078639984131" lon="-120.26731252670288" />
      <trkpt lat="38.290207386016846" lon="-120.26737689971924" />
      <trkpt lat="38.290421962738037" lon="-120.26761293411255" />
      <trkpt lat="38.290679454803467" lon="-120.26772022247314" />
      <trkpt lat="38.291687965393066" lon="-120.26748418807983" />
      <trkpt lat="38.291966915130615" lon="-120.26726961135864" />
      <trkpt lat="38.29209566116333" lon="-120.26699066162109" />
      <trkpt lat="38.292224407196045" lon="-120.26630401611328" />
      <trkpt lat="38.292374610900879" lon="-120.26596069335938" />
      <trkpt lat="38.292567729949951" lon="-120.26583194732666" />
      <trkpt lat="38.293018341064453" lon="-120.2657675743103" />
      <trkpt lat="38.293168544769287" lon="-120.26578903198242" />
      <trkpt lat="38.293383121490479" lon="-120.26593923568726" />
      <trkpt lat="38.293726444244385" lon="-120.26634693145752" />
      <trkpt lat="38.293962478637695" lon="-120.26649713516235" />
      <trkpt lat="38.294391632080078" lon="-120.26658296585083" />
      <trkpt lat="38.297417163848877" lon="-120.26638984680176" />
      <trkpt lat="38.29758882522583" lon="-120.2663254737854" />
      <trkpt lat="38.297910690307617" lon="-120.26596069335938" />
      <trkpt lat="38.298361301422119" lon="-120.2653169631958" />
      <trkpt lat="38.298683166503906" lon="-120.26508092880249" />
      <trkpt lat="38.298768997192383" lon="-120.26450157165527" />
      <trkpt lat="38.298683166503906" lon="-120.26426553726196" />
      <trkpt lat="38.298511505126953" lon="-120.26413679122925" />
      <trkpt lat="38.297889232635498" lon="-120.26411533355713" />
      <trkpt lat="38.297760486602783" lon="-120.26405096054077" />
      <trkpt lat="38.297545909881592" lon="-120.26377201080322" />
      <trkpt lat="38.297524452209473" lon="-120.26327848434448" />
      <trkpt lat="38.297610282897949" lon="-120.26224851608276" />
      <trkpt lat="38.297610282897949" lon="-120.26207685470581" />
      <trkpt lat="38.297502994537354" lon="-120.26175498962402" />
      <trkpt lat="38.297224044799805" lon="-120.26151895523071" />
      <trkpt lat="38.296365737915039" lon="-120.261390209198" />
      <trkpt lat="38.296065330505371" lon="-120.26132583618164" />
      <trkpt lat="38.295035362243652" lon="-120.26124000549316" />
      <trkpt lat="38.294649124145508" lon="-120.26111125946045" />
      <trkpt lat="38.294434547424316" lon="-120.26087522506714" />
      <trkpt lat="38.294327259063721" lon="-120.26063919067383" />
      <trkpt lat="38.294219970703125" lon="-120.26023149490356" />
      <trkpt lat="38.294284343719482" lon="-120.25990962982178" />
      <trkpt lat="38.295164108276367" lon="-120.25808572769165" />
      <trkpt lat="38.295571804046631" lon="-120.25709867477417" />
      <trkpt lat="38.295936584472656" lon="-120.25632619857788" />
      <trkpt lat="38.296108245849609" lon="-120.25606870651245" />
      <trkpt lat="38.296687602996826" lon="-120.25561809539795" />
      <trkpt lat="38.296880722045898" lon="-120.2553391456604" />
      <trkpt lat="38.297116756439209" lon="-120.25497436523437" />
      <trkpt lat="38.297245502471924" lon="-120.25456666946411" />
      <trkpt lat="38.297309875488281" lon="-120.25409460067749" />
      <trkpt lat="38.297309875488281" lon="-120.25370836257935" />
      <trkpt lat="38.296988010406494" lon="-120.25250673294067" />
      <trkpt lat="38.296902179718018" lon="-120.25192737579346" />
      <trkpt lat="38.296923637390137" lon="-120.25169134140015" />
      <trkpt lat="38.297116756439209" lon="-120.25113344192505" />
      <trkpt lat="38.29735279083252" lon="-120.25057554244995" />
      <trkpt lat="38.297653198242188" lon="-120.25027513504028" />
      <trkpt lat="38.298618793487549" lon="-120.2497386932373" />
      <trkpt lat="38.298897743225098" lon="-120.24948120117187" />
      <trkpt lat="38.299219608306885" lon="-120.24909496307373" />
      <trkpt lat="38.299455642700195" lon="-120.2489447593689" />
      <trkpt lat="38.300292491912842" lon="-120.24864435195923" />
      <trkpt lat="38.300485610961914" lon="-120.24851560592651" />
      <trkpt lat="38.300678730010986" lon="-120.2482795715332" />
      <trkpt lat="38.301150798797607" lon="-120.24709939956665" />
      <trkpt lat="38.301494121551514" lon="-120.24671316146851" />
      <trkpt lat="38.301773071289063" lon="-120.24652004241943" />
      <trkpt lat="38.302030563354492" lon="-120.24645566940308" />
      <trkpt lat="38.302352428436279" lon="-120.24654150009155" />
      <trkpt lat="38.302996158599854" lon="-120.24686336517334" />
      <trkpt lat="38.303189277648926" lon="-120.2468204498291" />
      <trkpt lat="38.303382396697998" lon="-120.24658441543579" />
      <trkpt lat="38.303554058074951" lon="-120.24609088897705" />
      <trkpt lat="38.303661346435547" lon="-120.24596214294434" />
      <trkpt lat="38.305034637451172" lon="-120.24566173553467" />
      <trkpt lat="38.305442333221436" lon="-120.2458119392395" />
      <trkpt lat="38.306214809417725" lon="-120.24542570114136" />
      <trkpt lat="38.30733060836792" lon="-120.2443528175354" />
      <trkpt lat="38.307888507843018" lon="-120.24400949478149" />
      <trkpt lat="38.308210372924805" lon="-120.24353742599487" />
      <trkpt lat="38.308296203613281" lon="-120.24327993392944" />
      <trkpt lat="38.30808162689209" lon="-120.24270057678223" />
      <trkpt lat="38.308060169219971" lon="-120.24246454238892" />
      <trkpt lat="38.308231830596924" lon="-120.24164915084839" />
      <trkpt lat="38.308360576629639" lon="-120.2414345741272" />
      <trkpt lat="38.309090137481689" lon="-120.24070501327515" />
      <trkpt lat="38.309304714202881" lon="-120.24064064025879" />
      <trkpt lat="38.309733867645264" lon="-120.24072647094727" />
      <trkpt lat="38.310120105743408" lon="-120.24070501327515" />
      <trkpt lat="38.31057071685791" lon="-120.24059772491455" />
      <trkpt lat="38.311364650726318" lon="-120.240318775177" />
      <trkpt lat="38.312888145446777" lon="-120.24049043655396" />
      <trkpt lat="38.313510417938232" lon="-120.2408766746521" />
      <trkpt lat="38.313875198364258" lon="-120.24100542068481" />
      <trkpt lat="38.314025402069092" lon="-120.24100542068481" />
      <trkpt lat="38.314433097839355" lon="-120.24074792861938" />
      <trkpt lat="38.314647674560547" lon="-120.24038314819336" />
      <trkpt lat="38.314669132232666" lon="-120.24006128311157" />
      <trkpt lat="38.314626216888428" lon="-120.23967504501343" />
      <trkpt lat="38.314433097839355" lon="-120.23928880691528" />
      <trkpt lat="38.314154148101807" lon="-120.2388596534729" />
      <trkpt lat="38.314003944396973" lon="-120.23843050003052" />
      <trkpt lat="38.313961029052734" lon="-120.23813009262085" />
      <trkpt lat="38.314003944396973" lon="-120.23782968521118" />
      <trkpt lat="38.314239978790283" lon="-120.23710012435913" />
      <trkpt lat="38.314282894134521" lon="-120.23667097091675" />
      <trkpt lat="38.314218521118164" lon="-120.23652076721191" />
      <trkpt lat="38.313982486724854" lon="-120.23624181747437" />
      <trkpt lat="38.313682079315186" lon="-120.23576974868774" />
      <trkpt lat="38.313360214233398" lon="-120.23512601852417" />
      <trkpt lat="38.31305980682373" lon="-120.23409605026245" />
      <trkpt lat="38.313016891479492" lon="-120.2338171005249" />
      <trkpt lat="38.31308126449585" lon="-120.23355960845947" />
      <trkpt lat="38.314175605773926" lon="-120.23252964019775" />
      <trkpt lat="38.314754962921143" lon="-120.23149967193604" />
      <trkpt lat="38.314990997314453" lon="-120.23115634918213" />
      <trkpt lat="38.315398693084717" lon="-120.2308988571167" />
      <trkpt lat="38.315656185150146" lon="-120.23066282272339" />
      <trkpt lat="38.315870761871338" lon="-120.23031949996948" />
      <trkpt lat="38.316256999969482" lon="-120.22986888885498" />
      <trkpt lat="38.316857814788818" lon="-120.22961139678955" />
      <trkpt lat="38.317050933837891" lon="-120.22928953170776" />
      <trkpt lat="38.317630290985107" lon="-120.22862434387207" />
      <trkpt lat="38.31881046295166" lon="-120.22680044174194" />
      <trkpt lat="38.31906795501709" lon="-120.22654294967651" />
      <trkpt lat="38.319540023803711" lon="-120.22628545761108" />
      <trkpt lat="38.319647312164307" lon="-120.22609233856201" />
      <trkpt lat="38.319582939147949" lon="-120.2254056930542" />
      <trkpt lat="38.319625854492188" lon="-120.22521257400513" />
      <trkpt lat="38.320226669311523" lon="-120.22431135177612" />
      <trkpt lat="38.320333957672119" lon="-120.22405385971069" />
      <trkpt lat="38.320591449737549" lon="-120.22306680679321" />
      <trkpt lat="38.321728706359863" lon="-120.21956920623779" />
      <trkpt lat="38.321964740753174" lon="-120.21877527236938" />
      <trkpt lat="38.322007656097412" lon="-120.21856069564819" />
      <trkpt lat="38.321599960327148" lon="-120.21716594696045" />
      <trkpt lat="38.32155704498291" lon="-120.21680116653442" />
      <trkpt lat="38.321449756622314" lon="-120.21635055541992" />
      <trkpt lat="38.32129955291748" lon="-120.21600723266602" />
      <trkpt lat="38.321106433868408" lon="-120.21574974060059" />
      <trkpt lat="38.320913314819336" lon="-120.21562099456787" />
      <trkpt lat="38.320677280426025" lon="-120.21559953689575" />
      <trkpt lat="38.320462703704834" lon="-120.21562099456787" />
      <trkpt lat="38.320291042327881" lon="-120.21574974060059" />
      <trkpt lat="38.320162296295166" lon="-120.21594285964966" />
      <trkpt lat="38.320076465606689" lon="-120.21624326705933" />
      <trkpt lat="38.320033550262451" lon="-120.21650075912476" />
      <trkpt lat="38.320033550262451" lon="-120.21697282791138" />
      <trkpt lat="38.319990634918213" lon="-120.21757364273071" />
      <trkpt lat="38.319840431213379" lon="-120.21802425384521" />
      <trkpt lat="38.319389820098877" lon="-120.21873235702515" />
      <trkpt lat="38.318381309509277" lon="-120.2199125289917" />
      <trkpt lat="38.317759037017822" lon="-120.22051334381104" />
      <trkpt lat="38.317608833312988" lon="-120.22077083587646" />
      <trkpt lat="38.316857814788818" lon="-120.22310972213745" />
      <trkpt lat="38.316686153411865" lon="-120.22351741790771" />
      <trkpt lat="38.316514492034912" lon="-120.22373199462891" />
      <trkpt lat="38.316278457641602" lon="-120.22388219833374" />
      <trkpt lat="38.31580638885498" lon="-120.22396802902222" />
      <trkpt lat="38.315613269805908" lon="-120.2239465713501" />
      <trkpt lat="38.315162658691406" lon="-120.22371053695679" />
      <trkpt lat="38.314969539642334" lon="-120.22366762161255" />
      <trkpt lat="38.314733505249023" lon="-120.22371053695679" />
      <trkpt lat="38.314518928527832" lon="-120.2238392829895" />
      <trkpt lat="38.314046859741211" lon="-120.224289894104" />
      <trkpt lat="38.312480449676514" lon="-120.22598505020142" />
      <trkpt lat="38.312029838562012" lon="-120.22628545761108" />
      <trkpt lat="38.311600685119629" lon="-120.2264142036438" />
      <trkpt lat="38.311300277709961" lon="-120.22671461105347" />
      <trkpt lat="38.310678005218506" lon="-120.22753000259399" />
      <trkpt lat="38.309991359710693" lon="-120.22817373275757" />
      <trkpt lat="38.309454917907715" lon="-120.22845268249512" />
      <trkpt lat="38.309175968170166" lon="-120.22845268249512" />
      <trkpt lat="38.308467864990234" lon="-120.22864580154419" />
      <trkpt lat="38.308210372924805" lon="-120.22864580154419" />
      <trkpt lat="38.308017253875732" lon="-120.22855997085571" />
      <trkpt lat="38.307909965515137" lon="-120.22834539413452" />
      <trkpt lat="38.307867050170898" lon="-120.22806644439697" />
      <trkpt lat="38.307867050170898" lon="-120.2278733253479" />
      <trkpt lat="38.307974338531494" lon="-120.22761583328247" />
      <trkpt lat="38.308961391448975" lon="-120.22662878036499" />
      <trkpt lat="38.309347629547119" lon="-120.22602796554565" />
      <trkpt lat="38.309733867645264" lon="-120.22508382797241" />
      <trkpt lat="38.309862613677979" lon="-120.22467613220215" />
      <trkpt lat="38.310420513153076" lon="-120.22362470626831" />
      <trkpt lat="38.310549259185791" lon="-120.2232813835144" />
      <trkpt lat="38.310635089874268" lon="-120.2228307723999" />
      <trkpt lat="38.311150074005127" lon="-120.22212266921997" />
      <trkpt lat="38.311429023742676" lon="-120.2214789390564" />
      <trkpt lat="38.311643600463867" lon="-120.22132873535156" />
      <trkpt lat="38.311858177185059" lon="-120.22128582000732" />
      <trkpt lat="38.312094211578369" lon="-120.22132873535156" />
      <trkpt lat="38.312501907348633" lon="-120.22104978561401" />
      <trkpt lat="38.31331729888916" lon="-120.22019147872925" />
      <trkpt lat="38.313703536987305" lon="-120.21986961364746" />
      <trkpt lat="38.314368724822998" lon="-120.21909713745117" />
      <trkpt lat="38.314905166625977" lon="-120.21873235702515" />
      <trkpt lat="38.315055370330811" lon="-120.21851778030396" />
      <trkpt lat="38.315227031707764" lon="-120.21785259246826" />
      <trkpt lat="38.315184116363525" lon="-120.21712303161621" />
      <trkpt lat="38.315398693084717" lon="-120.2167797088623" />
      <trkpt lat="38.316149711608887" lon="-120.21609306335449" />
      <trkpt lat="38.316450119018555" lon="-120.21529912948608" />
      <trkpt lat="38.316943645477295" lon="-120.21448373794556" />
      <trkpt lat="38.317351341247559" lon="-120.21368980407715" />
      <trkpt lat="38.318037986755371" lon="-120.21300315856934" />
      <trkpt lat="38.318145275115967" lon="-120.21281003952026" />
      <trkpt lat="38.318488597869873" lon="-120.21223068237305" />
      <trkpt lat="38.318853378295898" lon="-120.21137237548828" />
      <trkpt lat="38.319647312164307" lon="-120.2099347114563" />
      <trkpt lat="38.319990634918213" lon="-120.20963430404663" />
      <trkpt lat="38.320355415344238" lon="-120.20894765853882" />
      <trkpt lat="38.320376873016357" lon="-120.20866870880127" />
      <trkpt lat="38.320291042327881" lon="-120.20819664001465" />
      <trkpt lat="38.319947719573975" lon="-120.20753145217896" />
      <trkpt lat="38.319840431213379" lon="-120.20695209503174" />
      <trkpt lat="38.319990634918213" lon="-120.20648002624512" />
      <trkpt lat="38.320913314819336" lon="-120.20508527755737" />
      <trkpt lat="38.321042060852051" lon="-120.20476341247559" />
      <trkpt lat="38.321256637573242" lon="-120.20448446273804" />
      <trkpt lat="38.321471214294434" lon="-120.20407676696777" />
      <trkpt lat="38.321921825408936" lon="-120.20349740982056" />
      <trkpt lat="38.322522640228271" lon="-120.20291805267334" />
      <trkpt lat="38.323080539703369" lon="-120.20278930664062" />
      <trkpt lat="38.32355260848999" lon="-120.20223140716553" />
      <trkpt lat="38.323831558227539" lon="-120.20184516906738" />
      <trkpt lat="38.324110507965088" lon="-120.2013087272644" />
      <trkpt lat="38.324732780456543" lon="-120.19965648651123" />
      <trkpt lat="38.324990272521973" lon="-120.19905567169189" />
      <trkpt lat="38.325333595275879" lon="-120.19821882247925" />
      <trkpt lat="38.3258056640625" lon="-120.19751071929932" />
      <trkpt lat="38.326213359832764" lon="-120.19727468490601" />
      <trkpt lat="38.326492309570313" lon="-120.1970386505127" />
      <trkpt lat="38.326685428619385" lon="-120.19671678543091" />
      <trkpt lat="38.326771259307861" lon="-120.19618034362793" />
      <trkpt lat="38.327393531799316" lon="-120.19484996795654" />
      <trkpt lat="38.327436447143555" lon="-120.19422769546509" />
      <trkpt lat="38.327522277832031" lon="-120.19366979598999" />
      <trkpt lat="38.327693939208984" lon="-120.19313335418701" />
      <trkpt lat="38.328745365142822" lon="-120.19113779067993" />
      <trkpt lat="38.328788280487061" lon="-120.19094467163086" />
      <trkpt lat="38.328788280487061" lon="-120.19083738327026" />
      <trkpt lat="38.328595161437988" lon="-120.19025802612305" />
      <trkpt lat="38.328487873077393" lon="-120.18965721130371" />
      <trkpt lat="38.32855224609375" lon="-120.18935680389404" />
      <trkpt lat="38.328831195831299" lon="-120.18918514251709" />
      <trkpt lat="38.32904577255249" lon="-120.18920660018921" />
      <trkpt lat="38.329904079437256" lon="-120.18967866897583" />
      <trkpt lat="38.330376148223877" lon="-120.18967866897583" />
      <trkpt lat="38.331449031829834" lon="-120.18922805786133" />
      <trkpt lat="38.333230018615723" lon="-120.18826246261597" />
      <trkpt lat="38.333423137664795" lon="-120.18811225891113" />
      <trkpt lat="38.333938121795654" lon="-120.18710374832153" />
      <trkpt lat="38.334345817565918" lon="-120.18618106842041" />
      <trkpt lat="38.334453105926514" lon="-120.18573045730591" />
      <trkpt lat="38.334946632385254" lon="-120.18457174301147" />
      <trkpt lat="38.336405754089355" lon="-120.18238306045532" />
      <trkpt lat="38.336877822875977" lon="-120.18122434616089" />
      <trkpt lat="38.336985111236572" lon="-120.18073081970215" />
      <trkpt lat="38.337070941925049" lon="-120.17952919006348" />
      <trkpt lat="38.33704948425293" lon="-120.17879962921143" />
      <trkpt lat="38.337135314941406" lon="-120.17841339111328" />
      <trkpt lat="38.337113857269287" lon="-120.17755508422852" />
      <trkpt lat="38.337070941925049" lon="-120.17710447311401" />
      <trkpt lat="38.336856365203857" lon="-120.17598867416382" />
      <trkpt lat="38.336899280548096" lon="-120.17566680908203" />
      <trkpt lat="38.337028026580811" lon="-120.17543077468872" />
      <trkpt lat="38.337242603302002" lon="-120.17534494400024" />
      <trkpt lat="38.337457180023193" lon="-120.17543077468872" />
      <trkpt lat="38.337757587432861" lon="-120.17588138580322" />
      <trkpt lat="38.337886333465576" lon="-120.17598867416382" />
      <trkpt lat="38.337993621826172" lon="-120.17594575881958" />
      <trkpt lat="38.338100910186768" lon="-120.17581701278687" />
      <trkpt lat="38.338165283203125" lon="-120.17555952072144" />
      <trkpt lat="38.338186740875244" lon="-120.17534494400024" />
      <trkpt lat="38.338079452514648" lon="-120.17500162124634" />
      <trkpt lat="38.337843418121338" lon="-120.17455101013184" />
      <trkpt lat="38.337607383728027" lon="-120.17379999160767" />
      <trkpt lat="38.337500095367432" lon="-120.17334938049316" />
      <trkpt lat="38.337500095367432" lon="-120.17319917678833" />
      <trkpt lat="38.337693214416504" lon="-120.17302751541138" />
      <trkpt lat="38.337864875793457" lon="-120.1730489730835" />
      <trkpt lat="38.337993621826172" lon="-120.17315626144409" />
      <trkpt lat="38.338336944580078" lon="-120.17367124557495" />
      <trkpt lat="38.338830471038818" lon="-120.17392873764038" />
      <trkpt lat="38.339173793792725" lon="-120.17459392547607" />
      <trkpt lat="38.339431285858154" lon="-120.17493724822998" />
      <trkpt lat="38.339560031890869" lon="-120.17500162124634" />
      <trkpt lat="38.339602947235107" lon="-120.17446517944336" />
      <trkpt lat="38.339259624481201" lon="-120.17347812652588" />
      <trkpt lat="38.339195251464844" lon="-120.1729416847229" />
      <trkpt lat="38.33928108215332" lon="-120.17143964767456" />
      <trkpt lat="38.339216709136963" lon="-120.17079591751099" />
      <trkpt lat="38.339087963104248" lon="-120.1703667640686" />
      <trkpt lat="38.338894844055176" lon="-120.16995906829834" />
      <trkpt lat="38.338809013366699" lon="-120.16955137252808" />
      <trkpt lat="38.338851928710938" lon="-120.16916513442993" />
      <trkpt lat="38.339517116546631" lon="-120.16796350479126" />
      <trkpt lat="38.339860439300537" lon="-120.16774892807007" />
      <trkpt lat="38.340225219726563" lon="-120.16762018203735" />
      <trkpt lat="38.34028959274292" lon="-120.1673412322998" />
      <trkpt lat="38.340160846710205" lon="-120.16626834869385" />
      <trkpt lat="38.340246677398682" lon="-120.1658821105957" />
      <trkpt lat="38.340439796447754" lon="-120.16562461853027" />
      <trkpt lat="38.34052562713623" lon="-120.16510963439941" />
      <trkpt lat="38.340375423431396" lon="-120.16369342803955" />
      <trkpt lat="38.340225219726563" lon="-120.16322135925293" />
      <trkpt lat="38.33953857421875" lon="-120.16214847564697" />
      <trkpt lat="38.339087963104248" lon="-120.16120433807373" />
      <trkpt lat="38.339002132415771" lon="-120.16083955764771" />
      <trkpt lat="38.339173793792725" lon="-120.16041040420532" />
      <trkpt lat="38.339216709136963" lon="-120.15998125076294" />
      <trkpt lat="38.338916301727295" lon="-120.15890836715698" />
      <trkpt lat="38.338830471038818" lon="-120.15820026397705" />
      <trkpt lat="38.338658809661865" lon="-120.15723466873169" />
      <trkpt lat="38.338422775268555" lon="-120.15508890151978" />
      <trkpt lat="38.337736129760742" lon="-120.15257835388184" />
      <trkpt lat="38.337500095367432" lon="-120.15129089355469" />
      <trkpt lat="38.337371349334717" lon="-120.15019655227661" />
      <trkpt lat="38.337349891662598" lon="-120.14944553375244" />
      <trkpt lat="38.337178230285645" lon="-120.14888763427734" />
      <trkpt lat="38.337156772613525" lon="-120.14835119247437" />
      <trkpt lat="38.337435722351074" lon="-120.14740705490112" />
      <trkpt lat="38.337500095367432" lon="-120.14624834060669" />
      <trkpt lat="38.338122367858887" lon="-120.14416694641113" />
      <trkpt lat="38.338165283203125" lon="-120.14242887496948" />
      <trkpt lat="38.33853006362915" lon="-120.14086246490479" />
      <trkpt lat="38.338809013366699" lon="-120.14026165008545" />
      <trkpt lat="38.33904504776001" lon="-120.1395320892334" />
      <trkpt lat="38.339302539825439" lon="-120.13863086700439" />
      <trkpt lat="38.339581489562988" lon="-120.13824462890625" />
      <trkpt lat="38.34028959274292" lon="-120.13745069503784" />
      <trkpt lat="38.340911865234375" lon="-120.13633489608765" />
      <trkpt lat="38.341770172119141" lon="-120.13536930084229" />
      <trkpt lat="38.342070579528809" lon="-120.13513326644897" />
      <trkpt lat="38.34404468536377" lon="-120.13388872146606" />
      <trkpt lat="38.344237804412842" lon="-120.13350248336792" />
      <trkpt lat="38.344388008117676" lon="-120.13311624526978" />
      <trkpt lat="38.344495296478271" lon="-120.13255834579468" />
      <trkpt lat="38.344559669494629" lon="-120.13172149658203" />
      <trkpt lat="38.344688415527344" lon="-120.13154983520508" />
      <trkpt lat="38.345246315002441" lon="-120.13131380081177" />
      <trkpt lat="38.345503807067871" lon="-120.13105630874634" />
      <trkpt lat="38.345997333526611" lon="-120.13017654418945" />
      <trkpt lat="38.346362113952637" lon="-120.12938261032104" />
      <trkpt lat="38.346490859985352" lon="-120.12869596481323" />
      <trkpt lat="38.346641063690186" lon="-120.12837409973145" />
      <trkpt lat="38.347156047821045" lon="-120.12785911560059" />
      <trkpt lat="38.347413539886475" lon="-120.12725830078125" />
      <trkpt lat="38.34752082824707" lon="-120.12618541717529" />
      <trkpt lat="38.347413539886475" lon="-120.12560606002808" />
      <trkpt lat="38.347048759460449" lon="-120.12421131134033" />
      <trkpt lat="38.347048759460449" lon="-120.12380361557007" />
      <trkpt lat="38.347198963165283" lon="-120.12354612350464" />
      <trkpt lat="38.347370624542236" lon="-120.12343883514404" />
      <trkpt lat="38.348507881164551" lon="-120.12363195419312" />
      <trkpt lat="38.348722457885742" lon="-120.1235032081604" />
      <trkpt lat="38.349001407623291" lon="-120.12313842773438" />
      <trkpt lat="38.349854601547122" lon="-120.12110237963498" />
      <trkpt lat="38.349945545196533" lon="-120.12088537216187" />
      <trkpt lat="38.349945545196533" lon="-120.12052059173584" />
      <trkpt lat="38.349881172180176" lon="-120.12034893035889" />
      <trkpt lat="38.349730968475342" lon="-120.12011289596558" />
      <trkpt lat="38.349580764770508" lon="-120.1200270652771" />
      <trkpt lat="38.349430561065674" lon="-120.12006998062134" />
      <trkpt lat="38.34928035736084" lon="-120.12024164199829" />
      <trkpt lat="38.34902286529541" lon="-120.12114286422729" />
      <trkpt lat="38.348829746246338" lon="-120.12152910232544" />
      <trkpt lat="38.348507881164551" lon="-120.12187242507935" />
      <trkpt lat="38.348293304443359" lon="-120.12182950973511" />
      <trkpt lat="38.347864151000977" lon="-120.12140035629272" />
      <trkpt lat="38.347477912902832" lon="-120.12079954147339" />
      <trkpt lat="38.347005844116211" lon="-120.11976957321167" />
      <trkpt lat="38.346319198608398" lon="-120.11852502822876" />
      <trkpt lat="38.345954418182373" lon="-120.11820316314697" />
      <trkpt lat="38.34578275680542" lon="-120.11816024780273" />
      <trkpt lat="38.345160484313965" lon="-120.1184606552124" />
      <trkpt lat="38.344388008117676" lon="-120.11906147003174" />
      <trkpt lat="38.343958854675293" lon="-120.11983394622803" />
      <trkpt lat="38.343765735626221" lon="-120.12062788009644" />
      <trkpt lat="38.343658447265625" lon="-120.12079954147339" />
      <trkpt lat="38.343465328216553" lon="-120.12090682983398" />
      <trkpt lat="38.343250751495361" lon="-120.12073516845703" />
      <trkpt lat="38.343100547790527" lon="-120.12045621871948" />
      <trkpt lat="38.342993259429932" lon="-120.11996269226074" />
      <trkpt lat="38.34327220916748" lon="-120.11931896209717" />
      <trkpt lat="38.343851566314697" lon="-120.11873960494995" />
      <trkpt lat="38.343722820281982" lon="-120.11873960494995" />
      <trkpt lat="38.343594074249268" lon="-120.11839628219604" />
      <trkpt lat="38.343572616577148" lon="-120.11766672134399" />
      <trkpt lat="38.343422412872314" lon="-120.1165509223938" />
      <trkpt lat="38.342993259429932" lon="-120.11601448059082" />
      <trkpt lat="38.342885971069336" lon="-120.1154351234436" />
      <trkpt lat="38.34303617477417" lon="-120.11416912078857" />
      <trkpt lat="38.34303617477417" lon="-120.11346101760864" />
      <trkpt lat="38.342370986938477" lon="-120.11159420013428" />
      <trkpt lat="38.342478275299072" lon="-120.11129379272461" />
      <trkpt lat="38.342950344085693" lon="-120.11073589324951" />
      <trkpt lat="38.343615531921387" lon="-120.11026382446289" />
      <trkpt lat="38.344409465789795" lon="-120.11037111282349" />
      <trkpt lat="38.344752788543701" lon="-120.11028528213501" />
      <trkpt lat="38.344967365264893" lon="-120.11017799377441" />
      <trkpt lat="38.345224857330322" lon="-120.11015653610229" />
      <trkpt lat="38.345439434051514" lon="-120.11030673980713" />
      <trkpt lat="38.345675468444824" lon="-120.11065006256104" />
      <trkpt lat="38.346083164215088" lon="-120.11101484298706" />
      <trkpt lat="38.346405029296875" lon="-120.11137962341309" />
      <trkpt lat="38.346662521362305" lon="-120.11191606521606" />
      <trkpt lat="38.346812725067139" lon="-120.11187314987183" />
      <trkpt lat="38.347005844116211" lon="-120.11163711547852" />
      <trkpt lat="38.346726894378662" lon="-120.11140108108521" />
      <trkpt lat="38.346340656280518" lon="-120.11047840118408" />
      <trkpt lat="38.34601879119873" lon="-120.10968446731567" />
      <trkpt lat="38.345954418182373" lon="-120.10916948318481" />
      <trkpt lat="38.34578275680542" lon="-120.10878324508667" />
      <trkpt lat="38.34552526473999" lon="-120.10861158370972" />
      <trkpt lat="38.344624042510986" lon="-120.10867595672607" />
      <trkpt lat="38.344345092773437" lon="-120.10854721069336" />
      <trkpt lat="38.343873023986816" lon="-120.1081395149231" />
      <trkpt lat="38.343014717102051" lon="-120.10771036148071" />
      <trkpt lat="38.341963291168213" lon="-120.10773181915283" />
      <trkpt lat="38.341727256774902" lon="-120.10768890380859" />
      <trkpt lat="38.341319561004639" lon="-120.10760307312012" />
      <trkpt lat="38.341019153594971" lon="-120.10745286941528" />
      <trkpt lat="38.340890407562256" lon="-120.10674476623535" />
      <trkpt lat="38.340697288513184" lon="-120.10640144348145" />
      <trkpt lat="38.340160846710205" lon="-120.10597229003906" />
      <trkpt lat="38.339581489562988" lon="-120.10580062866211" />
      <trkpt lat="38.339002132415771" lon="-120.10571479797363" />
      <trkpt lat="38.338744640350342" lon="-120.1055645942688" />
      <trkpt lat="38.33853006362915" lon="-120.10522127151489" />
      <trkpt lat="38.338315486907959" lon="-120.10447025299072" />
      <trkpt lat="38.338165283203125" lon="-120.1041054725647" />
      <trkpt lat="38.337950706481934" lon="-120.10386943817139" />
      <trkpt lat="38.337650299072266" lon="-120.10378360748291" />
      <trkpt lat="38.337156772613525" lon="-120.10378360748291" />
      <trkpt lat="38.336727619171143" lon="-120.10393381118774" />
      <trkpt lat="38.336448669433594" lon="-120.10423421859741" />
      <trkpt lat="38.336341381072998" lon="-120.10468482971191" />
      <trkpt lat="38.336062431335449" lon="-120.10477066040039" />
      <trkpt lat="38.335740566253662" lon="-120.10479211807251" />
      <trkpt lat="38.335483074188232" lon="-120.10489940643311" />
      <trkpt lat="38.335247039794922" lon="-120.10507106781006" />
      <trkpt lat="38.33505392074585" lon="-120.10509252548218" />
      <trkpt lat="38.334474563598633" lon="-120.10468482971191" />
      <trkpt lat="38.333981037139893" lon="-120.10470628738403" />
      <trkpt lat="38.333637714385986" lon="-120.10481357574463" />
      <trkpt lat="38.333101272583008" lon="-120.10541439056396" />
      <trkpt lat="38.332929611206055" lon="-120.10558605194092" />
      <trkpt lat="38.332779407501221" lon="-120.10595083236694" />
      <trkpt lat="38.332736492156982" lon="-120.10622978210449" />
      <trkpt lat="38.332886695861816" lon="-120.10685205459595" />
      <trkpt lat="38.333380222320557" lon="-120.10801076889038" />
      <trkpt lat="38.333444595336914" lon="-120.1085901260376" />
      <trkpt lat="38.333680629730225" lon="-120.10966300964355" />
      <trkpt lat="38.333423137664795" lon="-120.11028528213501" />
      <trkpt lat="38.333015441894531" lon="-120.11090755462646" />
      <trkpt lat="38.332757949829102" lon="-120.11180877685547" />
      <trkpt lat="38.332114219665527" lon="-120.11247396469116" />
      <trkpt lat="38.330869674682617" lon="-120.11346101760864" />
      <trkpt lat="38.330461978912354" lon="-120.11386871337891" />
      <trkpt lat="38.330183029174805" lon="-120.11431932449341" />
      <trkpt lat="38.330225944519043" lon="-120.1150918006897" />
      <trkpt lat="38.33005428314209" lon="-120.11579990386963" />
      <trkpt lat="38.330075740814209" lon="-120.11627197265625" />
      <trkpt lat="38.330268859863281" lon="-120.11650800704956" />
      <trkpt lat="38.330934047698975" lon="-120.11687278747559" />
      <trkpt lat="38.330912590026855" lon="-120.11704444885254" />
      <trkpt lat="38.330633640289307" lon="-120.11713027954102" />
      <trkpt lat="38.32855224609375" lon="-120.11816024780273" />
      <trkpt lat="38.327844142913818" lon="-120.11841773986816" />
      <trkpt lat="38.327136039733887" lon="-120.11873960494995" />
      <trkpt lat="38.326427936553955" lon="-120.11936187744141" />
      <trkpt lat="38.325870037078857" lon="-120.11968374252319" />
      <trkpt lat="38.325526714324951" lon="-120.1204776763916" />
      <trkpt lat="38.3247971534729" lon="-120.12131452560425" />
      <trkpt lat="38.323788642883301" lon="-120.12290239334106" />
      <trkpt lat="38.323681354522705" lon="-120.12296676635742" />
      <trkpt lat="38.32355260848999" lon="-120.1229453086853" />
      <trkpt lat="38.323509693145752" lon="-120.12283802032471" />
      <trkpt lat="38.323531150817871" lon="-120.12275218963623" />
      <trkpt lat="38.323724269866943" lon="-120.12217283248901" />
      <trkpt lat="38.323767185211182" lon="-120.12176513671875" />
      <trkpt lat="38.323659896850586" lon="-120.12137889862061" />
      <trkpt lat="38.322436809539795" lon="-120.11951208114624" />
      <trkpt lat="38.322222232818604" lon="-120.11908292770386" />
      <trkpt lat="38.322265148162842" lon="-120.11873960494995" />
      <trkpt lat="38.32280158996582" lon="-120.1170015335083" />
      <trkpt lat="38.323230743408203" lon="-120.11650800704956" />
      <trkpt lat="38.323938846588135" lon="-120.11579990386963" />
      <trkpt lat="38.324153423309326" lon="-120.11530637741089" />
      <trkpt lat="38.324346542358398" lon="-120.11461973190308" />
      <trkpt lat="38.325762748718262" lon="-120.11168003082275" />
      <trkpt lat="38.325762748718262" lon="-120.11080026626587" />
      <trkpt lat="38.325934410095215" lon="-120.10985612869263" />
      <trkpt lat="38.326170444488525" lon="-120.10916948318481" />
      <trkpt lat="38.326427936553955" lon="-120.1085901260376" />
      <trkpt lat="38.326470851898193" lon="-120.10807514190674" />
      <trkpt lat="38.326320648193359" lon="-120.10719537734985" />
      <trkpt lat="38.326621055603027" lon="-120.10665893554687" />
      <trkpt lat="38.327028751373291" lon="-120.10543584823608" />
      <trkpt lat="38.327028751373291" lon="-120.1036548614502" />
      <trkpt lat="38.327071666717529" lon="-120.10286092758179" />
      <trkpt lat="38.327178955078125" lon="-120.10236740112305" />
      <trkpt lat="38.327200412750244" lon="-120.10155200958252" />
      <trkpt lat="38.327028751373291" lon="-120.10133743286133" />
      <trkpt lat="38.326749801635742" lon="-120.10135889053345" />
      <trkpt lat="38.326406478881836" lon="-120.10168075561523" />
      <trkpt lat="38.326234817504883" lon="-120.10202407836914" />
      <trkpt lat="38.32606315612793" lon="-120.10221719741821" />
      <trkpt lat="38.325848579406738" lon="-120.10266780853271" />
      <trkpt lat="38.32554817199707" lon="-120.10371923446655" />
      <trkpt lat="38.325397968292236" lon="-120.10393381118774" />
      <trkpt lat="38.324990272521973" lon="-120.10419130325317" />
      <trkpt lat="38.32280158996582" lon="-120.10519981384277" />
      <trkpt lat="38.32205057144165" lon="-120.10567188262939" />
      <trkpt lat="38.321921825408936" lon="-120.10547876358032" />
      <trkpt lat="38.321900367736816" lon="-120.10522127151489" />
      <trkpt lat="38.32205057144165" lon="-120.10494232177734" />
      <trkpt lat="38.32230806350708" lon="-120.10485649108887" />
      <trkpt lat="38.322672843933105" lon="-120.10459899902344" />
      <trkpt lat="38.322865962982178" lon="-120.10434150695801" />
      <trkpt lat="38.322908878326416" lon="-120.10389089584351" />
      <trkpt lat="38.323166370391846" lon="-120.1029896736145" />
      <trkpt lat="38.323445320129395" lon="-120.10217428207397" />
      <trkpt lat="38.323638439178467" lon="-120.10178804397583" />
      <trkpt lat="38.323981761932373" lon="-120.10135889053345" />
      <trkpt lat="38.324882984161377" lon="-120.10082244873047" />
      <trkpt lat="38.325247764587402" lon="-120.10028600692749" />
      <trkpt lat="38.325376510620117" lon="-120.09972810745239" />
      <trkpt lat="38.325333595275879" lon="-120.09912729263306" />
      <trkpt lat="38.324646949768066" lon="-120.09783983230591" />
      <trkpt lat="38.324453830718994" lon="-120.09741067886353" />
      <trkpt lat="38.324496746063232" lon="-120.09706735610962" />
      <trkpt lat="38.324732780456543" lon="-120.09680986404419" />
      <trkpt lat="38.325119018554688" lon="-120.09672403335571" />
      <trkpt lat="38.325333595275879" lon="-120.09631633758545" />
      <trkpt lat="38.325440883636475" lon="-120.09565114974976" />
      <trkpt lat="38.325440883636475" lon="-120.09492158889771" />
      <trkpt lat="38.325419425964355" lon="-120.09449243545532" />
      <trkpt lat="38.3247971534729" lon="-120.0926685333252" />
      <trkpt lat="38.324410915374756" lon="-120.09176731109619" />
      <trkpt lat="38.32430362701416" lon="-120.09161710739136" />
      <trkpt lat="38.324174880981445" lon="-120.09193897247314" />
      <trkpt lat="38.324196338653564" lon="-120.09238958358765" />
      <trkpt lat="38.324453830718994" lon="-120.0941276550293" />
      <trkpt lat="38.324432373046875" lon="-120.0945782661438" />
      <trkpt lat="38.324346542358398" lon="-120.09485721588135" />
      <trkpt lat="38.32404613494873" lon="-120.09515762329102" />
      <trkpt lat="38.32331657409668" lon="-120.09562969207764" />
      <trkpt lat="38.323123455047607" lon="-120.09577989578247" />
      <trkpt lat="38.32305908203125" lon="-120.0959300994873" />
      <trkpt lat="38.323080539703369" lon="-120.0969386100769" />
      <trkpt lat="38.322994709014893" lon="-120.09738922119141" />
      <trkpt lat="38.323101997375488" lon="-120.09799003601074" />
      <trkpt lat="38.322887420654297" lon="-120.09876251220703" />
      <trkpt lat="38.322629928588867" lon="-120.0989556312561" />
      <trkpt lat="38.321943283081055" lon="-120.09914875030518" />
      <trkpt lat="38.321685791015625" lon="-120.09929895401001" />
      <trkpt lat="38.321192264556885" lon="-120.0999641418457" />
      <trkpt lat="38.320956230163574" lon="-120.10004997253418" />
      <trkpt lat="38.320484161376953" lon="-120.10009288787842" />
      <trkpt lat="38.320205211639404" lon="-120.10020017623901" />
      <trkpt lat="38.319754600524902" lon="-120.10054349899292" />
      <trkpt lat="38.318982124328613" lon="-120.10144472122192" />
      <trkpt lat="38.318617343902588" lon="-120.10150909423828" />
      <trkpt lat="38.318166732788086" lon="-120.10180950164795" />
      <trkpt lat="38.317801952362061" lon="-120.10217428207397" />
      <trkpt lat="38.317544460296631" lon="-120.10262489318848" />
      <trkpt lat="38.317415714263916" lon="-120.10271072387695" />
      <trkpt lat="38.317244052886963" lon="-120.10262489318848" />
      <trkpt lat="38.317201137542725" lon="-120.1024317741394" />
      <trkpt lat="38.317286968231201" lon="-120.10202407836914" />
      <trkpt lat="38.317265510559082" lon="-120.10172367095947" />
      <trkpt lat="38.317158222198486" lon="-120.10150909423828" />
      <trkpt lat="38.317093849182129" lon="-120.10118722915649" />
      <trkpt lat="38.317158222198486" lon="-120.10030746459961" />
      <trkpt lat="38.317351341247559" lon="-120.09914875030518" />
      <trkpt lat="38.317351341247559" lon="-120.09891271591187" />
      <trkpt lat="38.317201137542725" lon="-120.09871959686279" />
      <trkpt lat="38.316986560821533" lon="-120.09859085083008" />
      <trkpt lat="38.316600322723389" lon="-120.09852647781372" />
      <trkpt lat="38.315784931182861" lon="-120.09871959686279" />
      <trkpt lat="38.315613269805908" lon="-120.09859085083008" />
      <trkpt lat="38.315463066101074" lon="-120.09829044342041" />
      <trkpt lat="38.315334320068359" lon="-120.09738922119141" />
      <trkpt lat="38.315334320068359" lon="-120.09672403335571" />
      <trkpt lat="38.315441608428955" lon="-120.09631633758545" />
      <trkpt lat="38.315420150756836" lon="-120.0960373878479" />
      <trkpt lat="38.31531286239624" lon="-120.09588718414307" />
      <trkpt lat="38.315098285675049" lon="-120.09584426879883" />
      <trkpt lat="38.314776420593262" lon="-120.0959300994873" />
      <trkpt lat="38.314434187486768" lon="-120.0964636914432" />
      <trkpt lat="38.314046859741211" lon="-120.09706735610962" />
      <trkpt lat="38.31357479095459" lon="-120.09811878204346" />
      <trkpt lat="38.313446044921875" lon="-120.09974956512451" />
      <trkpt lat="38.313252925872803" lon="-120.10032892227173" />
      <trkpt lat="38.31207275390625" lon="-120.10236740112305" />
      <trkpt lat="38.311300277709961" lon="-120.10434150695801" />
      <trkpt lat="38.311042785644531" lon="-120.10537147521973" />
      <trkpt lat="38.310806751251221" lon="-120.10599374771118" />
      <trkpt lat="38.310291767120361" lon="-120.10706663131714" />
      <trkpt lat="38.309948444366455" lon="-120.10745286941528" />
      <trkpt lat="38.309798240661621" lon="-120.10828971862793" />
      <trkpt lat="38.309626579284668" lon="-120.10874032974243" />
      <trkpt lat="38.309562206268311" lon="-120.10951280593872" />
      <trkpt lat="38.309111595153809" lon="-120.11019945144653" />
      <trkpt lat="38.30906867980957" lon="-120.11052131652832" />
      <trkpt lat="38.308746814727783" lon="-120.11080026626587" />
      <trkpt lat="38.307974338531494" lon="-120.11077880859375" />
      <trkpt lat="38.307266235351563" lon="-120.11116504669189" />
      <trkpt lat="38.306794166564941" lon="-120.1115083694458" />
      <trkpt lat="38.306150436401367" lon="-120.1116156578064" />
      <trkpt lat="38.305914402008057" lon="-120.11152982711792" />
      <trkpt lat="38.305377960205078" lon="-120.11110067367554" />
      <trkpt lat="38.30507755279541" lon="-120.11075735092163" />
      <trkpt lat="38.30482006072998" lon="-120.11017799377441" />
      <trkpt lat="38.304626941680908" lon="-120.1099419593811" />
      <trkpt lat="38.304433822631836" lon="-120.1099419593811" />
      <trkpt lat="38.304197788238525" lon="-120.11009216308594" />
      <trkpt lat="38.303747177124023" lon="-120.11047840118408" />
      <trkpt lat="38.303275108337402" lon="-120.11118650436401" />
      <trkpt lat="38.302524089813232" lon="-120.11185169219971" />
      <trkpt lat="38.302288055419922" lon="-120.11219501495361" />
      <trkpt lat="38.301966190338135" lon="-120.11290311813354" />
      <trkpt lat="38.301730155944824" lon="-120.11358976364136" />
      <trkpt lat="38.301730155944824" lon="-120.11419057846069" />
      <trkpt lat="38.301665782928467" lon="-120.11434078216553" />
      <trkpt lat="38.30157995223999" lon="-120.114426612854" />
      <trkpt lat="38.301451206207275" lon="-120.11440515518188" />
      <trkpt lat="38.300957679748535" lon="-120.11423349380493" />
      <trkpt lat="38.299949169158936" lon="-120.11466264724731" />
      <trkpt lat="38.299391269683838" lon="-120.11483430862427" />
      <trkpt lat="38.297824859619141" lon="-120.11595010757446" />
      <trkpt lat="38.297202587127686" lon="-120.11648654937744" />
      <trkpt lat="38.296988010406494" lon="-120.11674404144287" />
      <trkpt lat="38.296473026275635" lon="-120.11702299118042" />
      <trkpt lat="38.295764923095703" lon="-120.11773109436035" />
      <trkpt lat="38.29533576965332" lon="-120.11826753616333" />
      <trkpt lat="38.295207023620605" lon="-120.11873960494995" />
      <trkpt lat="38.294970989227295" lon="-120.12006998062134" />
      <trkpt lat="38.294992446899414" lon="-120.12049913406372" />
      <trkpt lat="38.29484224319458" lon="-120.12019872665405" />
      <trkpt lat="38.294327259063721" lon="-120.11865377426147" />
      <trkpt lat="38.294305801391602" lon="-120.11785984039307" />
      <trkpt lat="38.294413089752197" lon="-120.11721611022949" />
      <trkpt lat="38.294413089752197" lon="-120.11704444885254" />
      <trkpt lat="38.294370174407959" lon="-120.11695861816406" />
      <trkpt lat="38.294177055358887" lon="-120.11693716049194" />
      <trkpt lat="38.293168544769287" lon="-120.11749505996704" />
      <trkpt lat="38.29258918762207" lon="-120.11738777160645" />
      <trkpt lat="38.292460441589355" lon="-120.11758089065552" />
      <trkpt lat="38.292460441589355" lon="-120.11783838272095" />
      <trkpt lat="38.292546272277832" lon="-120.11837482452393" />
      <trkpt lat="38.292374610900879" lon="-120.11929750442505" />
      <trkpt lat="38.292396068572998" lon="-120.11976957321167" />
      <trkpt lat="38.292331695556641" lon="-120.12006998062134" />
      <trkpt lat="38.291194438934326" lon="-120.12228012084961" />
      <trkpt lat="38.291280269622803" lon="-120.12343883514404" />
      <trkpt lat="38.29110860824585" lon="-120.12373924255371" />
      <trkpt lat="38.291065692901611" lon="-120.12399673461914" />
      <trkpt lat="38.291065692901611" lon="-120.12429714202881" />
      <trkpt lat="38.291151523590088" lon="-120.12459754943848" />
      <trkpt lat="38.29059362411499" lon="-120.12526273727417" />
      <trkpt lat="38.29035758972168" lon="-120.12586355209351" />
      <trkpt lat="38.290121555328369" lon="-120.12612104415894" />
      <trkpt lat="38.290014266967773" lon="-120.12620687484741" />
      <trkpt lat="38.289370536804199" lon="-120.12609958648682" />
      <trkpt lat="38.289005756378174" lon="-120.12614250183105" />
      <trkpt lat="38.288726806640625" lon="-120.12629270553589" />
      <trkpt lat="38.288533687591553" lon="-120.12657165527344" />
      <trkpt lat="38.288490772247314" lon="-120.12891054153442" />
      <trkpt lat="38.288555145263672" lon="-120.12961864471436" />
      <trkpt lat="38.288662433624268" lon="-120.1301121711731" />
      <trkpt lat="38.288640975952148" lon="-120.13028383255005" />
      <trkpt lat="38.288490772247314" lon="-120.13067007064819" />
      <trkpt lat="38.288426399230957" lon="-120.13107776641846" />
      <trkpt lat="38.28834056854248" lon="-120.13131380081177" />
      <trkpt lat="38.288533687591553" lon="-120.13221502304077" />
      <trkpt lat="38.288555145263672" lon="-120.13270854949951" />
      <trkpt lat="38.288426399230957" lon="-120.13330936431885" />
      <trkpt lat="38.288555145263672" lon="-120.13410329818726" />
      <trkpt lat="38.288662433624268" lon="-120.13446807861328" />
      <trkpt lat="38.288683891296387" lon="-120.13481140136719" />
      <trkpt lat="38.288469314575195" lon="-120.13584136962891" />
      <trkpt lat="38.288147449493408" lon="-120.13687133789062" />
      <trkpt lat="38.288125991821289" lon="-120.13742923736572" />
      <trkpt lat="38.287825584411621" lon="-120.13805150985718" />
      <trkpt lat="38.28761100769043" lon="-120.13835191726685" />
      <trkpt lat="38.287482261657715" lon="-120.13845920562744" />
      <trkpt lat="38.287138938903809" lon="-120.13860940933228" />
      <trkpt lat="38.286623954772949" lon="-120.13839483261108" />
      <trkpt lat="38.285937309265137" lon="-120.13843774795532" />
      <trkpt lat="38.285551071166992" lon="-120.13822317123413" />
      <trkpt lat="38.285400867462158" lon="-120.13783693313599" />
      <trkpt lat="38.285293579101563" lon="-120.13772964477539" />
      <trkpt lat="38.28510046005249" lon="-120.13770818710327" />
      <trkpt lat="38.284821510314941" lon="-120.13775110244751" />
      <trkpt lat="38.284435272216797" lon="-120.13772964477539" />
      <trkpt lat="38.284156322479248" lon="-120.13800859451294" />
      <trkpt lat="38.283662796020508" lon="-120.13875961303711" />
      <trkpt lat="38.282890319824219" lon="-120.13899564743042" />
      <trkpt lat="38.28284740447998" lon="-120.13910293579102" />
      <trkpt lat="38.282761573791504" lon="-120.13970375061035" />
      <trkpt lat="38.282697200775146" lon="-120.13985395431519" />
      <trkpt lat="38.282546997070312" lon="-120.13993978500366" />
      <trkpt lat="38.282310962677002" lon="-120.13996124267578" />
      <trkpt lat="38.282182216644287" lon="-120.14006853103638" />
      <trkpt lat="38.281795978546143" lon="-120.14064788818359" />
      <trkpt lat="38.281431198120117" lon="-120.14161348342896" />
      <trkpt lat="38.281302452087402" lon="-120.1421070098877" />
      <trkpt lat="38.281130790710449" lon="-120.14242887496948" />
      <trkpt lat="38.280894756317139" lon="-120.14337301254272" />
      <trkpt lat="38.280937671661377" lon="-120.14350175857544" />
      <trkpt lat="38.281238079071045" lon="-120.14386653900146" />
      <trkpt lat="38.281302452087402" lon="-120.14408111572266" />
      <trkpt lat="38.281280994415283" lon="-120.14425277709961" />
      <trkpt lat="38.281044960021973" lon="-120.14483213424683" />
      <trkpt lat="38.280959129333496" lon="-120.14545440673828" />
      <trkpt lat="38.2808518409729" lon="-120.14560461044312" />
      <trkpt lat="38.280315399169922" lon="-120.1459264755249" />
      <trkpt lat="38.279800415039063" lon="-120.14657020568848" />
      <trkpt lat="38.27960729598999" lon="-120.14689207077026" />
      <trkpt lat="38.279070854187012" lon="-120.14832973480225" />
      <trkpt lat="38.277418613433838" lon="-120.14929533004761" />
      <trkpt lat="38.277332782745361" lon="-120.14942407608032" />
      <trkpt lat="38.277246952056885" lon="-120.15019655227661" />
      <trkpt lat="38.277032375335693" lon="-120.15036821365356" />
      <trkpt lat="38.276710510253906" lon="-120.15036821365356" />
      <trkpt lat="38.276431560516357" lon="-120.15021800994873" />
      <trkpt lat="38.27610969543457" lon="-120.15011072158813" />
      <trkpt lat="38.27561616897583" lon="-120.15013217926025" />
      <trkpt lat="38.275058269500732" lon="-120.14978885650635" />
      <trkpt lat="38.274800777435303" lon="-120.14978885650635" />
      <trkpt lat="38.274500370025635" lon="-120.14948844909668" />
      <trkpt lat="38.274328708648682" lon="-120.14938116073608" />
      <trkpt lat="38.274092674255371" lon="-120.1490592956543" />
      <trkpt lat="38.273599147796631" lon="-120.1479434967041" />
      <trkpt lat="38.27336311340332" lon="-120.14781475067139" />
      <trkpt lat="38.273148536682129" lon="-120.14783620834351" />
      <trkpt lat="38.273148536682129" lon="-120.14832973480225" />
      <trkpt lat="38.272891044616699" lon="-120.14916658401489" />
      <trkpt lat="38.27237606048584" lon="-120.14948844909668" />
      <trkpt lat="38.271946907043457" lon="-120.14966011047363" />
      <trkpt lat="38.271667957305908" lon="-120.15013217926025" />
      <trkpt lat="38.271560668945313" lon="-120.15081882476807" />
      <trkpt lat="38.271732330322266" lon="-120.15071153640747" />
      <trkpt lat="38.271946907043457" lon="-120.15049695968628" />
      <trkpt lat="38.27211856842041" lon="-120.15028238296509" />
      <trkpt lat="38.272483348846436" lon="-120.15008926391602" />
      <trkpt lat="38.272933959960938" lon="-120.14989614486694" />
      <trkpt lat="38.27336311340332" lon="-120.14981031417847" />
      <trkpt lat="38.273532595485449" lon="-120.14987007714808" />
      <trkpt lat="38.27336311340332" lon="-120.14981031417847" />
      <trkpt lat="38.272933959960938" lon="-120.14989614486694" />
      <trkpt lat="38.272483348846436" lon="-120.15008926391602" />
      <trkpt lat="38.27211856842041" lon="-120.15028238296509" />
      <trkpt lat="38.271946907043457" lon="-120.15049695968628" />
      <trkpt lat="38.271732330322266" lon="-120.15071153640747" />
      <trkpt lat="38.271560668945313" lon="-120.15081882476807" />
      <trkpt lat="38.271217346191406" lon="-120.1510763168335" />
      <trkpt lat="38.27038049697876" lon="-120.15268564224243" />
      <trkpt lat="38.269736766815186" lon="-120.1535439491272" />
      <trkpt lat="38.269522190093994" lon="-120.15416622161865" />
      <trkpt lat="38.269071578979492" lon="-120.1555609703064" />
      <trkpt lat="38.268771171569824" lon="-120.15622615814209" />
      <trkpt lat="38.268256187438965" lon="-120.15663385391235" />
      <trkpt lat="38.267741203308105" lon="-120.15686988830566" />
      <trkpt lat="38.267054557800293" lon="-120.15699863433838" />
      <trkpt lat="38.266475200653076" lon="-120.15680551528931" />
      <trkpt lat="38.266260623931885" lon="-120.15680551528931" />
      <trkpt lat="38.266110420227051" lon="-120.15704154968262" />
      <trkpt lat="38.265595436096191" lon="-120.15749216079712" />
      <trkpt lat="38.265252113342285" lon="-120.15764236450195" />
      <trkpt lat="38.264865875244141" lon="-120.15789985656738" />
      <trkpt lat="38.264329433441162" lon="-120.15852212905884" />
      <trkpt lat="38.264071941375732" lon="-120.1584792137146" />
      <trkpt lat="38.263707160949707" lon="-120.1585865020752" />
      <trkpt lat="38.263342380523682" lon="-120.15908002853394" />
      <trkpt lat="38.263235092163086" lon="-120.15950918197632" />
      <trkpt lat="38.263299465179443" lon="-120.15987396240234" />
      <trkpt lat="38.263256549835205" lon="-120.16077518463135" />
      <trkpt lat="38.263106346130371" lon="-120.16186952590942" />
      <trkpt lat="38.262999057769775" lon="-120.16221284866333" />
      <trkpt lat="38.262720108032227" lon="-120.16247034072876" />
      <trkpt lat="38.262333869934082" lon="-120.16266345977783" />
      <trkpt lat="38.261947631835938" lon="-120.16279220581055" />
      <trkpt lat="38.26162576675415" lon="-120.16281366348267" />
      <trkpt lat="38.261411190032959" lon="-120.16283512115479" />
      <trkpt lat="38.260982036590576" lon="-120.16315698623657" />
      <trkpt lat="38.259501457214355" lon="-120.16405820846558" />
      <trkpt lat="38.258278369903564" lon="-120.16515254974365" />
      <trkpt lat="38.257720470428467" lon="-120.16628980636597" />
      <trkpt lat="38.257269859313965" lon="-120.16686916351318" />
      <trkpt lat="38.257205486297607" lon="-120.16716957092285" />
      <trkpt lat="38.25739860534668" lon="-120.16766309738159" />
      <trkpt lat="38.257355690002441" lon="-120.16807079315186" />
      <trkpt lat="38.257269859313965" lon="-120.16830682754517" />
      <trkpt lat="38.25714111328125" lon="-120.16830682754517" />
      <trkpt lat="38.256990909576416" lon="-120.16807079315186" />
      <trkpt lat="38.256797790527344" lon="-120.16807079315186" />
      <trkpt lat="38.256433010101318" lon="-120.16757726669312" />
      <trkpt lat="38.256003856658936" lon="-120.16712665557861" />
      <trkpt lat="38.25563907623291" lon="-120.16556024551392" />
      <trkpt lat="38.2554030418396" lon="-120.16502380371094" />
      <trkpt lat="38.255124092102051" lon="-120.16446590423584" />
      <trkpt lat="38.25465202331543" lon="-120.16392946243286" />
      <trkpt lat="38.254373073577881" lon="-120.16382217407227" />
      <trkpt lat="38.253836631774902" lon="-120.16395092010498" />
      <trkpt lat="38.253321647644043" lon="-120.16431570053101" />
      <trkpt lat="38.252956867218018" lon="-120.16448736190796" />
      <trkpt lat="38.252205848693848" lon="-120.16461610794067" />
      <trkpt lat="38.251540660858154" lon="-120.16459465026855" />
      <trkpt lat="38.251132965087891" lon="-120.16468048095703" />
      <trkpt lat="38.250811100006104" lon="-120.1649808883667" />
      <trkpt lat="38.25063943862915" lon="-120.16558170318604" />
      <trkpt lat="38.25066089630127" lon="-120.1665472984314" />
      <trkpt lat="38.250446319580078" lon="-120.16716957092285" />
      <trkpt lat="38.250167369842529" lon="-120.16766309738159" />
      <trkpt lat="38.24965238571167" lon="-120.16785621643066" />
      <trkpt lat="38.249073028564453" lon="-120.16783475875854" />
      <trkpt lat="38.248236179351807" lon="-120.16753435134888" />
      <trkpt lat="38.247270584106445" lon="-120.16772747039795" />
      <trkpt lat="38.246691226959229" lon="-120.16764163970947" />
      <trkpt lat="38.246498107910156" lon="-120.16794204711914" />
      <trkpt lat="38.245596885681152" lon="-120.16862869262695" />
      <trkpt lat="38.24540376663208" lon="-120.1690149307251" />
      <trkpt lat="38.245017528533936" lon="-120.17013072967529" />
      <trkpt lat="38.244717121124268" lon="-120.1714825630188" />
      <trkpt lat="38.244631290435791" lon="-120.17195463180542" />
      <trkpt lat="38.24465274810791" lon="-120.17261981964111" />
      <trkpt lat="38.244695663452148" lon="-120.1728343963623" />
      <trkpt lat="38.244824409484863" lon="-120.17307043075562" />
      <trkpt lat="38.244953155517578" lon="-120.17324209213257" />
      <trkpt lat="38.245425224304199" lon="-120.17322063446045" />
      <trkpt lat="38.245618343353271" lon="-120.17332792282104" />
      <trkpt lat="38.245682716369629" lon="-120.17343521118164" />
      <trkpt lat="38.24566125869751" lon="-120.17435789108276" />
      <trkpt lat="38.245768547058105" lon="-120.17502307891846" />
      <trkpt lat="38.245983123779297" lon="-120.17523765563965" />
      <trkpt lat="38.246176242828369" lon="-120.17528057098389" />
      <trkpt lat="38.246455192565918" lon="-120.17588138580322" />
      <trkpt lat="38.246626853942871" lon="-120.17601013183594" />
      <trkpt lat="38.246798515319824" lon="-120.17607450485229" />
      <trkpt lat="38.246991634368896" lon="-120.17598867416382" />
      <trkpt lat="38.247506618499756" lon="-120.17558097839355" />
      <trkpt lat="38.247592449188232" lon="-120.17555952072144" />
      <trkpt lat="38.247699737548828" lon="-120.17562389373779" />
      <trkpt lat="38.247764110565186" lon="-120.17581701278687" />
      <trkpt lat="38.24765682220459" lon="-120.17635345458984" />
      <trkpt lat="38.247313499450684" lon="-120.17729759216309" />
      <trkpt lat="38.247034549713135" lon="-120.17764091491699" />
      <trkpt lat="38.246541023254395" lon="-120.17811298370361" />
      <trkpt lat="38.245875835418701" lon="-120.17856359481812" />
      <trkpt lat="38.245038986206055" lon="-120.17982959747314" />
      <trkpt lat="38.244760036468506" lon="-120.18079519271851" />
      <trkpt lat="38.244845867156982" lon="-120.18122434616089" />
      <trkpt lat="38.245017528533936" lon="-120.18148183822632" />
      <trkpt lat="38.245725631713867" lon="-120.18161058425903" />
      <trkpt lat="38.245811462402344" lon="-120.18176078796387" />
      <trkpt lat="38.245832920074463" lon="-120.18197536468506" />
      <trkpt lat="38.245747089385986" lon="-120.18221139907837" />
      <trkpt lat="38.245639801025391" lon="-120.18231868743896" />
      <trkpt lat="38.24566125869751" lon="-120.18259763717651" />
      <trkpt lat="38.245618343353271" lon="-120.18334865570068" />
      <trkpt lat="38.245983123779297" lon="-120.18452882766724" />
      <trkpt lat="38.245639801025391" lon="-120.18476486206055" />
      <trkpt lat="38.244931697845459" lon="-120.18543004989624" />
      <trkpt lat="38.244524002075195" lon="-120.18596649169922" />
      <trkpt lat="38.244481086730957" lon="-120.18615961074829" />
      <trkpt lat="38.24439525604248" lon="-120.18714666366577" />
      <trkpt lat="38.244309425354004" lon="-120.18733978271484" />
      <trkpt lat="38.243494033813477" lon="-120.18779039382935" />
      <trkpt lat="38.242721557617188" lon="-120.1884126663208" />
      <trkpt lat="38.242614269256592" lon="-120.18860578536987" />
      <trkpt lat="38.24242115020752" lon="-120.18922805786133" />
      <trkpt lat="38.24190616607666" lon="-120.18937826156616" />
      <trkpt lat="38.24164867401123" lon="-120.18935680389404" />
      <trkpt lat="38.241240978240967" lon="-120.18924951553345" />
      <trkpt lat="38.240811824798584" lon="-120.18929243087769" />
      <trkpt lat="38.240554332733154" lon="-120.18935680389404" />
      <trkpt lat="38.240382671356201" lon="-120.18950700759888" />
      <trkpt lat="38.240189552307129" lon="-120.18989324569702" />
      <trkpt lat="38.240125179290771" lon="-120.19019365310669" />
      <trkpt lat="38.24016809463501" lon="-120.19038677215576" />
      <trkpt lat="38.240275382995605" lon="-120.19049406051636" />
      <trkpt lat="38.240618705749512" lon="-120.19064426422119" />
      <trkpt lat="38.240704536437988" lon="-120.19085884094238" />
      <trkpt lat="38.24016809463501" lon="-120.19070863723755" />
      <trkpt lat="38.240060806274414" lon="-120.19060134887695" />
      <trkpt lat="38.239996433258057" lon="-120.1904296875" />
      <trkpt lat="38.239846229553223" lon="-120.18924951553345" />
      <trkpt lat="38.240039348602295" lon="-120.18828392028809" />
      <trkpt lat="38.240211009979248" lon="-120.18776893615723" />
      <trkpt lat="38.240189552307129" lon="-120.18764019012451" />
      <trkpt lat="38.239760398864746" lon="-120.18727540969849" />
      <trkpt lat="38.239181041717529" lon="-120.18648147583008" />
      <trkpt lat="38.239073753356934" lon="-120.18607378005981" />
      <trkpt lat="38.239009380340576" lon="-120.18517255783081" />
      <trkpt lat="38.239030838012695" lon="-120.1848292350769" />
      <trkpt lat="38.239438533782959" lon="-120.18371343612671" />
      <trkpt lat="38.239395618438721" lon="-120.18358469009399" />
      <trkpt lat="38.239288330078125" lon="-120.1834774017334" />
      <trkpt lat="38.239138126373291" lon="-120.1834774017334" />
      <trkpt lat="38.238987922668457" lon="-120.18356323242187" />
      <trkpt lat="38.238730430603027" lon="-120.18416404724121" />
      <trkpt lat="38.23817253112793" lon="-120.18512964248657" />
      <trkpt lat="38.237957954406738" lon="-120.1859450340271" />
      <trkpt lat="38.237936496734619" lon="-120.18622398376465" />
      <trkpt lat="38.237850666046143" lon="-120.18620252609253" />
      <trkpt lat="38.237571716308594" lon="-120.18573045730591" />
      <trkpt lat="38.23742151260376" lon="-120.1858377456665" />
      <trkpt lat="38.237378597259521" lon="-120.18607378005981" />
      <trkpt lat="38.237400054931641" lon="-120.18628835678101" />
      <trkpt lat="38.237614631652832" lon="-120.18676042556763" />
      <trkpt lat="38.23765754699707" lon="-120.18714666366577" />
      <trkpt lat="38.237056732177734" lon="-120.18800497055054" />
      <trkpt lat="38.237185478210449" lon="-120.18714666366577" />
      <trkpt lat="38.237121105194092" lon="-120.18701791763306" />
      <trkpt lat="38.236842155456543" lon="-120.18669605255127" />
      <trkpt lat="38.236370086669922" lon="-120.18643856048584" />
      <trkpt lat="38.236091136932373" lon="-120.18618106842041" />
      <trkpt lat="38.235962390899658" lon="-120.18558025360107" />
      <trkpt lat="38.235898017883301" lon="-120.18543004989624" />
      <trkpt lat="38.23566198348999" lon="-120.18508672714233" />
      <trkpt lat="38.235490322113037" lon="-120.18491506576538" />
      <trkpt lat="38.235490322113037" lon="-120.18470048904419" />
      <trkpt lat="38.235898017883301" lon="-120.18364906311035" />
      <trkpt lat="38.235876560211182" lon="-120.18356323242187" />
      <trkpt lat="38.235790729522705" lon="-120.18352031707764" />
      <trkpt lat="38.234760761260986" lon="-120.18369197845459" />
      <trkpt lat="38.234546184539795" lon="-120.18364906311035" />
      <trkpt lat="38.234481811523438" lon="-120.18345594406128" />
      <trkpt lat="38.234438896179199" lon="-120.18281221389771" />
      <trkpt lat="38.234460353851318" lon="-120.18218994140625" />
      <trkpt lat="38.234503269195557" lon="-120.18197536468506" />
      <trkpt lat="38.234825134277344" lon="-120.18124580383301" />
      <trkpt lat="38.235211372375488" lon="-120.18079519271851" />
      <trkpt lat="38.235254287719727" lon="-120.18064498901367" />
      <trkpt lat="38.235082626342773" lon="-120.18025875091553" />
      <trkpt lat="38.235039710998535" lon="-120.17993688583374" />
      <trkpt lat="38.235082626342773" lon="-120.17957210540771" />
      <trkpt lat="38.235061168670654" lon="-120.1793360710144" />
      <trkpt lat="38.234889507293701" lon="-120.17884254455566" />
      <trkpt lat="38.234868049621582" lon="-120.17852067947388" />
      <trkpt lat="38.234996795654297" lon="-120.17770528793335" />
      <trkpt lat="38.235125541687012" lon="-120.17736196517944" />
      <trkpt lat="38.235146999359131" lon="-120.17716884613037" />
      <trkpt lat="38.235104084014893" lon="-120.17680406570435" />
      <trkpt lat="38.23491096496582" lon="-120.17594575881958" />
      <trkpt lat="38.235061168670654" lon="-120.17474412918091" />
      <trkpt lat="38.235061168670654" lon="-120.17414331436157" />
      <trkpt lat="38.235211372375488" lon="-120.17364978790283" />
      <trkpt lat="38.235254287719727" lon="-120.17330646514893" />
      <trkpt lat="38.234975337982178" lon="-120.17141819000244" />
      <trkpt lat="38.234996795654297" lon="-120.17124652862549" />
      <trkpt lat="38.235833644866943" lon="-120.16880035400391" />
      <trkpt lat="38.235833644866943" lon="-120.16865015029907" />
      <trkpt lat="38.235790729522705" lon="-120.16852140426636" />
      <trkpt lat="38.235275745391846" lon="-120.16809225082397" />
      <trkpt lat="38.235104084014893" lon="-120.16770601272583" />
      <trkpt lat="38.234546184539795" lon="-120.16686916351318" />
      <trkpt lat="38.234524726867676" lon="-120.16637563705444" />
      <trkpt lat="38.234632015228271" lon="-120.16579627990723" />
      <trkpt lat="38.234696388244629" lon="-120.16510963439941" />
      <trkpt lat="38.234567642211914" lon="-120.16435861587524" />
      <trkpt lat="38.234245777130127" lon="-120.16345739364624" />
      <trkpt lat="38.234245777130127" lon="-120.16253471374512" />
      <trkpt lat="38.23415994644165" lon="-120.16159057617187" />
      <trkpt lat="38.234224319458008" lon="-120.16088247299194" />
      <trkpt lat="38.234481811523438" lon="-120.1604962348938" />
      <trkpt lat="38.23441743850708" lon="-120.16036748886108" />
      <trkpt lat="38.234031200408936" lon="-120.1599383354187" />
      <trkpt lat="38.233859539031982" lon="-120.15910148620605" />
      <trkpt lat="38.233730792999268" lon="-120.15886545181274" />
      <trkpt lat="38.232529163360596" lon="-120.1575779914856" />
      <trkpt lat="38.232464790344238" lon="-120.15732049942017" />
      <trkpt lat="38.232336044311523" lon="-120.15639781951904" />
      <trkpt lat="38.232057094573975" lon="-120.15502452850342" />
      <trkpt lat="38.232336044311523" lon="-120.15478849411011" />
      <trkpt lat="38.232550621032715" lon="-120.15440225601196" />
      <trkpt lat="38.232593536376953" lon="-120.15420913696289" />
      <trkpt lat="38.232572078704834" lon="-120.15382289886475" />
      <trkpt lat="38.232400417327881" lon="-120.15317916870117" />
      <trkpt lat="38.232100009918213" lon="-120.15174150466919" />
      <trkpt lat="38.232035636901855" lon="-120.15129089355469" />
      <trkpt lat="38.231885433197021" lon="-120.15081882476807" />
      <trkpt lat="38.231876296922565" lon="-120.150644229725" />
      <trkpt lat="38.231885433197021" lon="-120.15081882476807" />
      <trkpt lat="38.232035636901855" lon="-120.15129089355469" />
      <trkpt lat="38.232100009918213" lon="-120.15174150466919" />
      <trkpt lat="38.232400417327881" lon="-120.15317916870117" />
      <trkpt lat="38.232572078704834" lon="-120.15382289886475" />
      <trkpt lat="38.232593536376953" lon="-120.15420913696289" />
      <trkpt lat="38.232550621032715" lon="-120.15440225601196" />
      <trkpt lat="38.232336044311523" lon="-120.15478849411011" />
      <trkpt lat="38.232057094573975" lon="-120.15502452850342" />
      <trkpt lat="38.231992721557617" lon="-120.15352249145508" />
      <trkpt lat="38.231756687164307" lon="-120.15234231948853" />
      <trkpt lat="38.23167085647583" lon="-120.15214920043945" />
      <trkpt lat="38.2314133644104" lon="-120.15172004699707" />
      <trkpt lat="38.231284618377686" lon="-120.1514196395874" />
      <trkpt lat="38.231070041656494" lon="-120.15049695968628" />
      <trkpt lat="38.230984210968018" lon="-120.14946699142456" />
      <trkpt lat="38.230898380279541" lon="-120.14687061309814" />
      <trkpt lat="38.230941295623779" lon="-120.14626979827881" />
      <trkpt lat="38.230941295623779" lon="-120.14588356018066" />
      <trkpt lat="38.230490684509277" lon="-120.1450252532959" />
      <trkpt lat="38.230254650115967" lon="-120.14414548873901" />
      <trkpt lat="38.23066234588623" lon="-120.14268636703491" />
      <trkpt lat="38.230726718902588" lon="-120.14217138290405" />
      <trkpt lat="38.23066234588623" lon="-120.14176368713379" />
      <trkpt lat="38.230533599853516" lon="-120.14146327972412" />
      <trkpt lat="38.230512142181396" lon="-120.14096975326538" />
      <trkpt lat="38.230705261230469" lon="-120.13991832733154" />
      <trkpt lat="38.230962753295898" lon="-120.13910293579102" />
      <trkpt lat="38.232035636901855" lon="-120.1343822479248" />
      <trkpt lat="38.232228755950928" lon="-120.13330936431885" />
      <trkpt lat="38.232722282409668" lon="-120.13230085372925" />
      <trkpt lat="38.233151435852051" lon="-120.13088464736938" />
      <trkpt lat="38.233323097229004" lon="-120.13064861297607" />
      <trkpt lat="38.23418140411377" lon="-120.12966156005859" />
      <trkpt lat="38.234524726867676" lon="-120.12914657592773" />
      <trkpt lat="38.234632015228271" lon="-120.1288890838623" />
      <trkpt lat="38.234868049621582" lon="-120.12773036956787" />
      <trkpt lat="38.235082626342773" lon="-120.12627124786377" />
      <trkpt lat="38.235340118408203" lon="-120.1250696182251" />
      <trkpt lat="38.23566198348999" lon="-120.12397527694702" />
      <trkpt lat="38.235833644866943" lon="-120.1229453086853" />
      <trkpt lat="38.235962390899658" lon="-120.12251615524292" />
      <trkpt lat="38.236134052276611" lon="-120.12217283248901" />
      <trkpt lat="38.236541748046875" lon="-120.12082099914551" />
      <trkpt lat="38.237121105194092" lon="-120.11964082717896" />
      <trkpt lat="38.237786293029785" lon="-120.11728048324585" />
      <trkpt lat="38.2379150390625" lon="-120.11627197265625" />
      <trkpt lat="38.2379150390625" lon="-120.11564970016479" />
      <trkpt lat="38.237721920013428" lon="-120.11507034301758" />
      <trkpt lat="38.237314224243164" lon="-120.11451244354248" />
      <trkpt lat="38.237206935882568" lon="-120.11412620544434" />
      <trkpt lat="38.237206935882568" lon="-120.11378288269043" />
      <trkpt lat="38.237485885620117" lon="-120.11225938796997" />
      <trkpt lat="38.237335681915283" lon="-120.11122941970825" />
      <trkpt lat="38.237378597259521" lon="-120.1106071472168" />
      <trkpt lat="38.23742151260376" lon="-120.11043548583984" />
      <trkpt lat="38.237593173980713" lon="-120.10998487472534" />
      <trkpt lat="38.237743377685547" lon="-120.10970592498779" />
      <trkpt lat="38.238000869750977" lon="-120.10931968688965" />
      <trkpt lat="38.238430023193359" lon="-120.10884761810303" />
      <trkpt lat="38.238537311553955" lon="-120.10865449905396" />
      <trkpt lat="38.238966464996338" lon="-120.10717391967773" />
      <trkpt lat="38.239030838012695" lon="-120.10695934295654" />
      <trkpt lat="38.239202499389648" lon="-120.10674476623535" />
      <trkpt lat="38.239438533782959" lon="-120.10650873184204" />
      <trkpt lat="38.239610195159912" lon="-120.10644435882568" />
      <trkpt lat="38.240554332733154" lon="-120.10650873184204" />
      <trkpt lat="38.240833282470703" lon="-120.10637998580933" />
      <trkpt lat="38.240962028503418" lon="-120.10622978210449" />
      <trkpt lat="38.241541385650635" lon="-120.1051139831543" />
      <trkpt lat="38.242077827453613" lon="-120.10386943817139" />
      <trkpt lat="38.242099285125732" lon="-120.10369777679443" />
      <trkpt lat="38.241970539093018" lon="-120.10318279266357" />
      <trkpt lat="38.241970539093018" lon="-120.10296821594238" />
      <trkpt lat="38.242549896240234" lon="-120.10165929794312" />
      <trkpt lat="38.242700099945068" lon="-120.10099411010742" />
      <trkpt lat="38.243086338043213" lon="-120.10050058364868" />
      <trkpt lat="38.243923187255859" lon="-120.09979248046875" />
      <trkpt lat="38.244180679321289" lon="-120.09944915771484" />
      <trkpt lat="38.244502544403076" lon="-120.09882688522339" />
      <trkpt lat="38.244717121124268" lon="-120.09811878204346" />
      <trkpt lat="38.245103359222412" lon="-120.09713172912598" />
      <trkpt lat="38.245382308959961" lon="-120.09670257568359" />
      <trkpt lat="38.24589729309082" lon="-120.09616613388062" />
      <trkpt lat="38.246283531188965" lon="-120.09573698043823" />
      <trkpt lat="38.246433734893799" lon="-120.09543657302856" />
      <trkpt lat="38.246519565582275" lon="-120.09517908096313" />
      <trkpt lat="38.246691226959229" lon="-120.09399890899658" />
      <trkpt lat="38.247420787811279" lon="-120.09215354919434" />
      <trkpt lat="38.247420787811279" lon="-120.09170293807983" />
      <trkpt lat="38.247356414794922" lon="-120.0914454460144" />
      <trkpt lat="38.24714183807373" lon="-120.09120941162109" />
      <trkpt lat="38.247034549713135" lon="-120.0909948348999" />
      <trkpt lat="38.246927261352539" lon="-120.09069442749023" />
      <trkpt lat="38.246798515319824" lon="-120.09002923965454" />
      <trkpt lat="38.246819972991943" lon="-120.08975028991699" />
      <trkpt lat="38.247184753417969" lon="-120.08876323699951" />
      <trkpt lat="38.247678279876709" lon="-120.08803367614746" />
      <trkpt lat="38.248107433319092" lon="-120.08779764175415" />
      <trkpt lat="38.249030113220215" lon="-120.08754014968872" />
      <trkpt lat="38.249738216400146" lon="-120.08678913116455" />
      <trkpt lat="38.249952793121338" lon="-120.08646726608276" />
      <trkpt lat="38.250167369842529" lon="-120.08552312850952" />
      <trkpt lat="38.250553607940674" lon="-120.08485794067383" />
      <trkpt lat="38.250918388366699" lon="-120.0846004486084" />
      <trkpt lat="38.251454830169678" lon="-120.08440732955933" />
      <trkpt lat="38.251733779907227" lon="-120.08391380310059" />
      <trkpt lat="38.252034187316895" lon="-120.08352756500244" />
      <trkpt lat="38.252291679382324" lon="-120.08327007293701" />
      <trkpt lat="38.252570629119873" lon="-120.08322715759277" />
      <trkpt lat="38.252935409545898" lon="-120.08327007293701" />
      <trkpt lat="38.253793716430664" lon="-120.08357048034668" />
      <trkpt lat="38.254265785217285" lon="-120.08367776870728" />
      <trkpt lat="38.255016803741455" lon="-120.08399963378906" />
      <trkpt lat="38.256068229675293" lon="-120.08462190628052" />
      <trkpt lat="38.256218433380127" lon="-120.08457899093628" />
      <trkpt lat="38.256304264068604" lon="-120.08432149887085" />
      <trkpt lat="38.256690502166748" lon="-120.08384943008423" />
      <trkpt lat="38.256862163543701" lon="-120.08342027664185" />
      <trkpt lat="38.256840705871582" lon="-120.08273363113403" />
      <trkpt lat="38.256990909576416" lon="-120.08196115493774" />
      <trkpt lat="38.257184028625488" lon="-120.081467628479" />
      <trkpt lat="38.257999420166016" lon="-120.08075952529907" />
      <trkpt lat="38.258450031280518" lon="-120.08026599884033" />
      <trkpt lat="38.258857727050781" lon="-120.07932186126709" />
      <trkpt lat="38.259179592132568" lon="-120.07908582687378" />
      <trkpt lat="38.260982036590576" lon="-120.07884979248047" />
      <trkpt lat="38.261454105377197" lon="-120.07863521575928" />
      <trkpt lat="38.262012004852295" lon="-120.07822751998901" />
      <trkpt lat="38.262248039245605" lon="-120.07777690887451" />
      <trkpt lat="38.262355327606201" lon="-120.07730484008789" />
      <trkpt lat="38.262226581573486" lon="-120.07678985595703" />
      <trkpt lat="38.261303901672363" lon="-120.07560968399048" />
      <trkpt lat="38.260831832885742" lon="-120.07455825805664" />
      <trkpt lat="38.2608962059021" lon="-120.07421493530273" />
      <trkpt lat="38.261046409606934" lon="-120.07397890090942" />
      <trkpt lat="38.262076377868652" lon="-120.07331371307373" />
      <trkpt lat="38.262698650360107" lon="-120.07256269454956" />
      <trkpt lat="38.263020515441895" lon="-120.07191896438599" />
      <trkpt lat="38.263256549835205" lon="-120.0715970993042" />
      <trkpt lat="38.263792991638184" lon="-120.07121086120605" />
      <trkpt lat="38.264007568359375" lon="-120.07106065750122" />
      <trkpt lat="38.264243602752686" lon="-120.07108211517334" />
      <trkpt lat="38.26462984085083" lon="-120.07138252258301" />
      <trkpt lat="38.264908790588379" lon="-120.07146835327148" />
      <trkpt lat="38.265058994293213" lon="-120.07101774215698" />
      <trkpt lat="38.265080451965332" lon="-120.07084608078003" />
      <trkpt lat="38.264951705932617" lon="-120.07030963897705" />
      <trkpt lat="38.264930248260498" lon="-120.06988048553467" />
      <trkpt lat="38.265230655670166" lon="-120.06882905960083" />
      <trkpt lat="38.265252113342285" lon="-120.06835699081421" />
      <trkpt lat="38.26512336730957" lon="-120.06809949874878" />
      <trkpt lat="38.264565467834473" lon="-120.06764888763428" />
      <trkpt lat="38.264307975769043" lon="-120.06728410720825" />
      <trkpt lat="38.264179229736328" lon="-120.06691932678223" />
      <trkpt lat="38.262934684753418" lon="-120.06438732147217" />
      <trkpt lat="38.26063871383667" lon="-120.06312131881714" />
      <trkpt lat="38.26038122177124" lon="-120.06277799606323" />
      <trkpt lat="38.261046409606934" lon="-120.0626277923584" />
      <trkpt lat="38.26214075088501" lon="-120.06254196166992" />
      <trkpt lat="38.262977600097656" lon="-120.06239175796509" />
      <trkpt lat="38.26362133026123" lon="-120.06245613098145" />
      <trkpt lat="38.264307975769043" lon="-120.06264925003052" />
      <trkpt lat="38.264694213867188" lon="-120.0626277923584" />
      <trkpt lat="38.264737129211426" lon="-120.06249904632568" />
      <trkpt lat="38.264780044555664" lon="-120.06237030029297" />
      <trkpt lat="38.264672756195068" lon="-120.0620698928833" />
      <trkpt lat="38.264114856719971" lon="-120.06155490875244" />
      <trkpt lat="38.26289176940918" lon="-120.06069660186768" />
      <trkpt lat="38.262441158294678" lon="-120.06024599075317" />
      <trkpt lat="38.261969089508057" lon="-120.05955934524536" />
      <trkpt lat="38.261539936065674" lon="-120.05865812301636" />
      <trkpt lat="38.260960578918457" lon="-120.05764961242676" />
      <trkpt lat="38.260509967803955" lon="-120.05679130554199" />
      <trkpt lat="38.260209560394287" lon="-120.05625486373901" />
      <trkpt lat="38.259801864624023" lon="-120.05571842193604" />
      <trkpt lat="38.259479999542236" lon="-120.05486011505127" />
      <trkpt lat="38.258578777313232" lon="-120.05398035049438" />
      <trkpt lat="38.258171081542969" lon="-120.05383014678955" />
      <trkpt lat="38.257570266723633" lon="-120.05327224731445" />
      <trkpt lat="38.257548809051514" lon="-120.05301475524902" />
      <trkpt lat="38.257591724395752" lon="-120.05288600921631" />
      <trkpt lat="38.257784843444824" lon="-120.05288600921631" />
      <trkpt lat="38.25838565826416" lon="-120.05333662033081" />
      <trkpt lat="38.258728981018066" lon="-120.05342245101929" />
      <trkpt lat="38.259050846099854" lon="-120.05367994308472" />
      <trkpt lat="38.26014518737793" lon="-120.05479574203491" />
      <trkpt lat="38.261690139770508" lon="-120.05563259124756" />
      <trkpt lat="38.262162208557129" lon="-120.05599737167358" />
      <trkpt lat="38.262741565704346" lon="-120.0561261177063" />
      <trkpt lat="38.263471126556396" lon="-120.05666255950928" />
      <trkpt lat="38.263943195343018" lon="-120.0571346282959" />
      <trkpt lat="38.264479637145996" lon="-120.05728483200073" />
      <trkpt lat="38.264908790588379" lon="-120.05719900131226" />
      <trkpt lat="38.265616893768311" lon="-120.0566840171814" />
      <trkpt lat="38.2663893699646" lon="-120.05644798278809" />
      <trkpt lat="38.267247676849365" lon="-120.05631923675537" />
      <trkpt lat="38.268084526062012" lon="-120.05638360977173" />
      <trkpt lat="38.268256187438965" lon="-120.05629777908325" />
      <trkpt lat="38.268234729766846" lon="-120.05610466003418" />
      <trkpt lat="38.267891407012939" lon="-120.05548238754272" />
      <trkpt lat="38.267912864685059" lon="-120.05524635314941" />
      <trkpt lat="38.267977237701416" lon="-120.05460262298584" />
      <trkpt lat="38.268213272094727" lon="-120.05346536636353" />
      <trkpt lat="38.268513679504395" lon="-120.05172729492187" />
      <trkpt lat="38.268427848815918" lon="-120.05091190338135" />
      <trkpt lat="38.268234729766846" lon="-120.05013942718506" />
      <trkpt lat="38.267955780029297" lon="-120.04938840866089" />
      <trkpt lat="38.267891407012939" lon="-120.048508644104" />
      <trkpt lat="38.268105983734131" lon="-120.04786491394043" />
      <trkpt lat="38.26838493347168" lon="-120.04734992980957" />
      <trkpt lat="38.268513679504395" lon="-120.04677057266235" />
      <trkpt lat="38.269457817077637" lon="-120.04509687423706" />
      <trkpt lat="38.268964290618896" lon="-120.04498958587646" />
      <trkpt lat="38.268513679504395" lon="-120.04507541656494" />
      <trkpt lat="38.268320560455322" lon="-120.04546165466309" />
      <trkpt lat="38.268277645111084" lon="-120.04584789276123" />
      <trkpt lat="38.268299102783203" lon="-120.04642724990845" />
      <trkpt lat="38.268170356750488" lon="-120.04692077636719" />
      <trkpt lat="38.267998695373535" lon="-120.04724264144897" />
      <trkpt lat="38.267698287963867" lon="-120.04747867584229" />
      <trkpt lat="38.267397880554199" lon="-120.04788637161255" />
      <trkpt lat="38.267290592193604" lon="-120.04833698272705" />
      <trkpt lat="38.267290592193604" lon="-120.04885196685791" />
      <trkpt lat="38.267440795898437" lon="-120.04936695098877" />
      <trkpt lat="38.266904354095459" lon="-120.05131959915161" />
      <trkpt lat="38.26662540435791" lon="-120.05157709121704" />
      <trkpt lat="38.266410827636719" lon="-120.05149126052856" />
      <trkpt lat="38.266024589538574" lon="-120.05086898803711" />
      <trkpt lat="38.265810012817383" lon="-120.05074024200439" />
      <trkpt lat="38.265509605407715" lon="-120.05071878433228" />
      <trkpt lat="38.264672756195068" lon="-120.05033254623413" />
      <trkpt lat="38.263964653015137" lon="-120.05033254623413" />
      <trkpt lat="38.263771533966064" lon="-120.0501823425293" />
      <trkpt lat="38.263599872589111" lon="-120.04983901977539" />
      <trkpt lat="38.263299465179443" lon="-120.04966735839844" />
      <trkpt lat="38.262548446655273" lon="-120.04949569702148" />
      <trkpt lat="38.262419700622559" lon="-120.04940986633301" />
      <trkpt lat="38.262269496917725" lon="-120.04932403564453" />
      <trkpt lat="38.262076377868652" lon="-120.04837989807129" />
      <trkpt lat="38.261260986328125" lon="-120.047607421875" />
      <trkpt lat="38.26087474822998" lon="-120.04745721817017" />
      <trkpt lat="38.260724544525146" lon="-120.04732847213745" />
      <trkpt lat="38.260552883148193" lon="-120.04631996154785" />
      <trkpt lat="38.260166645050049" lon="-120.04593372344971" />
      <trkpt lat="38.260188102722168" lon="-120.04574060440063" />
      <trkpt lat="38.26038122177124" lon="-120.04539728164673" />
      <trkpt lat="38.260295391082764" lon="-120.0451397895813" />
      <trkpt lat="38.259694576263428" lon="-120.04426002502441" />
      <trkpt lat="38.259501457214355" lon="-120.04410982131958" />
      <trkpt lat="38.258793354034424" lon="-120.04385232925415" />
      <trkpt lat="38.258471488952637" lon="-120.04361629486084" />
      <trkpt lat="38.258085250854492" lon="-120.0430154800415" />
      <trkpt lat="38.257741928100586" lon="-120.04170656204224" />
      <trkpt lat="38.257441520690918" lon="-120.04142761230469" />
      <trkpt lat="38.257334232330322" lon="-120.04119157791138" />
      <trkpt lat="38.257355690002441" lon="-120.04095554351807" />
      <trkpt lat="38.257484436035156" lon="-120.04086971282959" />
      <trkpt lat="38.257591724395752" lon="-120.04097700119019" />
      <trkpt lat="38.257977962493896" lon="-120.04159927368164" />
      <trkpt lat="38.25838565826416" lon="-120.04179239273071" />
      <trkpt lat="38.259050846099854" lon="-120.04224300384521" />
      <trkpt lat="38.259201049804688" lon="-120.04260778427124" />
      <trkpt lat="38.259372711181641" lon="-120.04271507263184" />
      <trkpt lat="38.260295391082764" lon="-120.04275798797607" />
      <trkpt lat="38.260724544525146" lon="-120.04290819168091" />
      <trkpt lat="38.261260986328125" lon="-120.04262924194336" />
      <trkpt lat="38.261497020721436" lon="-120.04273653030396" />
      <trkpt lat="38.261411190032959" lon="-120.04241466522217" />
      <trkpt lat="38.260617256164551" lon="-120.0420069694519" />
      <trkpt lat="38.260402679443359" lon="-120.04157781600952" />
      <trkpt lat="38.260231018066406" lon="-120.04140615463257" />
      <trkpt lat="38.259801864624023" lon="-120.04142761230469" />
      <trkpt lat="38.259544372558594" lon="-120.04127740859985" />
      <trkpt lat="38.259265422821045" lon="-120.0409984588623" />
      <trkpt lat="38.259201049804688" lon="-120.0406551361084" />
      <trkpt lat="38.259372711181641" lon="-120.04050493240356" />
      <trkpt lat="38.259651660919189" lon="-120.04050493240356" />
      <trkpt lat="38.259930610656738" lon="-120.04063367843628" />
      <trkpt lat="38.260123729705811" lon="-120.04063367843628" />
      <trkpt lat="38.260102272033691" lon="-120.04050493240356" />
      <trkpt lat="38.259823322296143" lon="-120.04033327102661" />
      <trkpt lat="38.259544372558594" lon="-120.03996849060059" />
      <trkpt lat="38.259050846099854" lon="-120.03902435302734" />
      <trkpt lat="38.258020877838135" lon="-120.03874540328979" />
      <trkpt lat="38.257720470428467" lon="-120.03844499588013" />
      <trkpt lat="38.257484436035156" lon="-120.03803730010986" />
      <trkpt lat="38.256840705871582" lon="-120.03760814666748" />
      <trkpt lat="38.256540298461914" lon="-120.03754377365112" />
      <trkpt lat="38.255338668823242" lon="-120.03876686096191" />
      <trkpt lat="38.254587650299072" lon="-120.03941059112549" />
      <trkpt lat="38.254222869873047" lon="-120.03988265991211" />
      <trkpt lat="38.25413703918457" lon="-120.04033327102661" />
      <trkpt lat="38.253986835479736" lon="-120.04044055938721" />
      <trkpt lat="38.253750801086426" lon="-120.04046201705933" />
      <trkpt lat="38.25340747833252" lon="-120.04037618637085" />
      <trkpt lat="38.253107070922852" lon="-120.04050493240356" />
      <trkpt lat="38.25263500213623" lon="-120.04080533981323" />
      <trkpt lat="38.252291679382324" lon="-120.04140615463257" />
      <trkpt lat="38.252034187316895" lon="-120.04170656204224" />
      <trkpt lat="38.251669406890869" lon="-120.04164218902588" />
      <trkpt lat="38.250939846038818" lon="-120.04114866256714" />
      <trkpt lat="38.2499098777771" lon="-120.04074096679687" />
      <trkpt lat="38.24840784072876" lon="-120.04031181335449" />
      <trkpt lat="38.247442245483398" lon="-120.0402045249939" />
      <trkpt lat="38.246347904205322" lon="-120.04048347473145" />
      <trkpt lat="38.246219158172607" lon="-120.04061222076416" />
      <trkpt lat="38.245768547058105" lon="-120.04147052764893" />
      <trkpt lat="38.24566125869751" lon="-120.04204988479614" />
      <trkpt lat="38.245618343353271" lon="-120.04265069961548" />
      <trkpt lat="38.245511054992676" lon="-120.04284381866455" />
      <trkpt lat="38.244996070861816" lon="-120.04333734512329" />
      <trkpt lat="38.244545459747314" lon="-120.04338026046753" />
      <trkpt lat="38.244330883026123" lon="-120.04350900650024" />
      <trkpt lat="38.243751525878906" lon="-120.04430294036865" />
      <trkpt lat="38.243687152862549" lon="-120.04451751708984" />
      <trkpt lat="38.243622779846191" lon="-120.0445818901062" />
      <trkpt lat="38.243536949157715" lon="-120.04449605941772" />
      <trkpt lat="38.243536949157715" lon="-120.04430294036865" />
      <trkpt lat="38.243987560272217" lon="-120.04307985305786" />
      <trkpt lat="38.244330883026123" lon="-120.04260778427124" />
      <trkpt lat="38.244631290435791" lon="-120.04196405410767" />
      <trkpt lat="38.24465274810791" lon="-120.04172801971436" />
      <trkpt lat="38.244609832763672" lon="-120.04144906997681" />
      <trkpt lat="38.244631290435791" lon="-120.04101991653442" />
      <trkpt lat="38.24491024017334" lon="-120.04014015197754" />
      <trkpt lat="38.245296478271484" lon="-120.03930330276489" />
      <trkpt lat="38.24540376663208" lon="-120.03883123397827" />
      <trkpt lat="38.245382308959961" lon="-120.03846645355225" />
      <trkpt lat="38.245468139648438" lon="-120.03831624984741" />
      <trkpt lat="38.245639801025391" lon="-120.03814458847046" />
      <trkpt lat="38.246133327484131" lon="-120.03793001174927" />
      <trkpt lat="38.246669769287109" lon="-120.03793001174927" />
      <trkpt lat="38.246798515319824" lon="-120.03782272338867" />
      <trkpt lat="38.247098922729492" lon="-120.03739356994629" />
      <trkpt lat="38.247442245483398" lon="-120.03700733184814" />
      <trkpt lat="38.247699737548828" lon="-120.03687858581543" />
      <trkpt lat="38.24815034866333" lon="-120.03698587417603" />
      <trkpt lat="38.248214721679688" lon="-120.03694295883179" />
      <trkpt lat="38.248343467712402" lon="-120.03632068634033" />
      <trkpt lat="38.24864387512207" lon="-120.03599882125854" />
      <trkpt lat="38.248772621154785" lon="-120.03593444824219" />
      <trkpt lat="38.249373435974121" lon="-120.03593444824219" />
      <trkpt lat="38.249609470367432" lon="-120.035719871521" />
      <trkpt lat="38.249759674072266" lon="-120.03567695617676" />
      <trkpt lat="38.250167369842529" lon="-120.03580570220947" />
      <trkpt lat="38.250725269317627" lon="-120.03580570220947" />
      <trkpt lat="38.25089693069458" lon="-120.0360631942749" />
      <trkpt lat="38.250961303710938" lon="-120.03604173660278" />
      <trkpt lat="38.251047134399414" lon="-120.03576278686523" />
      <trkpt lat="38.251175880432129" lon="-120.03486156463623" />
      <trkpt lat="38.251755237579346" lon="-120.03426074981689" />
      <trkpt lat="38.251991271972656" lon="-120.03423929214478" />
      <trkpt lat="38.252184391021729" lon="-120.0341534614563" />
      <trkpt lat="38.252828121185303" lon="-120.03175020217896" />
      <trkpt lat="38.253042697906494" lon="-120.03147125244141" />
      <trkpt lat="38.252785205841064" lon="-120.03140687942505" />
      <trkpt lat="38.252570629119873" lon="-120.03185749053955" />
      <trkpt lat="38.25239896774292" lon="-120.03243684768677" />
      <trkpt lat="38.252205848693848" lon="-120.03275871276855" />
      <trkpt lat="38.251798152923584" lon="-120.0331449508667" />
      <trkpt lat="38.250939846038818" lon="-120.03376722335815" />
      <trkpt lat="38.250424861907959" lon="-120.03398180007935" />
      <trkpt lat="38.249974250793457" lon="-120.03393888473511" />
      <trkpt lat="38.249673843383789" lon="-120.03372430801392" />
      <trkpt lat="38.249545097351074" lon="-120.03355264663696" />
      <trkpt lat="38.249416351318359" lon="-120.03335952758789" />
      <trkpt lat="38.249416351318359" lon="-120.03312349319458" />
      <trkpt lat="38.249630928039551" lon="-120.03267288208008" />
      <trkpt lat="38.249866962432861" lon="-120.03239393234253" />
      <trkpt lat="38.250253200531006" lon="-120.0320291519165" />
      <trkpt lat="38.250231742858887" lon="-120.03187894821167" />
      <trkpt lat="38.250167369842529" lon="-120.03177165985107" />
      <trkpt lat="38.248622417449951" lon="-120.031578540802" />
      <trkpt lat="38.248279094696045" lon="-120.03162145614624" />
      <trkpt lat="38.247528076171875" lon="-120.0321364402771" />
      <trkpt lat="38.247313499450684" lon="-120.0322437286377" />
      <trkpt lat="38.246734142303467" lon="-120.03207206726074" />
      <trkpt lat="38.246240615844727" lon="-120.03217935562134" />
      <trkpt lat="38.245296478271484" lon="-120.03250122070312" />
      <trkpt lat="38.24491024017334" lon="-120.03239393234253" />
      <trkpt lat="38.244760036468506" lon="-120.03245830535889" />
      <trkpt lat="38.243987560272217" lon="-120.03293037414551" />
      <trkpt lat="38.243687152862549" lon="-120.03378868103027" />
      <trkpt lat="38.242528438568115" lon="-120.03541946411133" />
      <trkpt lat="38.241841793060303" lon="-120.03608465194702" />
      <trkpt lat="38.241498470306396" lon="-120.03687858581543" />
      <trkpt lat="38.241369724273682" lon="-120.03698587417603" />
      <trkpt lat="38.240618705749512" lon="-120.03726482391357" />
      <trkpt lat="38.239502906799316" lon="-120.03842353820801" />
      <trkpt lat="38.239138126373291" lon="-120.03859519958496" />
      <trkpt lat="38.238387107849121" lon="-120.03872394561768" />
      <trkpt lat="38.237636089324951" lon="-120.03870248794556" />
      <trkpt lat="38.23692798614502" lon="-120.03855228424072" />
      <trkpt lat="38.236434459686279" lon="-120.0385308265686" />
      <trkpt lat="38.23615550994873" lon="-120.03861665725708" />
      <trkpt lat="38.235297203063965" lon="-120.03904581069946" />
      <trkpt lat="38.234803676605225" lon="-120.03904581069946" />
      <trkpt lat="38.234095573425293" lon="-120.03956079483032" />
      <trkpt lat="38.233945369720459" lon="-120.03960371017456" />
      <trkpt lat="38.233795166015625" lon="-120.03958225250244" />
      <trkpt lat="38.233644962310791" lon="-120.03947496414185" />
      <trkpt lat="38.233323097229004" lon="-120.03900289535522" />
      <trkpt lat="38.233323097229004" lon="-120.0389386061579" />
      <trkpt lat="38.233323097229004" lon="-120.03865957260132" />
      <trkpt lat="38.2334303855896" lon="-120.03855228424072" />
      <trkpt lat="38.233966827392578" lon="-120.03831624984741" />
      <trkpt lat="38.234267234802246" lon="-120.03805875778198" />
      <trkpt lat="38.234868049621582" lon="-120.03735065460205" />
      <trkpt lat="38.235018253326416" lon="-120.03700733184814" />
      <trkpt lat="38.23491096496582" lon="-120.03556966781616" />
      <trkpt lat="38.234953880310059" lon="-120.03533363342285" />
      <trkpt lat="38.234889507293701" lon="-120.03488302230835" />
      <trkpt lat="38.234932422637939" lon="-120.03434658050537" />
      <trkpt lat="38.235189914703369" lon="-120.03325223922729" />
      <trkpt lat="38.235061168670654" lon="-120.03271579742432" />
      <trkpt lat="38.234610557556152" lon="-120.03198623657227" />
      <trkpt lat="38.234481811523438" lon="-120.03159999847412" />
      <trkpt lat="38.23441743850708" lon="-120.0311279296875" />
      <trkpt lat="38.234481811523438" lon="-120.03035545349121" />
      <trkpt lat="38.234460353851318" lon="-120.02962589263916" />
      <trkpt lat="38.234975337982178" lon="-120.02874612808228" />
      <trkpt lat="38.234524726867676" lon="-120.02816677093506" />
      <trkpt lat="38.23392391204834" lon="-120.02692222595215" />
      <trkpt lat="38.233623504638672" lon="-120.02642869949341" />
      <trkpt lat="38.233473300933838" lon="-120.02627849578857" />
      <trkpt lat="38.233280181884766" lon="-120.02623558044434" />
      <trkpt lat="38.232851028442383" lon="-120.02629995346069" />
      <trkpt lat="38.232078552246094" lon="-120.02651453018188" />
      <trkpt lat="38.231842517852783" lon="-120.02670764923096" />
      <trkpt lat="38.23117733001709" lon="-120.02737283706665" />
      <trkpt lat="38.230984210968018" lon="-120.02745866775513" />
      <trkpt lat="38.230791091918945" lon="-120.02748012542725" />
      <trkpt lat="38.230640888214111" lon="-120.02743721008301" />
      <trkpt lat="38.230512142181396" lon="-120.02677202224731" />
      <trkpt lat="38.230555057525635" lon="-120.02649307250977" />
      <trkpt lat="38.230812549591064" lon="-120.02610683441162" />
      <trkpt lat="38.230941295623779" lon="-120.02569913864136" />
      <trkpt lat="38.231627941131592" lon="-120.02430438995361" />
      <trkpt lat="38.232400417327881" lon="-120.02325296401978" />
      <trkpt lat="38.232464790344238" lon="-120.02290964126587" />
      <trkpt lat="38.232464790344238" lon="-120.02269506454468" />
      <trkpt lat="38.232293128967285" lon="-120.02209424972534" />
      <trkpt lat="38.232293128967285" lon="-120.02172946929932" />
      <trkpt lat="38.232464790344238" lon="-120.02151489257812" />
      <trkpt lat="38.232872486114502" lon="-120.02132177352905" />
      <trkpt lat="38.233129978179932" lon="-120.02082824707031" />
      <trkpt lat="38.23317289352417" lon="-120.02037763595581" />
      <trkpt lat="38.2334303855896" lon="-120.02018451690674" />
      <trkpt lat="38.233623504638672" lon="-120.0201416015625" />
      <trkpt lat="38.233902454376221" lon="-120.01979827880859" />
      <trkpt lat="38.234074115753174" lon="-120.01921892166138" />
      <trkpt lat="38.234331607818604" lon="-120.01863956451416" />
      <trkpt lat="38.234310150146484" lon="-120.01848936080933" />
      <trkpt lat="38.23415994644165" lon="-120.01840353012085" />
      <trkpt lat="38.233215808868408" lon="-120.01876831054687" />
      <trkpt lat="38.232743740081787" lon="-120.01881122589111" />
      <trkpt lat="38.23216438293457" lon="-120.0192403793335" />
      <trkpt lat="38.231799602508545" lon="-120.01928329467773" />
      <trkpt lat="38.231627941131592" lon="-120.01936912536621" />
      <trkpt lat="38.23091983795166" lon="-120.01996994018555" />
      <trkpt lat="38.230812549591064" lon="-120.02009868621826" />
      <trkpt lat="38.230555057525635" lon="-120.02061367034912" />
      <trkpt lat="38.230469226837158" lon="-120.02119302749634" />
      <trkpt lat="38.230404853820801" lon="-120.02190113067627" />
      <trkpt lat="38.230340480804443" lon="-120.02207279205322" />
      <trkpt lat="38.230233192443848" lon="-120.02222299575806" />
      <trkpt lat="38.229739665985107" lon="-120.02245903015137" />
      <trkpt lat="38.229267597198486" lon="-120.02233028411865" />
      <trkpt lat="38.22817325592041" lon="-120.02151489257812" />
      <trkpt lat="38.227529525756836" lon="-120.02138614654541" />
      <trkpt lat="38.227229118347168" lon="-120.02121448516846" />
      <trkpt lat="38.226563930511475" lon="-120.02136468887329" />
      <trkpt lat="38.226113319396973" lon="-120.02172946929932" />
      <trkpt lat="38.226027488708496" lon="-120.02198696136475" />
      <trkpt lat="38.226156234741211" lon="-120.02245903015137" />
      <trkpt lat="38.226027488708496" lon="-120.02267360687256" />
      <trkpt lat="38.225727081298828" lon="-120.02293109893799" />
      <trkpt lat="38.225727081298828" lon="-120.02346754074097" />
      <trkpt lat="38.225555419921875" lon="-120.02383232116699" />
      <trkpt lat="38.225533962249756" lon="-120.02426147460937" />
      <trkpt lat="38.22542667388916" lon="-120.02464771270752" />
      <trkpt lat="38.225340843200684" lon="-120.02479791641235" />
      <trkpt lat="38.225319385528564" lon="-120.02494812011719" />
      <trkpt lat="38.225512504577637" lon="-120.02569913864136" />
      <trkpt lat="38.225512504577637" lon="-120.02617120742798" />
      <trkpt lat="38.225598335266113" lon="-120.02696514129639" />
      <trkpt lat="38.225383758544922" lon="-120.02732992172241" />
      <trkpt lat="38.22519063949585" lon="-120.02737283706665" />
      <trkpt lat="38.225147724151611" lon="-120.02629995346069" />
      <trkpt lat="38.225104808807373" lon="-120.02610683441162" />
      <trkpt lat="38.224868774414063" lon="-120.02569913864136" />
      <trkpt lat="38.224203586578369" lon="-120.02524852752686" />
      <trkpt lat="38.224096298217773" lon="-120.02503395080566" />
      <trkpt lat="38.224053382873535" lon="-120.02359628677368" />
      <trkpt lat="38.223838806152344" lon="-120.02290964126587" />
      <trkpt lat="38.223731517791748" lon="-120.02275943756104" />
      <trkpt lat="38.223516941070557" lon="-120.02269506454468" />
      <trkpt lat="38.223388195037842" lon="-120.02284526824951" />
      <trkpt lat="38.223345279693604" lon="-120.02299547195435" />
      <trkpt lat="38.223259449005127" lon="-120.02385377883911" />
      <trkpt lat="38.222959041595459" lon="-120.02445459365845" />
      <trkpt lat="38.222851753234863" lon="-120.02477645874023" />
      <trkpt lat="38.222830295562744" lon="-120.0250768661499" />
      <trkpt lat="38.222787380218506" lon="-120.02666473388672" />
      <trkpt lat="38.222637176513672" lon="-120.02778053283691" />
      <trkpt lat="38.222529888153076" lon="-120.02799510955811" />
      <trkpt lat="38.222122192382813" lon="-120.02853155136108" />
      <trkpt lat="38.221907615661621" lon="-120.02870321273804" />
      <trkpt lat="38.221607208251953" lon="-120.02876758575439" />
      <trkpt lat="38.221027851104736" lon="-120.02876758575439" />
      <trkpt lat="38.220491409301758" lon="-120.02863883972168" />
      <trkpt lat="38.219954967498779" lon="-120.02868175506592" />
      <trkpt lat="38.219118118286133" lon="-120.02891778945923" />
      <trkpt lat="38.218817710876465" lon="-120.02881050109863" />
      <trkpt lat="38.218560218811035" lon="-120.02840280532837" />
      <trkpt lat="38.218560218811035" lon="-120.02784490585327" />
      <trkpt lat="38.218667507171631" lon="-120.02717971801758" />
      <trkpt lat="38.218924999237061" lon="-120.02657890319824" />
      <trkpt lat="38.219268321990967" lon="-120.02612829208374" />
      <trkpt lat="38.220770359039307" lon="-120.02484083175659" />
      <trkpt lat="38.221070766448975" lon="-120.02432584762573" />
      <trkpt lat="38.221049308776855" lon="-120.02402544021606" />
      <trkpt lat="38.220770359039307" lon="-120.02348899841309" />
      <trkpt lat="38.219804763793945" lon="-120.02254486083984" />
      <trkpt lat="38.219611644744873" lon="-120.02187967300415" />
      <trkpt lat="38.219783306121826" lon="-120.0211501121521" />
      <trkpt lat="38.22068452835083" lon="-120.0202488899231" />
      <trkpt lat="38.220727443695068" lon="-120.02007722854614" />
      <trkpt lat="38.22068452835083" lon="-120.01966953277588" />
      <trkpt lat="38.220877647399902" lon="-120.01960515975952" />
      <trkpt lat="38.221220970153809" lon="-120.01936912536621" />
      <trkpt lat="38.221800327301025" lon="-120.01878976821899" />
      <trkpt lat="38.222894668579102" lon="-120.01821041107178" />
      <trkpt lat="38.223538398742676" lon="-120.01797437667847" />
      <trkpt lat="38.224289417266846" lon="-120.0175666809082" />
      <trkpt lat="38.224482536315918" lon="-120.01737356185913" />
      <trkpt lat="38.225855827331543" lon="-120.01578569412231" />
      <trkpt lat="38.226606845855713" lon="-120.01421928405762" />
      <trkpt lat="38.227035999298096" lon="-120.0136399269104" />
      <trkpt lat="38.227100372314453" lon="-120.01293182373047" />
      <trkpt lat="38.227078914642334" lon="-120.01265287399292" />
      <trkpt lat="38.226907253265381" lon="-120.01205205917358" />
      <trkpt lat="38.22667121887207" lon="-120.01166582107544" />
      <trkpt lat="38.226027488708496" lon="-120.01087188720703" />
      <trkpt lat="38.225855827331543" lon="-120.01078605651855" />
      <trkpt lat="38.225040435791016" lon="-120.01007795333862" />
      <trkpt lat="38.224546909332275" lon="-120.00982046127319" />
      <trkpt lat="38.223581314086914" lon="-120.00883340835571" />
      <trkpt lat="38.222315311431885" lon="-120.00685930252075" />
      <trkpt lat="38.221800327301025" lon="-120.00636577606201" />
      <trkpt lat="38.22169303894043" lon="-120.00602245330811" />
      <trkpt lat="38.221564292907715" lon="-120.00430583953857" />
      <trkpt lat="38.221735954284668" lon="-120.0035548210144" />
      <trkpt lat="38.221714496612549" lon="-120.00336170196533" />
      <trkpt lat="38.221650123596191" lon="-120.00301837921143" />
      <trkpt lat="38.221414089202881" lon="-120.00246047973633" />
      <trkpt lat="38.220705986022949" lon="-120.00177383422852" />
      <trkpt lat="38.220598697662354" lon="-120.00151634216309" />
      <trkpt lat="38.220555782318115" lon="-120.00125885009766" />
      <trkpt lat="38.220577239990234" lon="-119.99999284744263" />
      <trkpt lat="38.220663070678711" lon="-119.99945640563965" />
      <trkpt lat="38.220920562744141" lon="-119.99902725219727" />
      <trkpt lat="38.220963478088379" lon="-119.99885559082031" />
      <trkpt lat="38.220899105072021" lon="-119.99853372573853" />
      <trkpt lat="38.221285343170166" lon="-119.99819040298462" />
      <trkpt lat="38.221542835235596" lon="-119.99804019927979" />
      <trkpt lat="38.221800327301025" lon="-119.99793291091919" />
      <trkpt lat="38.222551345825195" lon="-119.99782562255859" />
      <trkpt lat="38.225255012512207" lon="-119.99801874160767" />
      <trkpt lat="38.226799964904785" lon="-119.99808311462402" />
      <trkpt lat="38.228323459625244" lon="-119.99788999557495" />
      <trkpt lat="38.230340480804443" lon="-119.99758958816528" />
      <trkpt lat="38.231263160705566" lon="-119.99735355377197" />
      <trkpt lat="38.231906890869141" lon="-119.99711751937866" />
      <trkpt lat="38.235018253326416" lon="-119.99548673629761" />
      <trkpt lat="38.235747814178467" lon="-119.99520778656006" />
      <trkpt lat="38.236992359161377" lon="-119.99486446380615" />
      <trkpt lat="38.237142562866211" lon="-119.99482154846191" />
      <trkpt lat="38.240876197814941" lon="-119.99437093734741" />
      <trkpt lat="38.241026401519775" lon="-119.99434947967529" />
      <trkpt lat="38.241240978240967" lon="-119.99437093734741" />
      <trkpt lat="38.241562843322754" lon="-119.99449968338013" />
      <trkpt lat="38.24167013168335" lon="-119.99454259872437" />
      <trkpt lat="38.242270946502686" lon="-119.99492883682251" />
      <trkpt lat="38.242571353912354" lon="-119.99527215957642" />
      <trkpt lat="38.242764472961426" lon="-119.9955940246582" />
      <trkpt lat="38.243043422698975" lon="-119.9962592124939" />
      <trkpt lat="38.243193626403809" lon="-119.99720335006714" />
      <trkpt lat="38.243386745452881" lon="-119.99786853790283" />
      <trkpt lat="38.243751525878906" lon="-119.998619556427" />
      <trkpt lat="38.244073390960693" lon="-119.99902725219727" />
      <trkpt lat="38.244330883026123" lon="-119.99926328659058" />
      <trkpt lat="38.245060443878174" lon="-119.99967098236084" />
      <trkpt lat="38.245360851287842" lon="-119.99977827072144" />
      <trkpt lat="38.245832920074463" lon="-119.99979972839355" />
      <trkpt lat="38.246433734893799" lon="-119.99964952468872" />
      <trkpt lat="38.246970176696777" lon="-119.99937057495117" />
      <trkpt lat="38.248300552368164" lon="-119.9981689453125" />
      <trkpt lat="38.248794078826904" lon="-119.99784708023071" />
      <trkpt lat="38.249373435974121" lon="-119.99769687652588" />
      <trkpt lat="38.250060081481934" lon="-119.99773979187012" />
      <trkpt lat="38.251819610595703" lon="-119.99795436859131" />
      <trkpt lat="38.252549171447754" lon="-119.99795436859131" />
      <trkpt lat="38.253214359283447" lon="-119.99773979187012" />
      <trkpt lat="38.253836631774902" lon="-119.99733209609985" />
      <trkpt lat="38.254308700561523" lon="-119.99686002731323" />
      <trkpt lat="38.254759311676025" lon="-119.99619483947754" />
      <trkpt lat="38.254995346069336" lon="-119.99567985534668" />
      <trkpt lat="38.255617618560791" lon="-119.99389886856079" />
      <trkpt lat="38.25589656829834" lon="-119.99336242675781" />
      <trkpt lat="38.256196975708008" lon="-119.99295473098755" />
      <trkpt lat="38.257613182067871" lon="-119.99164581298828" />
      <trkpt lat="38.25838565826416" lon="-119.99117374420166" />
      <trkpt lat="38.258857727050781" lon="-119.99095916748047" />
      <trkpt lat="38.25939416885376" lon="-119.99080896377563" />
      <trkpt lat="38.260102272033691" lon="-119.99070167541504" />
      <trkpt lat="38.261196613311768" lon="-119.9907660484314" />
      <trkpt lat="38.265960216522217" lon="-119.99149560928345" />
      <trkpt lat="38.267097473144531" lon="-119.99181747436523" />
      <trkpt lat="38.26812744140625" lon="-119.99231100082397" />
      <trkpt lat="38.268899917602539" lon="-119.99258995056152" />
      <trkpt lat="38.269650936126709" lon="-119.9925684928894" />
      <trkpt lat="38.269951343536377" lon="-119.99246120452881" />
      <trkpt lat="38.27038049697876" lon="-119.99220371246338" />
      <trkpt lat="38.270680904388428" lon="-119.99188184738159" />
      <trkpt lat="38.270809650421143" lon="-119.99168872833252" />
      <trkpt lat="38.271067142486572" lon="-119.99100208282471" />
      <trkpt lat="38.27113151550293" lon="-119.99050855636597" />
      <trkpt lat="38.271110057830811" lon="-119.99014377593994" />
      <trkpt lat="38.270916938781738" lon="-119.98889923095703" />
      <trkpt lat="38.270938396453857" lon="-119.98838424682617" />
      <trkpt lat="38.271024227142334" lon="-119.98797655105591" />
      <trkpt lat="38.27136754989624" lon="-119.98741865158081" />
      <trkpt lat="38.271946907043457" lon="-119.98677492141724" />
      <trkpt lat="38.272547721862793" lon="-119.98604536056519" />
      <trkpt lat="38.272891044616699" lon="-119.98535871505737" />
      <trkpt lat="38.275144100189209" lon="-119.97900724411011" />
      <trkpt lat="38.2753586769104" lon="-119.97812747955322" />
      <trkpt lat="38.27538013458252" lon="-119.97593879699707" />
      <trkpt lat="38.275444507598877" lon="-119.97535943984985" />
      <trkpt lat="38.275594711303711" lon="-119.97488737106323" />
      <trkpt lat="38.275787830352783" lon="-119.97452259063721" />
      <trkpt lat="38.276216983795166" lon="-119.97398614883423" />
      <trkpt lat="38.276517391204834" lon="-119.97375011444092" />
      <trkpt lat="38.277225494384766" lon="-119.97340679168701" />
      <trkpt lat="38.277633190155029" lon="-119.97299909591675" />
      <trkpt lat="38.278770446777344" lon="-119.9711537361145" />
      <trkpt lat="38.279006481170654" lon="-119.97087478637695" />
      <trkpt lat="38.279736042022705" lon="-119.97023105621338" />
      <trkpt lat="38.279821872711182" lon="-119.97016668319702" />
      <trkpt lat="38.281538486480713" lon="-119.96881484985352" />
      <trkpt lat="38.28211784362793" lon="-119.96842861175537" />
      <trkpt lat="38.282697200775146" lon="-119.96829986572266" />
      <trkpt lat="38.283770084381104" lon="-119.96829986572266" />
      <trkpt lat="38.284413814544678" lon="-119.96814966201782" />
      <trkpt lat="38.284714221954346" lon="-119.96795654296875" />
      <trkpt lat="38.284993171691895" lon="-119.96761322021484" />
      <trkpt lat="38.28636646270752" lon="-119.96508121490479" />
      <trkpt lat="38.286645412445068" lon="-119.96441602706909" />
      <trkpt lat="38.286774158477783" lon="-119.96338605880737" />
      <trkpt lat="38.286881446838379" lon="-119.96306419372559" />
      <trkpt lat="38.287053108215332" lon="-119.96276378631592" />
      <trkpt lat="38.287396430969238" lon="-119.96235609054565" />
      <trkpt lat="38.287718296051025" lon="-119.9621844291687" />
      <trkpt lat="38.289971351623535" lon="-119.96143341064453" />
      <trkpt lat="38.290443420410156" lon="-119.96121883392334" />
      <trkpt lat="38.294413089752197" lon="-119.95875120162964" />
      <trkpt lat="38.295078277587891" lon="-119.95827913284302" />
      <trkpt lat="38.29585075378418" lon="-119.95752811431885" />
      <trkpt lat="38.296365737915039" lon="-119.95694875717163" />
      <trkpt lat="38.296687602996826" lon="-119.95649814605713" />
      <trkpt lat="38.296945095062256" lon="-119.95594024658203" />
      <trkpt lat="38.297138214111328" lon="-119.9553394317627" />
      <trkpt lat="38.2973313331604" lon="-119.9541163444519" />
      <trkpt lat="38.2973313331604" lon="-119.95156288146973" />
      <trkpt lat="38.29735279083252" lon="-119.9502968788147" />
      <trkpt lat="38.29758882522583" lon="-119.94961023330688" />
      <trkpt lat="38.297739028930664" lon="-119.94935274124146" />
      <trkpt lat="38.297996520996094" lon="-119.94911670684814" />
      <trkpt lat="38.298361301422119" lon="-119.94894504547119" />
      <trkpt lat="38.299520015716553" lon="-119.94870901107788" />
      <trkpt lat="38.299949169158936" lon="-119.94858026504517" />
      <trkpt lat="38.300871849060059" lon="-119.94755029678345" />
      <trkpt lat="38.301386833190918" lon="-119.94677782058716" />
      <trkpt lat="38.301622867584229" lon="-119.9462628364563" />
      <trkpt lat="38.301773071289063" lon="-119.94572639465332" />
      <trkpt lat="38.302030563354492" lon="-119.94343042373657" />
      <trkpt lat="38.302223682403564" lon="-119.94126319885254" />
      <trkpt lat="38.302395343780518" lon="-119.94027614593506" />
      <trkpt lat="38.302631378173828" lon="-119.93973970413208" />
      <trkpt lat="38.302867412567139" lon="-119.93939638137817" />
      <trkpt lat="38.303232192993164" lon="-119.93898868560791" />
      <trkpt lat="38.303554058074951" lon="-119.93873119354248" />
      <trkpt lat="38.304069042205811" lon="-119.93851661682129" />
      <trkpt lat="38.306987285614014" lon="-119.93802309036255" />
      <trkpt lat="38.307523727416992" lon="-119.93806600570679" />
      <trkpt lat="38.308811187744141" lon="-119.93847370147705" />
      <trkpt lat="38.309197425842285" lon="-119.93855953216553" />
      <trkpt lat="38.309669494628906" lon="-119.93851661682129" />
      <trkpt lat="38.310399055480957" lon="-119.9381947517395" />
      <trkpt lat="38.31308126449585" lon="-119.93695020675659" />
      <trkpt lat="38.313467502593994" lon="-119.93669271469116" />
      <trkpt lat="38.314003944396973" lon="-119.93613481521606" />
      <trkpt lat="38.314626216888428" lon="-119.9351692199707" />
      <trkpt lat="38.315398693084717" lon="-119.93368864059448" />
      <trkpt lat="38.31557035446167" lon="-119.9332594871521" />
      <trkpt lat="38.315892219543457" lon="-119.93207931518555" />
      <trkpt lat="38.316128253936768" lon="-119.93156433105469" />
      <trkpt lat="38.316364288330078" lon="-119.93122100830078" />
      <trkpt lat="38.317394256591797" lon="-119.93012666702271" />
      <trkpt lat="38.318080902099609" lon="-119.92901086807251" />
      <trkpt lat="38.319196701049805" lon="-119.92701530456543" />
      <trkpt lat="38.319776058197021" lon="-119.92622137069702" />
      <trkpt lat="38.320398330688477" lon="-119.92570638656616" />
      <trkpt lat="38.321213722229004" lon="-119.92532014846802" />
      <trkpt lat="38.321900367736816" lon="-119.92523431777954" />
      <trkpt lat="38.323166370391846" lon="-119.92527723312378" />
      <trkpt lat="38.323638439178467" lon="-119.92514848709106" />
      <trkpt lat="38.323917388916016" lon="-119.92495536804199" />
      <trkpt lat="38.324110507965088" lon="-119.92478370666504" />
      <trkpt lat="38.324368000030518" lon="-119.92444038391113" />
      <trkpt lat="38.32456111907959" lon="-119.92401123046875" />
      <trkpt lat="38.325011730194092" lon="-119.92280960083008" />
      <trkpt lat="38.325741291046143" lon="-119.921715259552" />
      <trkpt lat="38.326234817504883" lon="-119.92064237594604" />
      <trkpt lat="38.326492309570313" lon="-119.92023468017578" />
      <trkpt lat="38.326878547668457" lon="-119.91993427276611" />
      <trkpt lat="38.327071666717529" lon="-119.91986989974976" />
      <trkpt lat="38.327350616455078" lon="-119.91986989974976" />
      <trkpt lat="38.327715396881104" lon="-119.91999864578247" />
      <trkpt lat="38.327929973602295" lon="-119.92017030715942" />
      <trkpt lat="38.328101634979248" lon="-119.92040634155273" />
      <trkpt lat="38.32829475402832" lon="-119.92083549499512" />
      <trkpt lat="38.328616619110107" lon="-119.92214441299438" />
      <trkpt lat="38.329002857208252" lon="-119.9232816696167" />
      <trkpt lat="38.329217433929443" lon="-119.92390394210815" />
      <trkpt lat="38.330140113830566" lon="-119.92654323577881" />
      <trkpt lat="38.330419063568115" lon="-119.92714405059814" />
      <trkpt lat="38.330891132354736" lon="-119.92774486541748" />
      <trkpt lat="38.331320285797119" lon="-119.92804527282715" />
      <trkpt lat="38.331942558288574" lon="-119.9282169342041" />
      <trkpt lat="38.333723545074463" lon="-119.92843151092529" />
      <trkpt lat="38.33430290222168" lon="-119.92843151092529" />
      <trkpt lat="38.334946632385254" lon="-119.92825984954834" />
      <trkpt lat="38.336877822875977" lon="-119.92750883102417" />
      <trkpt lat="38.337607383728027" lon="-119.92712259292603" />
      <trkpt lat="38.338208198547363" lon="-119.9266505241394" />
      <trkpt lat="38.339731693267822" lon="-119.92516994476318" />
      <trkpt lat="38.340439796447754" lon="-119.92448329925537" />
      <trkpt lat="38.341019153594971" lon="-119.9238395690918" />
      <trkpt lat="38.341341018676758" lon="-119.92330312728882" />
      <trkpt lat="38.342177867889404" lon="-119.92124319076538" />
      <trkpt lat="38.343379497528076" lon="-119.91813182830811" />
      <trkpt lat="38.344173431396484" lon="-119.91652250289917" />
      <trkpt lat="38.344430923461914" lon="-119.91585731506348" />
      <trkpt lat="38.344559669494629" lon="-119.91523504257202" />
      <trkpt lat="38.344581127166748" lon="-119.91424798965454" />
      <trkpt lat="38.344581127166748" lon="-119.91341114044189" />
      <trkpt lat="38.344602584838867" lon="-119.91302490234375" />
      <trkpt lat="38.344709873199463" lon="-119.91255283355713" />
      <trkpt lat="38.344881534576416" lon="-119.91210222244263" />
      <trkpt lat="38.345224857330322" lon="-119.91154432296753" />
      <trkpt lat="38.34728479385376" lon="-119.90866899490356" />
      <trkpt lat="38.347992897033691" lon="-119.90766048431396" />
      <trkpt lat="38.348293304443359" lon="-119.90714550018311" />
      <trkpt lat="38.348464965820313" lon="-119.90673780441284" />
      <trkpt lat="38.348615169525146" lon="-119.90620136260986" />
      <trkpt lat="38.348937034606934" lon="-119.90439891815186" />
      <trkpt lat="38.34902286529541" lon="-119.90343332290649" />
      <trkpt lat="38.34902286529541" lon="-119.90156650543213" />
      <trkpt lat="38.348958492279053" lon="-119.90004301071167" />
      <trkpt lat="38.348872661590576" lon="-119.89909887313843" />
      <trkpt lat="38.348894119262695" lon="-119.89858388900757" />
      <trkpt lat="38.349001407623291" lon="-119.89802598953247" />
      <trkpt lat="38.349237442016602" lon="-119.89755392074585" />
      <trkpt lat="38.349580764770508" lon="-119.89712476730347" />
      <trkpt lat="38.350846767425537" lon="-119.89622354507446" />
      <trkpt lat="38.352220058441162" lon="-119.89497900009155" />
      <trkpt lat="38.352627754211426" lon="-119.89444255828857" />
      <trkpt lat="38.352799415588379" lon="-119.89405632019043" />
      <trkpt lat="38.352906703948975" lon="-119.89356279373169" />
      <trkpt lat="38.352928161621094" lon="-119.89321947097778" />
      <trkpt lat="38.352756500244141" lon="-119.89173889160156" />
      <trkpt lat="38.352735042572021" lon="-119.89130973815918" />
      <trkpt lat="38.352799415588379" lon="-119.89083766937256" />
      <trkpt lat="38.353207111358643" lon="-119.88929271697998" />
      <trkpt lat="38.353335857391357" lon="-119.88849878311157" />
      <trkpt lat="38.353357315063477" lon="-119.88806962966919" />
      <trkpt lat="38.353271484375" lon="-119.88613843917847" />
      <trkpt lat="38.353443145751953" lon="-119.88547325134277" />
      <trkpt lat="38.35402250289917" lon="-119.88390684127808" />
      <trkpt lat="38.3542799949646" lon="-119.88306999206543" />
      <trkpt lat="38.35503101348877" lon="-119.87901449203491" />
      <trkpt lat="38.355331420898438" lon="-119.87751245498657" />
      <trkpt lat="38.355610370635986" lon="-119.8767614364624" />
      <trkpt lat="38.355867862701416" lon="-119.87601041793823" />
      <trkpt lat="38.355953693389893" lon="-119.87545251846313" />
      <trkpt lat="38.356039524078369" lon="-119.87468004226685" />
      <trkpt lat="38.356189727783203" lon="-119.87431526184082" />
      <trkpt lat="38.356468677520752" lon="-119.87407922744751" />
      <trkpt lat="38.357090950012207" lon="-119.87395048141479" />
      <trkpt lat="38.35752010345459" lon="-119.87330675125122" />
      <trkpt lat="38.357670307159424" lon="-119.87287759780884" />
      <trkpt lat="38.357627391815186" lon="-119.87246990203857" />
      <trkpt lat="38.357670307159424" lon="-119.87214803695679" />
      <trkpt lat="38.357734680175781" lon="-119.87146139144897" />
      <trkpt lat="38.357605934143066" lon="-119.87015247344971" />
      <trkpt lat="38.35752010345459" lon="-119.86987352371216" />
      <trkpt lat="38.357133865356445" lon="-119.86933708190918" />
      <trkpt lat="38.357090950012207" lon="-119.86905813217163" />
      <trkpt lat="38.357112407684326" lon="-119.86815690994263" />
      <trkpt lat="38.356940746307373" lon="-119.86770629882812" />
      <trkpt lat="38.356554508209229" lon="-119.86695528030396" />
      <trkpt lat="38.356103897094727" lon="-119.86596822738647" />
      <trkpt lat="38.355567455291748" lon="-119.86495971679687" />
      <trkpt lat="38.354752063751221" lon="-119.86371517181396" />
      <trkpt lat="38.353636264801025" lon="-119.86107587814331" />
      <trkpt lat="38.352971076965332" lon="-119.85998153686523" />
      <trkpt lat="38.352541923522949" lon="-119.85908031463623" />
      <trkpt lat="38.352413177490234" lon="-119.85869407653809" />
      <trkpt lat="38.352241516113281" lon="-119.85796451568604" />
      <trkpt lat="38.352220058441162" lon="-119.85744953155518" />
      <trkpt lat="38.352499008178711" lon="-119.85594749450684" />
      <trkpt lat="38.352563381195068" lon="-119.8552393913269" />
      <trkpt lat="38.352434635162354" lon="-119.85446691513062" />
      <trkpt lat="38.352177143096924" lon="-119.85350131988525" />
      <trkpt lat="38.352091312408447" lon="-119.85223531723022" />
      <trkpt lat="38.352091312408447" lon="-119.85152721405029" />
      <trkpt lat="38.352177143096924" lon="-119.85002517700195" />
      <trkpt lat="38.352091312408447" lon="-119.84938144683838" />
      <trkpt lat="38.351855278015137" lon="-119.84863042831421" />
      <trkpt lat="38.351469039916992" lon="-119.84768629074097" />
      <trkpt lat="38.350846767425537" lon="-119.84691381454468" />
      <trkpt lat="38.350160121917725" lon="-119.84586238861084" />
      <trkpt lat="38.349366188049316" lon="-119.84528303146362" />
      <trkpt lat="38.3487868309021" lon="-119.84468221664429" />
      <trkpt lat="38.347885608673096" lon="-119.84393119812012" />
      <trkpt lat="38.347713947296143" lon="-119.84363079071045" />
      <trkpt lat="38.347370624542236" lon="-119.84281539916992" />
      <trkpt lat="38.346920013427734" lon="-119.84204292297363" />
      <trkpt lat="38.346405029296875" lon="-119.84161376953125" />
      <trkpt lat="38.346061706542969" lon="-119.84122753143311" />
      <trkpt lat="38.345503807067871" lon="-119.84019756317139" />
      <trkpt lat="38.345181941986084" lon="-119.83959674835205" />
      <trkpt lat="38.344731330871582" lon="-119.83878135681152" />
      <trkpt lat="38.343915939331055" lon="-119.83727931976318" />
      <trkpt lat="38.34352970123291" lon="-119.83657121658325" />
      <trkpt lat="38.34327220916748" lon="-119.83622789382935" />
      <trkpt lat="38.34303617477417" lon="-119.83590602874756" />
      <trkpt lat="38.341126441955566" lon="-119.83333110809326" />
      <trkpt lat="38.341019153594971" lon="-119.83320236206055" />
      <trkpt lat="38.340740203857422" lon="-119.83275175094604" />
      <trkpt lat="38.340461254119873" lon="-119.83210802078247" />
      <trkpt lat="38.340418338775635" lon="-119.83197927474976" />
      <trkpt lat="38.340139389038086" lon="-119.83101367950439" />
      <trkpt lat="38.34003210067749" lon="-119.82983350753784" />
      <trkpt lat="38.340096473693848" lon="-119.82895374298096" />
      <trkpt lat="38.34054708480835" lon="-119.82618570327759" />
      <trkpt lat="38.340697288513184" lon="-119.82513427734375" />
      <trkpt lat="38.340718746185303" lon="-119.82502698898315" />
      <trkpt lat="38.341062068939209" lon="-119.82285976409912" />
      <trkpt lat="38.341212272644043" lon="-119.82125043869019" />
      <trkpt lat="38.341341018676758" lon="-119.81974840164185" />
      <trkpt lat="38.3412766456604" lon="-119.81938362121582" />
      <trkpt lat="38.341147899627686" lon="-119.81899738311768" />
      <trkpt lat="38.339881896972656" lon="-119.81652975082397" />
      <trkpt lat="38.338959217071533" lon="-119.81438398361206" />
      <trkpt lat="38.33878755569458" lon="-119.81384754180908" />
      <trkpt lat="38.33878755569458" lon="-119.81361150741577" />
      <trkpt lat="38.338873386383057" lon="-119.81316089630127" />
      <trkpt lat="38.339409828186035" lon="-119.81168031692505" />
      <trkpt lat="38.339645862579346" lon="-119.81082201004028" />
      <trkpt lat="38.33979606628418" lon="-119.81009244918823" />
      <trkpt lat="38.339903354644775" lon="-119.80931997299194" />
      <trkpt lat="38.340096473693848" lon="-119.80659484863281" />
      <trkpt lat="38.340268135070801" lon="-119.80526447296143" />
      <trkpt lat="38.340396881103516" lon="-119.80436325073242" />
      <trkpt lat="38.340396881103516" lon="-119.80393409729004" />
      <trkpt lat="38.340182304382324" lon="-119.8028826713562" />
      <trkpt lat="38.340482711791992" lon="-119.8019814491272" />
      <trkpt lat="38.340761661529541" lon="-119.800865650177" />
      <trkpt lat="38.340740203857422" lon="-119.80011463165283" />
      <trkpt lat="38.340911865234375" lon="-119.79927778244019" />
      <trkpt lat="38.340976238250732" lon="-119.79732513427734" />
      <trkpt lat="38.340933322906494" lon="-119.79696035385132" />
      <trkpt lat="38.34054708480835" lon="-119.79584455490112" />
      <trkpt lat="38.340396881103516" lon="-119.79487895965576" />
      <trkpt lat="38.340375423431396" lon="-119.79440689086914" />
      <trkpt lat="38.340439796447754" lon="-119.79410648345947" />
      <trkpt lat="38.340933322906494" lon="-119.79311943054199" />
      <trkpt lat="38.341362476348877" lon="-119.79196071624756" />
      <trkpt lat="38.342220783233643" lon="-119.79028701782227" />
      <trkpt lat="38.34228515625" lon="-119.79000806808472" />
      <trkpt lat="38.342263698577881" lon="-119.78947162628174" />
      <trkpt lat="38.342134952545166" lon="-119.78912830352783" />
      <trkpt lat="38.341577053070068" lon="-119.78844165802002" />
      <trkpt lat="38.341083526611328" lon="-119.78769063949585" />
      <trkpt lat="38.340997695922852" lon="-119.78747606277466" />
      <trkpt lat="38.340890407562256" lon="-119.78621006011963" />
      <trkpt lat="38.340890407562256" lon="-119.78578090667725" />
      <trkpt lat="38.34104061126709" lon="-119.78447198867798" />
      <trkpt lat="38.34104061126709" lon="-119.78389263153076" />
      <trkpt lat="38.340976238250732" lon="-119.78352785110474" />
      <trkpt lat="38.340482711791992" lon="-119.78264808654785" />
      <trkpt lat="38.339323997497559" lon="-119.78118896484375" />
      <trkpt lat="38.339023590087891" lon="-119.78063106536865" />
      <trkpt lat="38.338873386383057" lon="-119.78015899658203" />
      <trkpt lat="38.338723182678223" lon="-119.77906465530396" />
      <trkpt lat="38.338487148284912" lon="-119.77822780609131" />
      <trkpt lat="38.338251113891602" lon="-119.77760553359985" />
      <trkpt lat="38.338122367858887" lon="-119.77706909179687" />
      <trkpt lat="38.337585926055908" lon="-119.77498769760132" />
      <trkpt lat="38.336963653564453" lon="-119.77260589599609" />
      <trkpt lat="38.336749076843262" lon="-119.77185487747192" />
      <trkpt lat="38.336555957794189" lon="-119.77133989334106" />
      <trkpt lat="38.33629846572876" lon="-119.77084636688232" />
      <trkpt lat="38.335955142974854" lon="-119.77024555206299" />
      <trkpt lat="38.334989547729492" lon="-119.76799249649048" />
      <trkpt lat="38.334667682647705" lon="-119.7673487663269" />
      <trkpt lat="38.33430290222168" lon="-119.76651191711426" />
      <trkpt lat="38.334023952484131" lon="-119.76524591445923" />
      <trkpt lat="38.33378791809082" lon="-119.76477384567261" />
      <trkpt lat="38.333337306976318" lon="-119.76404428482056" />
      <trkpt lat="38.333230018615723" lon="-119.76376533508301" />
      <trkpt lat="38.333187103271484" lon="-119.76337909698486" />
      <trkpt lat="38.333272933959961" lon="-119.76279973983765" />
      <trkpt lat="38.333251476287842" lon="-119.76256370544434" />
      <trkpt lat="38.33305835723877" lon="-119.76219892501831" />
      <trkpt lat="38.332672119140625" lon="-119.76166248321533" />
      <trkpt lat="38.33254337310791" lon="-119.76153373718262" />
      <trkpt lat="38.332114219665527" lon="-119.76131916046143" />
      <trkpt lat="38.331899642944336" lon="-119.76108312606812" />
      <trkpt lat="38.331663608551025" lon="-119.76041793823242" />
      <trkpt lat="38.331491947174072" lon="-119.75940942764282" />
      <trkpt lat="38.330891132354736" lon="-119.75827217102051" />
      <trkpt lat="38.330590724945068" lon="-119.75743532180786" />
      <trkpt lat="38.330354690551758" lon="-119.75700616836548" />
      <trkpt lat="38.330140113830566" lon="-119.75677013397217" />
      <trkpt lat="38.329324722290039" lon="-119.75606203079224" />
      <trkpt lat="38.328380584716797" lon="-119.75518226623535" />
      <trkpt lat="38.327908515930176" lon="-119.75449562072754" />
      <trkpt lat="38.327736854553223" lon="-119.75436687469482" />
      <trkpt lat="38.327393531799316" lon="-119.75425958633423" />
      <trkpt lat="38.326449394226074" lon="-119.75425958633423" />
      <trkpt lat="38.326191902160645" lon="-119.75417375564575" />
      <trkpt lat="38.325977325439453" lon="-119.75404500961304" />
      <trkpt lat="38.325741291046143" lon="-119.75376605987549" />
      <trkpt lat="38.325333595275879" lon="-119.7529935836792" />
      <trkpt lat="38.325076103210449" lon="-119.75250005722046" />
      <trkpt lat="38.324775695800781" lon="-119.75219964981079" />
      <trkpt lat="38.324217796325684" lon="-119.75179195404053" />
      <trkpt lat="38.323745727539062" lon="-119.75164175033569" />
      <trkpt lat="38.322587013244629" lon="-119.7515344619751" />
      <trkpt lat="38.32230806350708" lon="-119.75144863128662" />
      <trkpt lat="38.321664333343506" lon="-119.75089073181152" />
      <trkpt lat="38.321428298950195" lon="-119.75056886672974" />
      <trkpt lat="38.321192264556885" lon="-119.7499680519104" />
      <trkpt lat="38.321106433868408" lon="-119.7495174407959" />
      <trkpt lat="38.321084976196289" lon="-119.74835872650146" />
      <trkpt lat="38.321127891540527" lon="-119.74818706512451" />
      <trkpt lat="38.321213722229004" lon="-119.74807977676392" />
      <trkpt lat="38.321599960327148" lon="-119.7479510307312" />
      <trkpt lat="38.321707248687744" lon="-119.74784374237061" />
      <trkpt lat="38.321771621704102" lon="-119.7475004196167" />
      <trkpt lat="38.321664333343506" lon="-119.74711418151855" />
      <trkpt lat="38.321428298950195" lon="-119.74683523178101" />
      <trkpt lat="38.320827484130859" lon="-119.74647045135498" />
      <trkpt lat="38.320720195770264" lon="-119.74634170532227" />
      <trkpt lat="38.32056999206543" lon="-119.74591255187988" />
      <trkpt lat="38.320441246032715" lon="-119.74571943283081" />
      <trkpt lat="38.320140838623047" lon="-119.74556922912598" />
      <trkpt lat="38.319733142852783" lon="-119.74522590637207" />
      <trkpt lat="38.31932544708252" lon="-119.74507570266724" />
      <trkpt lat="38.318960666656494" lon="-119.74466800689697" />
      <trkpt lat="38.318724632263184" lon="-119.74445343017578" />
      <trkpt lat="38.318102359771729" lon="-119.74434614181519" />
      <trkpt lat="38.317844867706299" lon="-119.74419593811035" />
      <trkpt lat="38.317673206329346" lon="-119.74398136138916" />
      <trkpt lat="38.317415714263916" lon="-119.74348783493042" />
      <trkpt lat="38.31730842590332" lon="-119.74338054656982" />
      <trkpt lat="38.31707239151001" lon="-119.74329471588135" />
      <trkpt lat="38.316342830657959" lon="-119.74308013916016" />
      <trkpt lat="38.315999507904053" lon="-119.74299430847168" />
      <trkpt lat="38.315763473510742" lon="-119.7430157661438" />
      <trkpt lat="38.315484523773193" lon="-119.74305868148804" />
      <trkpt lat="38.315205574035645" lon="-119.7430157661438" />
      <trkpt lat="38.315055370330811" lon="-119.74280118942261" />
      <trkpt lat="38.315012454986572" lon="-119.74258661270142" />
      <trkpt lat="38.315012454986572" lon="-119.74183559417725" />
      <trkpt lat="38.314969539642334" lon="-119.74159955978394" />
      <trkpt lat="38.314862251281738" lon="-119.74102020263672" />
      <trkpt lat="38.314733505249023" lon="-119.7405481338501" />
      <trkpt lat="38.314368724822998" lon="-119.73956108093262" />
      <trkpt lat="38.314239978790283" lon="-119.73913192749023" />
      <trkpt lat="38.314132690429688" lon="-119.73863840103149" />
      <trkpt lat="38.314046859741211" lon="-119.73769426345825" />
      <trkpt lat="38.313767910003662" lon="-119.7369647026062" />
      <trkpt lat="38.313767910003662" lon="-119.73668575286865" />
      <trkpt lat="38.313853740692139" lon="-119.7364068031311" />
      <trkpt lat="38.314239978790283" lon="-119.73554849624634" />
      <trkpt lat="38.314883708953857" lon="-119.73471164703369" />
      <trkpt lat="38.315033912658691" lon="-119.73447561264038" />
      <trkpt lat="38.315548896789551" lon="-119.73288774490356" />
      <trkpt lat="38.315634727478027" lon="-119.73271608352661" />
      <trkpt lat="38.316020965576172" lon="-119.73220109939575" />
      <trkpt lat="38.316128253936768" lon="-119.7319221496582" />
      <trkpt lat="38.316256999969482" lon="-119.73110675811768" />
      <trkpt lat="38.316450119018555" lon="-119.73052740097046" />
      <trkpt lat="38.31655740737915" lon="-119.73033428192139" />
      <trkpt lat="38.316729068756104" lon="-119.73031282424927" />
      <trkpt lat="38.316857814788818" lon="-119.7304630279541" />
      <trkpt lat="38.316986560821533" lon="-119.73069906234741" />
      <trkpt lat="38.317136764526367" lon="-119.73121404647827" />
      <trkpt lat="38.317222595214844" lon="-119.73164319992065" />
      <trkpt lat="38.31730842590332" lon="-119.73220109939575" />
      <trkpt lat="38.317286968231201" lon="-119.73260879516602" />
      <trkpt lat="38.317222595214844" lon="-119.73280191421509" />
      <trkpt lat="38.316922187805176" lon="-119.73316669464111" />
      <trkpt lat="38.316900730133057" lon="-119.73331689834595" />
      <trkpt lat="38.316943645477295" lon="-119.7334885597229" />
      <trkpt lat="38.317158222198486" lon="-119.73346710205078" />
      <trkpt lat="38.317458629608154" lon="-119.73314523696899" />
      <trkpt lat="38.317630290985107" lon="-119.73286628723145" />
      <trkpt lat="38.317780494689941" lon="-119.73243713378906" />
      <trkpt lat="38.317952156066895" lon="-119.73168611526489" />
      <trkpt lat="38.318080902099609" lon="-119.73119258880615" />
      <trkpt lat="38.318188190460205" lon="-119.7304630279541" />
      <trkpt lat="38.318274021148682" lon="-119.73018407821655" />
      <trkpt lat="38.3193039894104" lon="-119.72863912582397" />
      <trkpt lat="38.319518566131592" lon="-119.72814559936523" />
      <trkpt lat="38.319625854492188" lon="-119.72773790359497" />
      <trkpt lat="38.319711685180664" lon="-119.72730875015259" />
      <trkpt lat="38.319797515869141" lon="-119.72683668136597" />
      <trkpt lat="38.320205211639404" lon="-119.72565650939941" />
      <trkpt lat="38.320248126983643" lon="-119.72535610198975" />
      <trkpt lat="38.320226669311523" lon="-119.72475528717041" />
      <trkpt lat="38.320162296295166" lon="-119.7240686416626" />
      <trkpt lat="38.320162296295166" lon="-119.72344636917114" />
      <trkpt lat="38.320205211639404" lon="-119.72119331359863" />
      <trkpt lat="38.320140838623047" lon="-119.71898317337036" />
      <trkpt lat="38.320162296295166" lon="-119.71838235855103" />
      <trkpt lat="38.320226669311523" lon="-119.71816778182983" />
      <trkpt lat="38.320419788360596" lon="-119.7179102897644" />
      <trkpt lat="38.321127891540527" lon="-119.71763134002686" />
      <trkpt lat="38.321385383605957" lon="-119.71758842468262" />
      <trkpt lat="38.321599960327148" lon="-119.71763134002686" />
      <trkpt lat="38.321900367736816" lon="-119.71782445907593" />
      <trkpt lat="38.322114944458008" lon="-119.71776008605957" />
      <trkpt lat="38.322243690490723" lon="-119.7174596786499" />
      <trkpt lat="38.322350978851318" lon="-119.71673011779785" />
      <trkpt lat="38.322479724884033" lon="-119.71619367599487" />
      <trkpt lat="38.322436809539795" lon="-119.71595764160156" />
      <trkpt lat="38.322222232818604" lon="-119.71563577651978" />
      <trkpt lat="38.322243690490723" lon="-119.71542119979858" />
      <trkpt lat="38.322672843933105" lon="-119.71488475799561" />
      <trkpt lat="38.323037624359131" lon="-119.71430540084839" />
      <trkpt lat="38.323616981506348" lon="-119.71379041671753" />
      <trkpt lat="38.323788642883301" lon="-119.71321105957031" />
      <trkpt lat="38.323831558227539" lon="-119.71293210983276" />
      <trkpt lat="38.323981761932373" lon="-119.71226692199707" />
      <trkpt lat="38.32430362701416" lon="-119.71132278442383" />
      <trkpt lat="38.324475288391113" lon="-119.71070051193237" />
      <trkpt lat="38.324410915374756" lon="-119.70952033996582" />
      <trkpt lat="38.324625492095947" lon="-119.70818996429443" />
      <trkpt lat="38.324732780456543" lon="-119.70782518386841" />
      <trkpt lat="38.325119018554688" lon="-119.70705270767212" />
      <trkpt lat="38.325505256652832" lon="-119.70608711242676" />
      <trkpt lat="38.325676918029785" lon="-119.70552921295166" />
      <trkpt lat="38.325634002685547" lon="-119.70520734786987" />
      <trkpt lat="38.325462341308594" lon="-119.7044563293457" />
      <trkpt lat="38.325655460357666" lon="-119.70308303833008" />
      <trkpt lat="38.325655460357666" lon="-119.7025465965271" />
      <trkpt lat="38.32531213760376" lon="-119.70151662826538" />
      <trkpt lat="38.325247764587402" lon="-119.70091581344604" />
      <trkpt lat="38.325290679931641" lon="-119.70031499862671" />
      <trkpt lat="38.325483798980713" lon="-119.69954252243042" />
      <trkpt lat="38.325483798980713" lon="-119.6989631652832" />
      <trkpt lat="38.325419425964355" lon="-119.69857692718506" />
      <trkpt lat="38.325119018554688" lon="-119.69784736633301" />
      <trkpt lat="38.324861526489258" lon="-119.69728946685791" />
      <trkpt lat="38.324646949768066" lon="-119.69671010971069" />
      <trkpt lat="38.32456111907959" lon="-119.69617366790771" />
      <trkpt lat="38.32456111907959" lon="-119.6959376335144" />
      <trkpt lat="38.324711322784424" lon="-119.69387769699097" />
      <trkpt lat="38.324754238128662" lon="-119.69340562820435" />
      <trkpt lat="38.324840068817139" lon="-119.69224691390991" />
      <trkpt lat="38.325011730194092" lon="-119.69121694564819" />
      <trkpt lat="38.325526714324951" lon="-119.68975782394409" />
      <trkpt lat="38.325719833374023" lon="-119.68786954879761" />
      <trkpt lat="38.325827121734619" lon="-119.68750476837158" />
      <trkpt lat="38.326148986816406" lon="-119.68690395355225" />
      <trkpt lat="38.326170444488525" lon="-119.68645334243774" />
      <trkpt lat="38.32606315612793" lon="-119.68611001968384" />
      <trkpt lat="38.325891494750977" lon="-119.68580961227417" />
      <trkpt lat="38.325462341308594" lon="-119.68518733978271" />
      <trkpt lat="38.325290679931641" lon="-119.68490839004517" />
      <trkpt lat="38.324990272521973" lon="-119.68437194824219" />
      <trkpt lat="38.324904441833496" lon="-119.68411445617676" />
      <trkpt lat="38.32481861114502" lon="-119.68370676040649" />
      <trkpt lat="38.324968814849854" lon="-119.6831488609314" />
      <trkpt lat="38.324990272521973" lon="-119.68261241912842" />
      <trkpt lat="38.324904441833496" lon="-119.6821403503418" />
      <trkpt lat="38.3247971534729" lon="-119.68181848526001" />
      <trkpt lat="38.324689865112305" lon="-119.68136787414551" />
      <trkpt lat="38.324432373046875" lon="-119.68083143234253" />
      <trkpt lat="38.323681354522705" lon="-119.67975854873657" />
      <trkpt lat="38.323574066162109" lon="-119.67954397201538" />
      <trkpt lat="38.323445320129395" lon="-119.67930793762207" />
      <trkpt lat="38.322994709014893" lon="-119.67793464660645" />
      <trkpt lat="38.322544097900391" lon="-119.67647552490234" />
      <trkpt lat="38.322458267211914" lon="-119.67621803283691" />
      <trkpt lat="38.322350978851318" lon="-119.67585325241089" />
      <trkpt lat="38.322114944458008" lon="-119.67493057250977" />
      <trkpt lat="38.322007656097412" lon="-119.67460870742798" />
      <trkpt lat="38.321750164031982" lon="-119.67387914657593" />
      <trkpt lat="38.321621417999268" lon="-119.67336416244507" />
      <trkpt lat="38.321428298950195" lon="-119.67278480529785" />
      <trkpt lat="38.32080602645874" lon="-119.67175483703613" />
      <trkpt lat="38.3203125" lon="-119.67121839523315" />
      <trkpt lat="38.31956148147583" lon="-119.67072486877441" />
      <trkpt lat="38.319132328033447" lon="-119.67040300369263" />
      <trkpt lat="38.318853378295898" lon="-119.67016696929932" />
      <trkpt lat="38.318510055541992" lon="-119.66980218887329" />
      <trkpt lat="38.317952156066895" lon="-119.66939449310303" />
      <trkpt lat="38.317780494689941" lon="-119.66922283172607" />
      <trkpt lat="38.317737579345703" lon="-119.66896533966064" />
      <trkpt lat="38.317780494689941" lon="-119.66877222061157" />
      <trkpt lat="38.318231105804443" lon="-119.6680212020874" />
      <trkpt lat="38.318252563476563" lon="-119.66784954071045" />
      <trkpt lat="38.318231105804443" lon="-119.66769933700562" />
      <trkpt lat="38.318080902099609" lon="-119.6674633026123" />
      <trkpt lat="38.317587375640869" lon="-119.6670126914978" />
      <trkpt lat="38.317394256591797" lon="-119.66696977615356" />
      <trkpt lat="38.31707239151001" lon="-119.66696977615356" />
      <trkpt lat="38.316965103149414" lon="-119.66690540313721" />
      <trkpt lat="38.316922187805176" lon="-119.66679811477661" />
      <trkpt lat="38.316965103149414" lon="-119.6666693687439" />
      <trkpt lat="38.317394256591797" lon="-119.66619729995728" />
      <trkpt lat="38.31782341003418" lon="-119.66542482376099" />
      <trkpt lat="38.318231105804443" lon="-119.66441631317139" />
      <trkpt lat="38.318381309509277" lon="-119.66415882110596" />
      <trkpt lat="38.318595886230469" lon="-119.66396570205688" />
      <trkpt lat="38.319990634918213" lon="-119.66325759887695" />
      <trkpt lat="38.320441246032715" lon="-119.66269969940186" />
      <trkpt lat="38.320591449737549" lon="-119.6626353263855" />
      <trkpt lat="38.321106433868408" lon="-119.66267824172974" />
      <trkpt lat="38.321342468261719" lon="-119.6626353263855" />
      <trkpt lat="38.321964740753174" lon="-119.66222763061523" />
      <trkpt lat="38.322350978851318" lon="-119.66190576553345" />
      <trkpt lat="38.322587013244629" lon="-119.66171264648437" />
      <trkpt lat="38.322887420654297" lon="-119.66158390045166" />
      <trkpt lat="38.323187828063965" lon="-119.66141223907471" />
      <trkpt lat="38.323380947113037" lon="-119.66124057769775" />
      <trkpt lat="38.32381010055542" lon="-119.66085433959961" />
      <trkpt lat="38.325076103210449" lon="-119.65973854064941" />
      <trkpt lat="38.325376510620117" lon="-119.65965270996094" />
      <trkpt lat="38.325955867767334" lon="-119.65975999832153" />
      <trkpt lat="38.326578140258789" lon="-119.65918064117432" />
      <trkpt lat="38.326964378356934" lon="-119.65890169143677" />
      <trkpt lat="38.327114582061768" lon="-119.65866565704346" />
      <trkpt lat="38.327243328094482" lon="-119.65791463851929" />
      <trkpt lat="38.327350616455078" lon="-119.65772151947021" />
      <trkpt lat="38.327500820159912" lon="-119.65754985809326" />
      <trkpt lat="38.327736854553223" lon="-119.6574854850769" />
      <trkpt lat="38.328423500061035" lon="-119.65763568878174" />
      <trkpt lat="38.328680992126465" lon="-119.65757131576538" />
      <trkpt lat="38.32956075668335" lon="-119.65656280517578" />
      <trkpt lat="38.331363201141357" lon="-119.65542554855347" />
      <trkpt lat="38.331620693206787" lon="-119.65525388717651" />
      <trkpt lat="38.333380222320557" lon="-119.6540093421936" />
      <trkpt lat="38.334839344024658" lon="-119.65351581573486" />
      <trkpt lat="38.335311412811279" lon="-119.65312957763672" />
      <trkpt lat="38.335890769958496" lon="-119.65278625488281" />
      <trkpt lat="38.336126804351807" lon="-119.65250730514526" />
      <trkpt lat="38.336212635040283" lon="-119.652099609375" />
      <trkpt lat="38.336126804351807" lon="-119.6516489982605" />
      <trkpt lat="38.335998058319092" lon="-119.65147733688354" />
      <trkpt lat="38.335483074188232" lon="-119.65106964111328" />
      <trkpt lat="38.335397243499756" lon="-119.65089797973633" />
      <trkpt lat="38.335354328155518" lon="-119.65061902999878" />
      <trkpt lat="38.335397243499756" lon="-119.64991092681885" />
      <trkpt lat="38.335483074188232" lon="-119.64939594268799" />
      <trkpt lat="38.335654735565186" lon="-119.64905261993408" />
      <trkpt lat="38.335869312286377" lon="-119.64877367019653" />
      <trkpt lat="38.336105346679688" lon="-119.6485161781311" />
      <trkpt lat="38.336384296417236" lon="-119.64812994003296" />
      <trkpt lat="38.33653450012207" lon="-119.64782953262329" />
      <trkpt lat="38.336555957794189" lon="-119.6476149559021" />
      <trkpt lat="38.33653450012207" lon="-119.6464991569519" />
      <trkpt lat="38.336577415466309" lon="-119.6454906463623" />
      <trkpt lat="38.336491584777832" lon="-119.64510440826416" />
      <trkpt lat="38.336234092712402" lon="-119.64450359344482" />
      <trkpt lat="38.335976600646973" lon="-119.64366674423218" />
      <trkpt lat="38.335847854614258" lon="-119.64334487915039" />
      <trkpt lat="38.335139751434326" lon="-119.64218616485596" />
      <trkpt lat="38.334860801696777" lon="-119.64186429977417" />
      <trkpt lat="38.334474563598633" lon="-119.64160680770874" />
      <trkpt lat="38.333702087402344" lon="-119.64132785797119" />
      <trkpt lat="38.333337306976318" lon="-119.64104890823364" />
      <trkpt lat="38.333208560943604" lon="-119.64081287384033" />
      <trkpt lat="38.33303689956665" lon="-119.6401047706604" />
      <trkpt lat="38.332779407501221" lon="-119.63967561721802" />
      <trkpt lat="38.330268859863281" lon="-119.63688611984253" />
      <trkpt lat="38.329946994781494" lon="-119.63667154312134" />
      <trkpt lat="38.329710960388184" lon="-119.63667154312134" />
      <trkpt lat="38.329517841339111" lon="-119.63680028915405" />
      <trkpt lat="38.329024314880371" lon="-119.63733673095703" />
      <trkpt lat="38.328831195831299" lon="-119.63742256164551" />
      <trkpt lat="38.328680992126465" lon="-119.63742256164551" />
      <trkpt lat="38.32855224609375" lon="-119.63737964630127" />
      <trkpt lat="38.328166007995605" lon="-119.63722944259644" />
      <trkpt lat="38.327972888946533" lon="-119.63716506958008" />
      <trkpt lat="38.327929973602295" lon="-119.63714361190796" />
      <trkpt lat="38.327887058258057" lon="-119.63712215423584" />
      <trkpt lat="38.327758312225342" lon="-119.63703632354736" />
      <trkpt lat="38.327651023864746" lon="-119.63684320449829" />
      <trkpt lat="38.327414989471436" lon="-119.63609218597412" />
      <trkpt lat="38.327414989471436" lon="-119.63568449020386" />
      <trkpt lat="38.327629566192627" lon="-119.63486909866333" />
      <trkpt lat="38.327822685241699" lon="-119.63426828384399" />
      <trkpt lat="38.328230381011963" lon="-119.63375329971313" />
      <trkpt lat="38.328573703765869" lon="-119.63285207748413" />
      <trkpt lat="38.328874111175537" lon="-119.63244438171387" />
      <trkpt lat="38.328895568847656" lon="-119.63227272033691" />
      <trkpt lat="38.328852653503418" lon="-119.63207960128784" />
      <trkpt lat="38.328530788421631" lon="-119.63081359863281" />
      <trkpt lat="38.328230381011963" lon="-119.63008403778076" />
      <trkpt lat="38.327651023864746" lon="-119.62913990020752" />
      <trkpt lat="38.327264785766602" lon="-119.62877511978149" />
      <trkpt lat="38.327178955078125" lon="-119.62864637374878" />
      <trkpt lat="38.327221870422363" lon="-119.62802410125732" />
      <trkpt lat="38.327093124389648" lon="-119.6275520324707" />
      <trkpt lat="38.326985836029053" lon="-119.62740182876587" />
      <trkpt lat="38.326728343963623" lon="-119.62718725204468" />
      <trkpt lat="38.326385021209717" lon="-119.62675809860229" />
      <trkpt lat="38.326213359832764" lon="-119.62639331817627" />
      <trkpt lat="38.326256275177002" lon="-119.62617874145508" />
      <trkpt lat="38.326406478881836" lon="-119.62611436843872" />
      <trkpt lat="38.326964378356934" lon="-119.62628602981567" />
      <trkpt lat="38.327093124389648" lon="-119.62626457214355" />
      <trkpt lat="38.327264785766602" lon="-119.62611436843872" />
      <trkpt lat="38.327479362487793" lon="-119.62566375732422" />
      <trkpt lat="38.327693939208984" lon="-119.62491273880005" />
      <trkpt lat="38.327929973602295" lon="-119.62353944778442" />
      <trkpt lat="38.328380584716797" lon="-119.62147951126099" />
      <trkpt lat="38.328444957733154" lon="-119.62062120437622" />
      <trkpt lat="38.328380584716797" lon="-119.61905479431152" />
      <trkpt lat="38.328230381011963" lon="-119.61785316467285" />
      <trkpt lat="38.328101634979248" lon="-119.6171236038208" />
      <trkpt lat="38.327844142913818" lon="-119.61626529693604" />
      <trkpt lat="38.327693939208984" lon="-119.61596488952637" />
      <trkpt lat="38.327500820159912" lon="-119.61572885513306" />
      <trkpt lat="38.326234817504883" lon="-119.61452722549438" />
      <trkpt lat="38.325762748718262" lon="-119.61435556411743" />
      <trkpt lat="38.325483798980713" lon="-119.61435556411743" />
      <trkpt lat="38.324732780456543" lon="-119.61478471755981" />
      <trkpt lat="38.324496746063232" lon="-119.61472034454346" />
      <trkpt lat="38.324239253997803" lon="-119.61452722549438" />
      <trkpt lat="38.323531150817871" lon="-119.61386203765869" />
      <trkpt lat="38.323016166687012" lon="-119.61323976516724" />
      <trkpt lat="38.321750164031982" lon="-119.61120128631592" />
      <trkpt lat="38.321471214294434" lon="-119.61038589477539" />
      <trkpt lat="38.321106433868408" lon="-119.60974216461182" />
      <trkpt lat="38.320913314819336" lon="-119.60948467254639" />
      <trkpt lat="38.320269584655762" lon="-119.60890531539917" />
      <trkpt lat="38.320140838623047" lon="-119.60884094238281" />
      <trkpt lat="38.319690227508545" lon="-119.60888385772705" />
      <trkpt lat="38.319282531738281" lon="-119.60866928100586" />
      <trkpt lat="38.318853378295898" lon="-119.60866928100586" />
      <trkpt lat="38.318445682525635" lon="-119.60873365402222" />
      <trkpt lat="38.31831693649292" lon="-119.60881948471069" />
      <trkpt lat="38.318252563476563" lon="-119.60901260375977" />
      <trkpt lat="38.318274021148682" lon="-119.6096134185791" />
      <trkpt lat="38.318188190460205" lon="-119.60978507995605" />
      <trkpt lat="38.318016529083252" lon="-119.60978507995605" />
      <trkpt lat="38.317673206329346" lon="-119.60954904556274" />
      <trkpt lat="38.316965103149414" lon="-119.60901260375977" />
      <trkpt lat="38.316299915313721" lon="-119.60824012756348" />
      <trkpt lat="38.31557035446167" lon="-119.60791826248169" />
      <trkpt lat="38.315141201019287" lon="-119.60740327835083" />
      <trkpt lat="38.3148193359375" lon="-119.60675954818726" />
      <trkpt lat="38.314583301544189" lon="-119.60570812225342" />
      <trkpt lat="38.314433097839355" lon="-119.6052360534668" />
      <trkpt lat="38.313918113708496" lon="-119.60444211959839" />
      <trkpt lat="38.313660621643066" lon="-119.60392713546753" />
      <trkpt lat="38.31331729888916" lon="-119.60251092910767" />
      <trkpt lat="38.313252925872803" lon="-119.60233926773071" />
      <trkpt lat="38.312673568725586" lon="-119.60034370422363" />
      <trkpt lat="38.312029838562012" lon="-119.59905624389648" />
      <trkpt lat="38.311557769775391" lon="-119.5986270904541" />
      <trkpt lat="38.310956954956055" lon="-119.59856271743774" />
      <trkpt lat="38.310720920562744" lon="-119.59839105606079" />
      <trkpt lat="38.310613632202148" lon="-119.59708213806152" />
      <trkpt lat="38.31031322479248" lon="-119.59654569625854" />
      <trkpt lat="38.310205936431885" lon="-119.59600925445557" />
      <trkpt lat="38.310120105743408" lon="-119.5951509475708" />
      <trkpt lat="38.310141563415527" lon="-119.59465742111206" />
      <trkpt lat="38.310098648071289" lon="-119.59448575973511" />
      <trkpt lat="38.309948444366455" lon="-119.5942497253418" />
      <trkpt lat="38.309111595153809" lon="-119.5936918258667" />
      <trkpt lat="38.309090137481689" lon="-119.59367036819458" />
      <trkpt lat="38.308660984039307" lon="-119.59339141845703" />
      <trkpt lat="38.308231830596924" lon="-119.59352016448975" />
      <trkpt lat="38.307867050170898" lon="-119.59362745285034" />
      <trkpt lat="38.307008743286133" lon="-119.5936918258667" />
      <trkpt lat="38.306043148040771" lon="-119.59360599517822" />
      <trkpt lat="38.305399417877197" lon="-119.59341287612915" />
      <trkpt lat="38.30507755279541" lon="-119.5932412147522" />
      <trkpt lat="38.304905891418457" lon="-119.59306955337524" />
      <trkpt lat="38.30482006072998" lon="-119.59283351898193" />
      <trkpt lat="38.304862976074219" lon="-119.5926833152771" />
      <trkpt lat="38.304948806762695" lon="-119.59255456924438" />
      <trkpt lat="38.30533504486084" lon="-119.59229707717896" />
      <trkpt lat="38.306021690368652" lon="-119.59176063537598" />
      <trkpt lat="38.306601047515869" lon="-119.59146022796631" />
      <trkpt lat="38.306772708892822" lon="-119.59141731262207" />
      <trkpt lat="38.307459354400635" lon="-119.59115982055664" />
      <trkpt lat="38.307716846466064" lon="-119.5907735824585" />
      <trkpt lat="38.307888507843018" lon="-119.58993673324585" />
      <trkpt lat="38.307909965515137" lon="-119.58952903747559" />
      <trkpt lat="38.307845592498779" lon="-119.58918571472168" />
      <trkpt lat="38.307609558105469" lon="-119.58798408508301" />
      <trkpt lat="38.307545185089111" lon="-119.58766222000122" />
      <trkpt lat="38.30756664276123" lon="-119.58746910095215" />
      <trkpt lat="38.307716846466064" lon="-119.5871901512146" />
      <trkpt lat="38.307909965515137" lon="-119.58701848983765" />
      <trkpt lat="38.308210372924805" lon="-119.58684682846069" />
      <trkpt lat="38.308746814727783" lon="-119.58688974380493" />
      <trkpt lat="38.308939933776855" lon="-119.5867395401001" />
      <trkpt lat="38.309540748596191" lon="-119.58579540252686" />
      <trkpt lat="38.309690952301025" lon="-119.58547353744507" />
      <trkpt lat="38.309712409973145" lon="-119.585280418396" />
      <trkpt lat="38.309690952301025" lon="-119.58482980728149" />
      <trkpt lat="38.309712409973145" lon="-119.58459377288818" />
      <trkpt lat="38.309841156005859" lon="-119.58407878875732" />
      <trkpt lat="38.309841156005859" lon="-119.58386421203613" />
      <trkpt lat="38.309776782989502" lon="-119.58373546600342" />
      <trkpt lat="38.309519290924072" lon="-119.58367109298706" />
      <trkpt lat="38.309412002563477" lon="-119.58352088928223" />
      <trkpt lat="38.309454917907715" lon="-119.58328485488892" />
      <trkpt lat="38.309690952301025" lon="-119.58294153213501" />
      <trkpt lat="38.310120105743408" lon="-119.58216905593872" />
      <trkpt lat="38.310506343841553" lon="-119.58171844482422" />
      <trkpt lat="38.310935497283936" lon="-119.58098888397217" />
      <trkpt lat="38.31157922744751" lon="-119.58017349243164" />
      <trkpt lat="38.312180042266846" lon="-119.5792293548584" />
      <trkpt lat="38.312458992004395" lon="-119.57884311676025" />
      <trkpt lat="38.312888145446777" lon="-119.57817792892456" />
      <trkpt lat="38.313403129577637" lon="-119.57699775695801" />
      <trkpt lat="38.313531875610352" lon="-119.57669734954834" />
      <trkpt lat="38.313896656036377" lon="-119.57598924636841" />
      <trkpt lat="38.314089775085449" lon="-119.57562446594238" />
      <trkpt lat="38.315098285675049" lon="-119.57369327545166" />
      <trkpt lat="38.315527439117432" lon="-119.57304954528809" />
      <trkpt lat="38.315892219543457" lon="-119.57201957702637" />
      <trkpt lat="38.316235542297363" lon="-119.57154750823975" />
      <trkpt lat="38.316643238067627" lon="-119.57066774368286" />
      <trkpt lat="38.317201137542725" lon="-119.57013130187988" />
      <trkpt lat="38.317651748657227" lon="-119.56953048706055" />
      <trkpt lat="38.31831693649292" lon="-119.56890821456909" />
      <trkpt lat="38.318960666656494" lon="-119.56839323043823" />
      <trkpt lat="38.319261074066162" lon="-119.56804990768433" />
      <trkpt lat="38.319861888885498" lon="-119.56665515899658" />
      <trkpt lat="38.32005500793457" lon="-119.56598997116089" />
      <trkpt lat="38.320248126983643" lon="-119.56545352935791" />
      <trkpt lat="38.320333957672119" lon="-119.56496000289917" />
      <trkpt lat="38.320419788360596" lon="-119.56480979919434" />
      <trkpt lat="38.320741653442383" lon="-119.56461668014526" />
      <trkpt lat="38.321170806884766" lon="-119.56393003463745" />
      <trkpt lat="38.321599960327148" lon="-119.56347942352295" />
      <trkpt lat="38.321664333343506" lon="-119.563307762146" />
      <trkpt lat="38.321707248687744" lon="-119.56296443939209" />
      <trkpt lat="38.321793079376221" lon="-119.56281423568726" />
      <trkpt lat="38.322372436523438" lon="-119.56244945526123" />
      <trkpt lat="38.322994709014893" lon="-119.56169843673706" />
      <trkpt lat="38.323273658752441" lon="-119.5612907409668" />
      <trkpt lat="38.323531150817871" lon="-119.56111907958984" />
      <trkpt lat="38.32381010055542" lon="-119.56094741821289" />
      <trkpt lat="38.324089050292969" lon="-119.56071138381958" />
      <trkpt lat="38.324732780456543" lon="-119.56053972244263" />
      <trkpt lat="38.325634002685547" lon="-119.56004619598389" />
      <trkpt lat="38.325848579406738" lon="-119.5598316192627" />
      <trkpt lat="38.326513767242432" lon="-119.55854415893555" />
      <trkpt lat="38.326535224914551" lon="-119.55822229385376" />
      <trkpt lat="38.326470851898193" lon="-119.55755710601807" />
      <trkpt lat="38.326513767242432" lon="-119.55723524093628" />
      <trkpt lat="38.327136039733887" lon="-119.55629110336304" />
      <trkpt lat="38.327393531799316" lon="-119.55564737319946" />
      <trkpt lat="38.327736854553223" lon="-119.55517530441284" />
      <trkpt lat="38.327736854553223" lon="-119.55508947372437" />
      <trkpt lat="38.327629566192627" lon="-119.55493927001953" />
      <trkpt lat="38.327500820159912" lon="-119.55485343933105" />
      <trkpt lat="38.327350616455078" lon="-119.55489635467529" />
      <trkpt lat="38.32705020904541" lon="-119.55530405044556" />
      <trkpt lat="38.32679271697998" lon="-119.55549716949463" />
      <trkpt lat="38.326470851898193" lon="-119.55584049224854" />
      <trkpt lat="38.325483798980713" lon="-119.55633401870728" />
      <trkpt lat="38.324711322784424" lon="-119.55654859542847" />
      <trkpt lat="38.324131965637207" lon="-119.55654859542847" />
      <trkpt lat="38.323659896850586" lon="-119.55672025680542" />
      <trkpt lat="38.323037624359131" lon="-119.55672025680542" />
      <trkpt lat="38.32256555557251" lon="-119.55648422241211" />
      <trkpt lat="38.322458267211914" lon="-119.55631256103516" />
      <trkpt lat="38.322415351867676" lon="-119.5561408996582" />
      <trkpt lat="38.322436809539795" lon="-119.55601215362549" />
      <trkpt lat="38.322544097900391" lon="-119.55586194992065" />
      <trkpt lat="38.322973251342773" lon="-119.55577611923218" />
      <trkpt lat="38.323509693145752" lon="-119.55551862716675" />
      <trkpt lat="38.323831558227539" lon="-119.55504655838013" />
      <trkpt lat="38.324024677276611" lon="-119.55485343933105" />
      <trkpt lat="38.324131965637207" lon="-119.55472469329834" />
      <trkpt lat="38.32430362701416" lon="-119.5543384552002" />
      <trkpt lat="38.32456111907959" lon="-119.55403804779053" />
      <trkpt lat="38.325119018554688" lon="-119.55343723297119" />
      <trkpt lat="38.325719833374023" lon="-119.55292224884033" />
      <trkpt lat="38.326470851898193" lon="-119.55262184143066" />
      <trkpt lat="38.327007293701172" lon="-119.55229997634888" />
      <trkpt lat="38.327608108520508" lon="-119.55225706100464" />
      <trkpt lat="38.328230381011963" lon="-119.55199956893921" />
      <trkpt lat="38.32855224609375" lon="-119.55199956893921" />
      <trkpt lat="38.32880973815918" lon="-119.55208539962769" />
      <trkpt lat="38.32953929901123" lon="-119.5522141456604" />
      <trkpt lat="38.329753875732422" lon="-119.55223560333252" />
      <trkpt lat="38.330118656158447" lon="-119.55229997634888" />
      <trkpt lat="38.330354690551758" lon="-119.55251455307007" />
      <trkpt lat="38.330676555633545" lon="-119.55298662185669" />
      <trkpt lat="38.330912590026855" lon="-119.55328702926636" />
      <trkpt lat="38.331427574157715" lon="-119.55352306365967" />
      <trkpt lat="38.3323073387146" lon="-119.55375909805298" />
      <trkpt lat="38.332693576812744" lon="-119.5537805557251" />
      <trkpt lat="38.332951068878174" lon="-119.55369472503662" />
      <trkpt lat="38.333466053009033" lon="-119.55339431762695" />
      <trkpt lat="38.333830833435059" lon="-119.55320119857788" />
      <trkpt lat="38.334152698516846" lon="-119.55298662185669" />
      <trkpt lat="38.334324359893799" lon="-119.55285787582397" />
      <trkpt lat="38.334903717041016" lon="-119.55249309539795" />
      <trkpt lat="38.335247039794922" lon="-119.55208539962769" />
      <trkpt lat="38.335976600646973" lon="-119.55144166946411" />
      <trkpt lat="38.336985111236572" lon="-119.55094814300537" />
      <trkpt lat="38.337242603302002" lon="-119.5507550239563" />
      <trkpt lat="38.338251113891602" lon="-119.55006837844849" />
      <trkpt lat="38.339302539825439" lon="-119.54961776733398" />
      <trkpt lat="38.340096473693848" lon="-119.54916715621948" />
      <trkpt lat="38.340311050415039" lon="-119.54897403717041" />
      <trkpt lat="38.340761661529541" lon="-119.54833030700684" />
      <trkpt lat="38.341126441955566" lon="-119.5477294921875" />
      <trkpt lat="38.34179162979126" lon="-119.54719305038452" />
      <trkpt lat="38.342070579528809" lon="-119.54704284667969" />
      <trkpt lat="38.342349529266357" lon="-119.54691410064697" />
      <trkpt lat="38.342885971069336" lon="-119.54674243927002" />
      <trkpt lat="38.344366550445557" lon="-119.54599142074585" />
      <trkpt lat="38.344645500183105" lon="-119.54562664031982" />
      <trkpt lat="38.344924449920654" lon="-119.54502582550049" />
      <trkpt lat="38.344945907592773" lon="-119.54431772232056" />
      <trkpt lat="38.345353603363037" lon="-119.54333066940308" />
      <trkpt lat="38.345847129821777" lon="-119.54290151596069" />
      <trkpt lat="38.346340656280518" lon="-119.54236507415771" />
      <trkpt lat="38.346748352050781" lon="-119.54202175140381" />
      <trkpt lat="38.346812725067139" lon="-119.54144239425659" />
      <trkpt lat="38.347563743591309" lon="-119.54039096832275" />
      <trkpt lat="38.347928524017334" lon="-119.53953266143799" />
      <trkpt lat="38.348336219787598" lon="-119.53822374343872" />
      <trkpt lat="38.348636627197266" lon="-119.5376443862915" />
      <trkpt lat="38.348915576934814" lon="-119.53725814819336" />
      <trkpt lat="38.349387645721436" lon="-119.53695774078369" />
      <trkpt lat="38.349709510803223" lon="-119.53676462173462" />
      <trkpt lat="38.349988460540771" lon="-119.53652858734131" />
      <trkpt lat="38.350224494934082" lon="-119.5361852645874" />
      <trkpt lat="38.35052490234375" lon="-119.53558444976807" />
      <trkpt lat="38.350675106048584" lon="-119.53487634658813" />
      <trkpt lat="38.350653648376465" lon="-119.53384637832642" />
      <trkpt lat="38.350610733032227" lon="-119.53352451324463" />
      <trkpt lat="38.350546360015869" lon="-119.53300952911377" />
      <trkpt lat="38.350503444671631" lon="-119.53212976455688" />
      <trkpt lat="38.350546360015869" lon="-119.53176498413086" />
      <trkpt lat="38.350825309753418" lon="-119.53090667724609" />
      <trkpt lat="38.351125717163086" lon="-119.53004837036133" />
      <trkpt lat="38.351233005523682" lon="-119.52976942062378" />
      <trkpt lat="38.353335857391357" lon="-119.52382564544678" />
      <trkpt lat="38.353722095489502" lon="-119.52275276184082" />
      <trkpt lat="38.354151248931885" lon="-119.52150821685791" />
      <trkpt lat="38.354451656341553" lon="-119.52064990997314" />
      <trkpt lat="38.354558944702148" lon="-119.52034950256348" />
      <trkpt lat="38.354988098144531" lon="-119.5191478729248" />
      <trkpt lat="38.355460166931152" lon="-119.51775312423706" />
      <trkpt lat="38.355803489685059" lon="-119.51661586761475" />
      <trkpt lat="38.356640338897705" lon="-119.51346158981323" />
      <trkpt lat="38.356833457946777" lon="-119.51283931732178" />
      <trkpt lat="38.357090950012207" lon="-119.51204538345337" />
      <trkpt lat="38.357477188110352" lon="-119.51092958450317" />
      <trkpt lat="38.357605934143066" lon="-119.51037168502808" />
      <trkpt lat="38.357648849487305" lon="-119.50974941253662" />
      <trkpt lat="38.35752010345459" lon="-119.50846195220947" />
      <trkpt lat="38.357627391815186" lon="-119.50728178024292" />
      <trkpt lat="38.357820510864258" lon="-119.50650930404663" />
      <trkpt lat="38.358099460601807" lon="-119.50582265853882" />
      <trkpt lat="38.358957767486572" lon="-119.50429916381836" />
      <trkpt lat="38.360373973846436" lon="-119.50050115585327" />
      <trkpt lat="38.360717296600342" lon="-119.4998574256897" />
      <trkpt lat="38.361275196075439" lon="-119.49899911880493" />
      <trkpt lat="38.362240791320801" lon="-119.4981837272644" />
      <trkpt lat="38.363592624664307" lon="-119.49663877487183" />
      <trkpt lat="38.363807201385498" lon="-119.4962739944458" />
      <trkpt lat="38.364043235778809" lon="-119.49560880661011" />
      <trkpt lat="38.3642578125" lon="-119.49479341506958" />
      <trkpt lat="38.365437984466553" lon="-119.48992252349854" />
      <trkpt lat="38.365781307220459" lon="-119.48869943618774" />
      <trkpt lat="38.365802764892578" lon="-119.48829174041748" />
      <trkpt lat="38.365674018859863" lon="-119.48575973510742" />
      <trkpt lat="38.365716934204102" lon="-119.48520183563232" />
      <trkpt lat="38.365910053253174" lon="-119.48451519012451" />
      <trkpt lat="38.36601734161377" lon="-119.4838285446167" />
      <trkpt lat="38.365952968597412" lon="-119.48266983032227" />
      <trkpt lat="38.365781307220459" lon="-119.48003053665161" />
      <trkpt lat="38.365674018859863" lon="-119.47850704193115" />
      <trkpt lat="38.365523815155029" lon="-119.47754144668579" />
      <trkpt lat="38.365094661712646" lon="-119.47625398635864" />
      <trkpt lat="38.364708423614502" lon="-119.47550296783447" />
      <trkpt lat="38.364064693450928" lon="-119.47464466094971" />
      <trkpt lat="38.363378047943115" lon="-119.47397947311401" />
      <trkpt lat="38.362884521484375" lon="-119.47363615036011" />
      <trkpt lat="38.36101770401001" lon="-119.47254180908203" />
      <trkpt lat="38.36050271987915" lon="-119.47213411331177" />
      <trkpt lat="38.36000919342041" lon="-119.47164058685303" />
      <trkpt lat="38.354730606079102" lon="-119.46606159210205" />
      <trkpt lat="38.354172706604004" lon="-119.46548223495483" />
      <trkpt lat="38.352370262145996" lon="-119.46352958679199" />
      <trkpt lat="38.351790904998779" lon="-119.46273565292358" />
      <trkpt lat="38.351233005523682" lon="-119.46166276931763" />
      <trkpt lat="38.35078239440918" lon="-119.46043968200684" />
      <trkpt lat="38.349881172180176" lon="-119.45719957351685" />
      <trkpt lat="38.349666595458984" lon="-119.45640563964844" />
      <trkpt lat="38.3487868309021" lon="-119.45329427719116" />
      <trkpt lat="38.348507881164551" lon="-119.45230722427368" />
      <trkpt lat="38.348336219787598" lon="-119.4524359703064" />
      <trkpt lat="38.348078727722168" lon="-119.45262908935547" />
      <trkpt lat="38.347928524017334" lon="-119.45275783538818" />
      <trkpt lat="38.347692489624023" lon="-119.4528865814209" />
      <trkpt lat="38.347048759460449" lon="-119.45316553115845" />
      <trkpt lat="38.34627628326416" lon="-119.45320844650269" />
      <trkpt lat="38.345847129821777" lon="-119.45310115814209" />
      <trkpt lat="38.345375061035156" lon="-119.45290803909302" />
      <trkpt lat="38.344988822937012" lon="-119.45260763168335" />
      <trkpt lat="38.34453821182251" lon="-119.45213556289673" />
      <trkpt lat="38.344109058380127" lon="-119.45159912109375" />
      <trkpt lat="38.343830108642578" lon="-119.45123434066772" />
      <trkpt lat="38.343358039855957" lon="-119.45059061050415" />
      <trkpt lat="38.342993259429932" lon="-119.44992542266846" />
      <trkpt lat="38.342757225036621" lon="-119.44928169250488" />
      <trkpt lat="38.342585563659668" lon="-119.44861650466919" />
      <trkpt lat="38.342478275299072" lon="-119.44771528244019" />
      <trkpt lat="38.342478275299072" lon="-119.44713592529297" />
      <trkpt lat="38.342607021331787" lon="-119.44563388824463" />
      <trkpt lat="38.342671394348145" lon="-119.44514036178589" />
      <trkpt lat="38.342800140380859" lon="-119.44385290145874" />
      <trkpt lat="38.342907428741455" lon="-119.44297313690186" />
      <trkpt lat="38.343358039855957" lon="-119.43900346755981" />
      <trkpt lat="38.343572616577148" lon="-119.43799495697021" />
      <trkpt lat="38.343701362609863" lon="-119.43758726119995" />
      <trkpt lat="38.34404468536377" lon="-119.43672895431519" />
      <trkpt lat="38.344430923461914" lon="-119.43602085113525" />
      <trkpt lat="38.349709510803223" lon="-119.42831754684448" />
      <trkpt lat="38.350975513458252" lon="-119.42681550979614" />
      <trkpt lat="38.353185653686523" lon="-119.42477703094482" />
      <trkpt lat="38.353378772735596" lon="-119.42460536956787" />
      <trkpt lat="38.354108333587646" lon="-119.42394018173218" />
      <trkpt lat="38.35451602935791" lon="-119.42348957061768" />
      <trkpt lat="38.354816436767578" lon="-119.42299604415894" />
      <trkpt lat="38.355073928833008" lon="-119.42235231399536" />
      <trkpt lat="38.355224132537842" lon="-119.42175149917603" />
      <trkpt lat="38.355288505554199" lon="-119.42091464996338" />
      <trkpt lat="38.35503101348877" lon="-119.41904783248901" />
      <trkpt lat="38.354988098144531" lon="-119.41864013671875" />
      <trkpt lat="38.354816436767578" lon="-119.41756725311279" />
      <trkpt lat="38.353614807128906" lon="-119.40947771072388" />
      <trkpt lat="38.352220058441162" lon="-119.40252542495728" />
      <trkpt lat="38.351747989654541" lon="-119.40020799636841" />
      <trkpt lat="38.349452018737793" lon="-119.3864107131958" />
      <trkpt lat="38.349323272705078" lon="-119.38486576080322" />
      <trkpt lat="38.349301815032959" lon="-119.38398599624634" />
      <trkpt lat="38.34928035736084" lon="-119.37763452529907" />
      <trkpt lat="38.348937034606934" lon="-119.37057495117187" />
      <trkpt lat="38.348872661590576" lon="-119.36978101730347" />
      <trkpt lat="38.348851203918457" lon="-119.36930894851685" />
      <trkpt lat="38.348808288574219" lon="-119.36815023422241" />
      <trkpt lat="38.348701000213623" lon="-119.36591863632202" />
      <trkpt lat="38.348486423492432" lon="-119.36190605163574" />
      <trkpt lat="38.348314762115479" lon="-119.35870885848999" />
      <trkpt lat="38.348143100738525" lon="-119.354567527771" />
      <trkpt lat="38.348228931427002" lon="-119.35265779495239" />
      <trkpt lat="38.348336219787598" lon="-119.3515419960022" />
      <trkpt lat="38.34876537322998" lon="-119.3484091758728" />
      <trkpt lat="38.348872661590576" lon="-119.34729337692261" />
      <trkpt lat="38.348937034606934" lon="-119.34581279754639" />
      <trkpt lat="38.348915576934814" lon="-119.34480428695679" />
      <trkpt lat="38.348851203918457" lon="-119.34379577636719" />
      <trkpt lat="38.348464965820313" lon="-119.3408989906311" />
      <trkpt lat="38.347413539886475" lon="-119.33431148529053" />
      <trkpt lat="38.346383571624756" lon="-119.32787418365479" />
      <trkpt lat="38.346190452575684" lon="-119.32716608047485" />
      <trkpt lat="38.345825672149658" lon="-119.32626485824585" />
      <trkpt lat="38.345568180084229" lon="-119.32574987411499" />
      <trkpt lat="38.345160484313965" lon="-119.32517051696777" />
      <trkpt lat="38.344452381134033" lon="-119.32439804077148" />
      <trkpt lat="38.343658447265625" lon="-119.32381868362427" />
      <trkpt lat="38.34228515625" lon="-119.32317495346069" />
      <trkpt lat="38.327908515930176" lon="-119.31665182113647" />
      <trkpt lat="38.325569629669189" lon="-119.31570768356323" />
      <trkpt lat="38.323681354522705" lon="-119.31514978408813" />
      <trkpt lat="38.317501544952393" lon="-119.31396961212158" />
      <trkpt lat="38.3158278465271" lon="-119.31388378143311" />
      <trkpt lat="38.307802677154541" lon="-119.31416273117065" />
      <trkpt lat="38.306987285614014" lon="-119.31414127349854" />
      <trkpt lat="38.30632209777832" lon="-119.31405544281006" />
      <trkpt lat="38.305377960205078" lon="-119.31379795074463" />
      <trkpt lat="38.296751976013184" lon="-119.31075096130371" />
      <trkpt lat="38.293662071228027" lon="-119.30965662002563" />
      <trkpt lat="38.292653560638428" lon="-119.30916309356689" />
      <trkpt lat="38.291752338409424" lon="-119.30851936340332" />
      <trkpt lat="38.289370536804199" lon="-119.306480884552" />
      <trkpt lat="38.288941383361816" lon="-119.30611610412598" />
      <trkpt lat="38.285057544708252" lon="-119.30306911468506" />
      <trkpt lat="38.284521102905273" lon="-119.30257558822632" />
      <trkpt lat="38.284006118774414" lon="-119.3019962310791" />
      <trkpt lat="38.28359842300415" lon="-119.30148124694824" />
      <trkpt lat="38.283040523529053" lon="-119.30066585540771" />
      <trkpt lat="38.281323909759521" lon="-119.29727554321289" />
      <trkpt lat="38.279092311859131" lon="-119.29287672042847" />
      <trkpt lat="38.278319835662842" lon="-119.29165363311768" />
      <trkpt lat="38.277440071105957" lon="-119.29051637649536" />
      <trkpt lat="38.276174068450928" lon="-119.28914308547974" />
      <trkpt lat="38.271946907043457" lon="-119.28510904312134" />
      <trkpt lat="38.259479999542236" lon="-119.27320003509521" />
      <trkpt lat="38.258235454559326" lon="-119.27199840545654" />
      <trkpt lat="38.257870674133301" lon="-119.27146196365356" />
      <trkpt lat="38.257656097412109" lon="-119.27101135253906" />
      <trkpt lat="38.257462978363037" lon="-119.27047491073608" />
      <trkpt lat="38.257355690002441" lon="-119.26978826522827" />
      <trkpt lat="38.257334232330322" lon="-119.26777124404907" />
      <trkpt lat="38.257420063018799" lon="-119.24288034439087" />
      <trkpt lat="38.257377147674561" lon="-119.24047708511353" />
      <trkpt lat="38.257420063018799" lon="-119.23770904541016" />
      <trkpt lat="38.257377147674561" lon="-119.23706531524658" />
      <trkpt lat="38.257205486297607" lon="-119.23616409301758" />
      <trkpt lat="38.257055282592773" lon="-119.23558473587036" />
      <trkpt lat="38.256604671478271" lon="-119.23421144485474" />
      <trkpt lat="38.25615406036377" lon="-119.23281669616699" />
      <trkpt lat="38.256003856658936" lon="-119.23240900039673" />
      <trkpt lat="38.255960941314697" lon="-119.23225879669189" />
      <trkpt lat="38.255918025970459" lon="-119.23208713531494" />
      <trkpt lat="38.255853652954102" lon="-119.23189401626587" />
      <trkpt lat="38.255703449249268" lon="-119.23144340515137" />
      <trkpt lat="38.255617618560791" lon="-119.23097133636475" />
      <trkpt lat="38.255596160888672" lon="-119.2305850982666" />
      <trkpt lat="38.255767822265625" lon="-119.22886848449707" />
      <trkpt lat="38.25589656829834" lon="-119.22770977020264" />
      <trkpt lat="38.255918025970459" lon="-119.2275595664978" />
      <trkpt lat="38.256067056208849" lon="-119.22619465738535" />
      <trkpt lat="38.256362937390804" lon="-119.22624696046114" />
      <trkpt lat="38.256067056208849" lon="-119.22619465738535" />
      <trkpt lat="38.256196975708008" lon="-119.22500610351562" />
      <trkpt lat="38.256175518035889" lon="-119.22483444213867" />
      <trkpt lat="38.256175518035889" lon="-119.22468423843384" />
      <trkpt lat="38.25613260269165" lon="-119.22449111938477" />
      <trkpt lat="38.256068229675293" lon="-119.22423362731934" />
      <trkpt lat="38.25589656829834" lon="-119.22380447387695" />
      <trkpt lat="38.255703449249268" lon="-119.2235255241394" />
      <trkpt lat="38.255617618560791" lon="-119.22341823577881" />
      <trkpt lat="38.255553245544434" lon="-119.22335386276245" />
      <trkpt lat="38.255188465118408" lon="-119.22309637069702" />
      <trkpt lat="38.254587650299072" lon="-119.22286033630371" />
      <trkpt lat="38.254458904266357" lon="-119.22283887863159" />
      <trkpt lat="38.254308700561523" lon="-119.22277450561523" />
      <trkpt lat="38.253943920135498" lon="-119.22266721725464" />
      <trkpt lat="38.253750801086426" lon="-119.22258138656616" />
      <trkpt lat="38.253557682037354" lon="-119.22253847122192" />
      <trkpt lat="38.252484798431396" lon="-119.2221736907959" />
      <trkpt lat="38.250682353973389" lon="-119.22157287597656" />
      <trkpt lat="38.250167369842529" lon="-119.22140121459961" />
      <trkpt lat="38.248729705810547" lon="-119.22099351882935" />
      <trkpt lat="38.248085975646973" lon="-119.22090768814087" />
      <trkpt lat="38.247506618499756" lon="-119.22084331512451" />
      <trkpt lat="38.246476650238037" lon="-119.22086477279663" />
      <trkpt lat="38.245489597320557" lon="-119.22099351882935" />
      <trkpt lat="38.242142200469971" lon="-119.22178745269775" />
      <trkpt lat="38.241863250732422" lon="-119.22187328338623" />
      <trkpt lat="38.241133689880371" lon="-119.22208786010742" />
      <trkpt lat="38.239760398864746" lon="-119.22253847122192" />
      <trkpt lat="38.239438533782959" lon="-119.22264575958252" />
      <trkpt lat="38.23866605758667" lon="-119.22290325164795" />
      <trkpt lat="38.237700462341309" lon="-119.22324657440186" />
      <trkpt lat="38.235876560211182" lon="-119.22386884689331" />
      <trkpt lat="38.235232830047607" lon="-119.2240834236145" />
      <trkpt lat="38.234632015228271" lon="-119.22429800033569" />
      <trkpt lat="38.233280181884766" lon="-119.2247486114502" />
      <trkpt lat="38.230061531066895" lon="-119.22584295272827" />
      <trkpt lat="38.228280544281006" lon="-119.22644376754761" />
      <trkpt lat="38.226392269134521" lon="-119.22706604003906" />
      <trkpt lat="38.223731517791748" lon="-119.22798871994019" />
      <trkpt lat="38.220748901367188" lon="-119.22897577285767" />
      <trkpt lat="38.217422962188721" lon="-119.23011302947998" />
      <trkpt lat="38.216071128845215" lon="-119.23056364059448" />
      <trkpt lat="38.214719295501709" lon="-119.23101425170898" />
      <trkpt lat="38.21420431137085" lon="-119.23118591308594" />
      <trkpt lat="38.213753700256348" lon="-119.23133611679077" />
      <trkpt lat="38.213152885437012" lon="-119.23148632049561" />
      <trkpt lat="38.212594985961914" lon="-119.23148632049561" />
      <trkpt lat="38.211801052093506" lon="-119.23129320144653" />
      <trkpt lat="38.209033012390137" lon="-119.23022031784058" />
      <trkpt lat="38.208410739898682" lon="-119.22976970672607" />
      <trkpt lat="38.207294940948486" lon="-119.22850370407104" />
      <trkpt lat="38.206973075866699" lon="-119.2281174659729" />
      <trkpt lat="38.204548358917236" lon="-119.22528505325317" />
      <trkpt lat="38.203368186950684" lon="-119.22404050827026" />
      <trkpt lat="38.202059268951416" lon="-119.22301054000854" />
      <trkpt lat="38.198347091674805" lon="-119.2206072807312" />
      <trkpt lat="38.197681903839111" lon="-119.21998500823975" />
      <trkpt lat="38.196780681610107" lon="-119.21889066696167" />
      <trkpt lat="38.196029663085938" lon="-119.21775341033936" />
      <trkpt lat="38.195514678955078" lon="-119.21683073043823" />
      <trkpt lat="38.194334506988525" lon="-119.21442747116089" />
      <trkpt lat="38.1929612159729" lon="-119.21165943145752" />
      <trkpt lat="38.19122314453125" lon="-119.20820474624634" />
      <trkpt lat="38.190836906433105" lon="-119.207603931427" />
      <trkpt lat="38.190343379974365" lon="-119.20696020126343" />
      <trkpt lat="38.188562393188477" lon="-119.20511484146118" />
      <trkpt lat="38.187832832336426" lon="-119.20434236526489" />
      <trkpt lat="38.187296390533447" lon="-119.20378446578979" />
      <trkpt lat="38.187038898468018" lon="-119.20344114303589" />
      <trkpt lat="38.186416625976562" lon="-119.20247554779053" />
      <trkpt lat="38.185214996337891" lon="-119.19987916946411" />
      <trkpt lat="38.184893131256104" lon="-119.19936418533325" />
      <trkpt lat="38.184421062469482" lon="-119.19878482818604" />
      <trkpt lat="38.183927536010742" lon="-119.19831275939941" />
      <trkpt lat="38.182082176208496" lon="-119.19696092605591" />
      <trkpt lat="38.181309700012207" lon="-119.19657468795776" />
      <trkpt lat="38.180365562438965" lon="-119.19629573822021" />
      <trkpt lat="38.179292678833008" lon="-119.19612407684326" />
      <trkpt lat="38.178584575653076" lon="-119.19584512710571" />
      <trkpt lat="38.177211284637451" lon="-119.19498682022095" />
      <trkpt lat="38.176610469818115" lon="-119.19483661651611" />
      <trkpt lat="38.175902366638184" lon="-119.19479370117187" />
      <trkpt lat="38.175580501556396" lon="-119.19479370117187" />
      <trkpt lat="38.175344467163086" lon="-119.19479370117187" />
      <trkpt lat="38.174529075622559" lon="-119.19472932815552" />
      <trkpt lat="38.173027038574219" lon="-119.19427871704102" />
      <trkpt lat="38.172039985656738" lon="-119.19399976730347" />
      <trkpt lat="38.170280456542969" lon="-119.19372081756592" />
      <trkpt lat="38.169829845428467" lon="-119.19365644454956" />
      <trkpt lat="38.167705535888672" lon="-119.19327020645142" />
      <trkpt lat="38.167147636413574" lon="-119.19309854507446" />
      <trkpt lat="38.165903091430664" lon="-119.19251918792725" />
      <trkpt lat="38.159465789794922" lon="-119.18824911117554" />
      <trkpt lat="38.158414363861084" lon="-119.18762683868408" />
      <trkpt lat="38.158285617828369" lon="-119.18756246566772" />
      <trkpt lat="38.157920837402344" lon="-119.18741226196289" />
      <trkpt lat="38.156890869140625" lon="-119.1870903968811" />
      <trkpt lat="38.150110244750977" lon="-119.18576002120972" />
      <trkpt lat="38.149852752685547" lon="-119.18571710586548" />
      <trkpt lat="38.149380683898926" lon="-119.185631275177" />
      <trkpt lat="38.148436546325684" lon="-119.18548107147217" />
      <trkpt lat="38.14727783203125" lon="-119.18526649475098" />
      <trkpt lat="38.14577579498291" lon="-119.18496608734131" />
      <trkpt lat="38.144853115081787" lon="-119.18485879898071" />
      <trkpt lat="38.143844604492188" lon="-119.18490171432495" />
      <trkpt lat="38.142707347869873" lon="-119.18509483337402" />
      <trkpt lat="38.141870498657227" lon="-119.1850733757019" />
      <trkpt lat="38.140819072723389" lon="-119.18490171432495" />
      <trkpt lat="38.139874935150146" lon="-119.18464422225952" />
      <trkpt lat="38.137707710266113" lon="-119.18376445770264" />
      <trkpt lat="38.135497570037842" lon="-119.18279886245728" />
      <trkpt lat="38.133695125579834" lon="-119.18187618255615" />
      <trkpt lat="38.133094310760498" lon="-119.18166160583496" />
      <trkpt lat="38.132214546203613" lon="-119.18151140213013" />
      <trkpt lat="38.131656646728516" lon="-119.18153285980225" />
      <trkpt lat="38.13105583190918" lon="-119.18164014816284" />
      <trkpt lat="38.130240440368652" lon="-119.18191909790039" />
      <trkpt lat="38.1290602684021" lon="-119.18234825134277" />
      <trkpt lat="38.12854528427124" lon="-119.18243408203125" />
      <trkpt lat="38.127923011779785" lon="-119.18247699737549" />
      <trkpt lat="38.127193450927734" lon="-119.18236970901489" />
      <trkpt lat="38.123652935028076" lon="-119.18161869049072" />
      <trkpt lat="38.123373985290527" lon="-119.18155431747437" />
      <trkpt lat="38.123030662536621" lon="-119.18144702911377" />
      <trkpt lat="38.122150897979736" lon="-119.18103933334351" />
      <trkpt lat="38.121421337127686" lon="-119.18056726455688" />
      <trkpt lat="38.12105655670166" lon="-119.18033123016357" />
      <trkpt lat="38.120756149291992" lon="-119.18018102645874" />
      <trkpt lat="38.116636276245117" lon="-119.17833566665649" />
      <trkpt lat="38.115413188934326" lon="-119.17779922485352" />
      <trkpt lat="38.114790916442871" lon="-119.1776704788208" />
      <trkpt lat="38.11406135559082" lon="-119.1776704788208" />
      <trkpt lat="38.113181591033936" lon="-119.17782068252563" />
      <trkpt lat="38.112516403198242" lon="-119.17786359786987" />
      <trkpt lat="38.108546733856201" lon="-119.17734861373901" />
      <trkpt lat="38.105006217956543" lon="-119.17726278305054" />
      <trkpt lat="38.104126453399658" lon="-119.17726278305054" />
      <trkpt lat="38.103525638580322" lon="-119.17737007141113" />
      <trkpt lat="38.103032112121582" lon="-119.17756319046021" />
      <trkpt lat="38.102130889892578" lon="-119.17803525924683" />
      <trkpt lat="38.101358413696289" lon="-119.17827129364014" />
      <trkpt lat="38.100371360778809" lon="-119.17829275131226" />
      <trkpt lat="38.097989559173584" lon="-119.17818546295166" />
      <trkpt lat="38.096423149108887" lon="-119.17824983596802" />
      <trkpt lat="38.095479011535645" lon="-119.17840003967285" />
      <trkpt lat="38.092453479766846" lon="-119.17919397354126" />
      <trkpt lat="38.091938495635986" lon="-119.17947292327881" />
      <trkpt lat="38.091530799865723" lon="-119.17981624603271" />
      <trkpt lat="38.090200424194336" lon="-119.18133974075317" />
      <trkpt lat="38.089599609375" lon="-119.18181180953979" />
      <trkpt lat="38.089041709899902" lon="-119.18206930160522" />
      <trkpt lat="38.088548183441162" lon="-119.18219804763794" />
      <trkpt lat="38.088161945343018" lon="-119.18221950531006" />
      <trkpt lat="38.087582588195801" lon="-119.1821551322937" />
      <trkpt lat="38.08711051940918" lon="-119.18200492858887" />
      <trkpt lat="38.086745738983154" lon="-119.18179035186768" />
      <trkpt lat="38.086380958557129" lon="-119.18148994445801" />
      <trkpt lat="38.085887432098389" lon="-119.18093204498291" />
      <trkpt lat="38.085050582885742" lon="-119.1795802116394" />
      <trkpt lat="38.08459997177124" lon="-119.17904376983643" />
      <trkpt lat="38.084127902984619" lon="-119.17861461639404" />
      <trkpt lat="38.083527088165283" lon="-119.17827129364014" />
      <trkpt lat="38.082904815673828" lon="-119.17809963226318" />
      <trkpt lat="38.082132339477539" lon="-119.17809963226318" />
      <trkpt lat="38.078098297119141" lon="-119.1785717010498" />
      <trkpt lat="38.076682090759277" lon="-119.17872190475464" />
      <trkpt lat="38.076338768005371" lon="-119.17870044708252" />
      <trkpt lat="38.075931072235107" lon="-119.17859315872192" />
      <trkpt lat="38.075480461120605" lon="-119.17835712432861" />
      <trkpt lat="38.075180053710937" lon="-119.1781210899353" />
      <trkpt lat="38.074836730957031" lon="-119.17771339416504" />
      <trkpt lat="38.074600696563721" lon="-119.17732715606689" />
      <trkpt lat="38.07436466217041" lon="-119.17668342590332" />
      <trkpt lat="38.074278831481934" lon="-119.17618989944458" />
      <trkpt lat="38.074257373809814" lon="-119.1756534576416" />
      <trkpt lat="38.074300289154053" lon="-119.1750955581665" />
      <trkpt lat="38.074407577514648" lon="-119.17470932006836" />
      <trkpt lat="38.07462215423584" lon="-119.1741943359375" />
      <trkpt lat="38.075459003448486" lon="-119.17284250259399" />
      <trkpt lat="38.07636022567749" lon="-119.17151212692261" />
      <trkpt lat="38.076703548431396" lon="-119.17110443115234" />
      <trkpt lat="38.077025413513184" lon="-119.17082548141479" />
      <trkpt lat="38.078720569610596" lon="-119.16979551315308" />
      <trkpt lat="38.079836368560791" lon="-119.16878700256348" />
      <trkpt lat="38.080244064331055" lon="-119.16846513748169" />
      <trkpt lat="38.081789016723633" lon="-119.16777849197388" />
      <trkpt lat="38.082218170166016" lon="-119.16749954223633" />
      <trkpt lat="38.082647323608398" lon="-119.16711330413818" />
      <trkpt lat="38.083012104034424" lon="-119.16661977767944" />
      <trkpt lat="38.083376884460449" lon="-119.16593313217163" />
      <trkpt lat="38.084084987640381" lon="-119.16380882263184" />
      <trkpt lat="38.084471225738525" lon="-119.1626501083374" />
      <trkpt lat="38.084642887115479" lon="-119.16196346282959" />
      <trkpt lat="38.084685802459717" lon="-119.16131973266602" />
      <trkpt lat="38.084642887115479" lon="-119.16089057922363" />
      <trkpt lat="38.084535598754883" lon="-119.16041851043701" />
      <trkpt lat="38.084321022033691" lon="-119.15983915328979" />
      <trkpt lat="38.084020614624023" lon="-119.15932416915894" />
      <trkpt lat="38.083634376525879" lon="-119.15889501571655" />
      <trkpt lat="38.083333969116211" lon="-119.15865898132324" />
      <trkpt lat="38.082904815673828" lon="-119.15844440460205" />
      <trkpt lat="38.082518577575684" lon="-119.15833711624146" />
      <trkpt lat="38.082025051116943" lon="-119.15833711624146" />
      <trkpt lat="38.08161735534668" lon="-119.15842294692993" />
      <trkpt lat="38.081231117248535" lon="-119.15857315063477" />
      <trkpt lat="38.080909252166748" lon="-119.15880918502808" />
      <trkpt lat="38.080565929412842" lon="-119.15913105010986" />
      <trkpt lat="38.079814910888672" lon="-119.16007518768311" />
      <trkpt lat="38.079214096069336" lon="-119.16093349456787" />
      <trkpt lat="38.078763484954834" lon="-119.16168451309204" />
      <trkpt lat="38.077433109283447" lon="-119.16464567184448" />
      <trkpt lat="38.077089786529541" lon="-119.16518211364746" />
      <trkpt lat="38.076703548431396" lon="-119.16561126708984" />
      <trkpt lat="38.076252937316895" lon="-119.16595458984375" />
      <trkpt lat="38.075780868530273" lon="-119.16619062423706" />
      <trkpt lat="38.073420524597168" lon="-119.16683435440063" />
      <trkpt lat="38.072841167449951" lon="-119.16711330413818" />
      <trkpt lat="38.072197437286377" lon="-119.16762828826904" />
      <trkpt lat="38.070909976959229" lon="-119.16910886764526" />
      <trkpt lat="38.070480823516846" lon="-119.16943073272705" />
      <trkpt lat="38.070137500762939" lon="-119.16964530944824" />
      <trkpt lat="38.069772720336914" lon="-119.16979551315308" />
      <trkpt lat="38.069300651550293" lon="-119.16990280151367" />
      <trkpt lat="38.068850040435791" lon="-119.16988134384155" />
      <trkpt lat="38.068356513977051" lon="-119.16977405548096" />
      <trkpt lat="38.067219257354736" lon="-119.16943073272705" />
      <trkpt lat="38.066339492797852" lon="-119.16917324066162" />
      <trkpt lat="38.05464506149292" lon="-119.16563272476196" />
      <trkpt lat="38.051726818084717" lon="-119.16468858718872" />
      <trkpt lat="38.050503730773926" lon="-119.16408777236938" />
      <trkpt lat="38.049731254577637" lon="-119.16361570358276" />
      <trkpt lat="38.048980236053467" lon="-119.16314363479614" />
      <trkpt lat="38.047049045562744" lon="-119.16189908981323" />
      <trkpt lat="38.045783042907715" lon="-119.16112661361694" />
      <trkpt lat="38.045289516448975" lon="-119.16078329086304" />
      <trkpt lat="38.045117855072021" lon="-119.16159868240356" />
      <trkpt lat="38.045010566711426" lon="-119.16213512420654" />
      <trkpt lat="38.044474124908447" lon="-119.1642165184021" />
      <trkpt lat="38.04389476776123" lon="-119.1651177406311" />
      <trkpt lat="38.042800426483154" lon="-119.16670560836792" />
      <trkpt lat="38.042457103729248" lon="-119.16709184646606" />
      <trkpt lat="38.042070865631104" lon="-119.16728496551514" />
      <trkpt lat="38.039624691009521" lon="-119.16827201843262" />
      <trkpt lat="38.036942481994629" lon="-119.16928052902222" />
      <trkpt lat="38.036384582519531" lon="-119.16951656341553" />
      <trkpt lat="38.035869598388672" lon="-119.16983842849731" />
      <trkpt lat="38.034517765045166" lon="-119.17084693908691" />
      <trkpt lat="38.03417444229126" lon="-119.17121171951294" />
      <trkpt lat="38.033723831176758" lon="-119.17191982269287" />
      <trkpt lat="38.03267240524292" lon="-119.17445182800293" />
      <trkpt lat="38.031749725341797" lon="-119.17664051055908" />
      <trkpt lat="38.031449317932129" lon="-119.17754173278809" />
      <trkpt lat="38.031127452850342" lon="-119.17861461639404" />
      <trkpt lat="38.031063079833984" lon="-119.17876482009888" />
      <trkpt lat="38.030719757080078" lon="-119.18005228042603" />
      <trkpt lat="38.030719757080078" lon="-119.18088912963867" />
      <trkpt lat="38.030848503112793" lon="-119.18140411376953" />
      <trkpt lat="38.031320571899414" lon="-119.1837215423584" />
      <trkpt lat="38.032093048095703" lon="-119.18653249740601" />
      <trkpt lat="38.032307624816895" lon="-119.18741226196289" />
      <trkpt lat="38.032500743865967" lon="-119.18842077255249" />
      <trkpt lat="38.032457828521729" lon="-119.19148921966553" />
      <trkpt lat="38.032479286193848" lon="-119.19219732284546" />
      <trkpt lat="38.03267240524292" lon="-119.19288396835327" />
      <trkpt lat="38.03290843963623" lon="-119.19342041015625" />
      <trkpt lat="38.033144474029541" lon="-119.19423580169678" />
      <trkpt lat="38.033487796783447" lon="-119.19588804244995" />
      <trkpt lat="38.033895492553711" lon="-119.19689655303955" />
      <trkpt lat="38.033959865570068" lon="-119.19726133346558" />
      <trkpt lat="38.033895492553711" lon="-119.19771194458008" />
      <trkpt lat="38.03391695022583" lon="-119.19824838638306" />
      <trkpt lat="38.034110069274902" lon="-119.19957876205444" />
      <trkpt lat="38.034002780914307" lon="-119.20073747634888" />
      <trkpt lat="38.033874034881592" lon="-119.20183181762695" />
      <trkpt lat="38.033874034881592" lon="-119.2022180557251" />
      <trkpt lat="38.034067153930664" lon="-119.20374155044556" />
      <trkpt lat="38.034281730651855" lon="-119.20498609542847" />
      <trkpt lat="38.034646511077881" lon="-119.20638084411621" />
      <trkpt lat="38.034689426422119" lon="-119.20691728591919" />
      <trkpt lat="38.033702373504639" lon="-119.21386957168579" />
      <trkpt lat="38.033638000488281" lon="-119.2146635055542" />
      <trkpt lat="38.033638000488281" lon="-119.21500682830811" />
      <trkpt lat="38.033638000488281" lon="-119.21625137329102" />
      <trkpt lat="38.033895492553711" lon="-119.21715259552002" />
      <trkpt lat="38.033959865570068" lon="-119.21753883361816" />
      <trkpt lat="38.033831119537354" lon="-119.21811819076538" />
      <trkpt lat="38.033552169799805" lon="-119.21861171722412" />
      <trkpt lat="38.033294677734375" lon="-119.21921253204346" />
      <trkpt lat="38.032951354980469" lon="-119.22022104263306" />
      <trkpt lat="38.032844066619873" lon="-119.22058582305908" />
      <trkpt lat="38.032693862915039" lon="-119.22127246856689" />
      <trkpt lat="38.032629489898682" lon="-119.22180891036987" />
      <trkpt lat="38.032093048095703" lon="-119.2237401008606" />
      <trkpt lat="38.03192138671875" lon="-119.22416925430298" />
      <trkpt lat="38.031749725341797" lon="-119.22461986541748" />
      <trkpt lat="38.031578063964844" lon="-119.22526359558105" />
      <trkpt lat="38.031449317932129" lon="-119.22571420669556" />
      <trkpt lat="38.031406402587891" lon="-119.22670125961304" />
      <trkpt lat="38.031685352325439" lon="-119.22805309295654" />
      <trkpt lat="38.03166389465332" lon="-119.22871828079224" />
      <trkpt lat="38.031535148620605" lon="-119.2292332649231" />
      <trkpt lat="38.031320571899414" lon="-119.22976970672607" />
      <trkpt lat="38.031041622161865" lon="-119.23026323318481" />
      <trkpt lat="38.030805587768555" lon="-119.23142194747925" />
      <trkpt lat="38.030505180358887" lon="-119.23234462738037" />
      <trkpt lat="38.030548095703125" lon="-119.23275232315063" />
      <trkpt lat="38.030741214752197" lon="-119.23395395278931" />
      <trkpt lat="38.030741214752197" lon="-119.2345118522644" />
      <trkpt lat="38.030505180358887" lon="-119.2350697517395" />
      <trkpt lat="38.0301833152771" lon="-119.23558473587036" />
      <trkpt lat="38.02992582321167" lon="-119.23614263534546" />
      <trkpt lat="38.029861450195313" lon="-119.23648595809937" />
      <trkpt lat="38.029904365539551" lon="-119.23695802688599" />
      <trkpt lat="38.029904365539551" lon="-119.23723697662354" />
      <trkpt lat="38.029775619506836" lon="-119.23755884170532" />
      <trkpt lat="38.029754161834717" lon="-119.23798799514771" />
      <trkpt lat="38.029646873474121" lon="-119.2382025718689" />
      <trkpt lat="38.029325008392334" lon="-119.23888921737671" />
      <trkpt lat="38.029024600982666" lon="-119.23927545547485" />
      <trkpt lat="38.028895854949951" lon="-119.23946857452393" />
      <trkpt lat="38.028273582458496" lon="-119.24004793167114" />
      <trkpt lat="38.028895854949951" lon="-119.23946857452393" />
      <trkpt lat="38.029024600982666" lon="-119.23927545547485" />
      <trkpt lat="38.029325008392334" lon="-119.23888921737671" />
      <trkpt lat="38.029646873474121" lon="-119.2382025718689" />
      <trkpt lat="38.029754161834717" lon="-119.23798799514771" />
      <trkpt lat="38.029775619506836" lon="-119.23755884170532" />
      <trkpt lat="38.029904365539551" lon="-119.23723697662354" />
      <trkpt lat="38.029904365539551" lon="-119.23695802688599" />
      <trkpt lat="38.029861450195313" lon="-119.23648595809937" />
      <trkpt lat="38.02992582321167" lon="-119.23614263534546" />
      <trkpt lat="38.0301833152771" lon="-119.23558473587036" />
      <trkpt lat="38.030505180358887" lon="-119.2350697517395" />
      <trkpt lat="38.030741214752197" lon="-119.2345118522644" />
      <trkpt lat="38.030741214752197" lon="-119.23395395278931" />
      <trkpt lat="38.030548095703125" lon="-119.23275232315063" />
      <trkpt lat="38.030505180358887" lon="-119.23234462738037" />
      <trkpt lat="38.030805587768555" lon="-119.23142194747925" />
      <trkpt lat="38.031041622161865" lon="-119.23026323318481" />
      <trkpt lat="38.031320571899414" lon="-119.22976970672607" />
      <trkpt lat="38.031535148620605" lon="-119.2292332649231" />
      <trkpt lat="38.03166389465332" lon="-119.22871828079224" />
      <trkpt lat="38.031685352325439" lon="-119.22805309295654" />
      <trkpt lat="38.031406402587891" lon="-119.22670125961304" />
      <trkpt lat="38.031449317932129" lon="-119.22571420669556" />
      <trkpt lat="38.031578063964844" lon="-119.22526359558105" />
      <trkpt lat="38.031749725341797" lon="-119.22461986541748" />
      <trkpt lat="38.03192138671875" lon="-119.22416925430298" />
      <trkpt lat="38.032093048095703" lon="-119.2237401008606" />
      <trkpt lat="38.032629489898682" lon="-119.22180891036987" />
      <trkpt lat="38.032693862915039" lon="-119.22127246856689" />
      <trkpt lat="38.032264709472656" lon="-119.22092914581299" />
      <trkpt lat="38.031857013702393" lon="-119.22047853469849" />
      <trkpt lat="38.031342029571533" lon="-119.21966314315796" />
      <trkpt lat="38.031342029571533" lon="-119.21938419342041" />
      <trkpt lat="38.031127452850342" lon="-119.2197060585022" />
      <trkpt lat="38.030827045440674" lon="-119.22002792358398" />
      <trkpt lat="38.030548095703125" lon="-119.22088623046875" />
      <trkpt lat="38.030548095703125" lon="-119.22131538391113" />
      <trkpt lat="38.030483722686768" lon="-119.22168016433716" />
      <trkpt lat="38.029732704162598" lon="-119.22339677810669" />
      <trkpt lat="38.029646873474121" lon="-119.2235255241394" />
      <trkpt lat="38.0291748046875" lon="-119.22386884689331" />
      <trkpt lat="38.028810024261475" lon="-119.2240834236145" />
      <trkpt lat="38.028552532196045" lon="-119.22481298446655" />
      <trkpt lat="38.028466701507568" lon="-119.22498464584351" />
      <trkpt lat="38.027908802032471" lon="-119.22577857971191" />
      <trkpt lat="38.027522563934326" lon="-119.22607898712158" />
      <trkpt lat="38.02743673324585" lon="-119.22672271728516" />
      <trkpt lat="38.027265071868896" lon="-119.22725915908813" />
      <trkpt lat="38.027114868164062" lon="-119.22749519348145" />
      <trkpt lat="38.027071952819824" lon="-119.22783851623535" />
      <trkpt lat="38.026793003082275" lon="-119.22828912734985" />
      <trkpt lat="38.026556968688965" lon="-119.22888994216919" />
      <trkpt lat="38.026320934295654" lon="-119.22974824905396" />
      <trkpt lat="38.025763034820557" lon="-119.23112154006958" />
      <trkpt lat="38.025527000427246" lon="-119.2320442199707" />
      <trkpt lat="38.025248050689697" lon="-119.2327094078064" />
      <trkpt lat="38.025162220001221" lon="-119.23311710357666" />
      <trkpt lat="38.024389743804932" lon="-119.23500537872314" />
      <trkpt lat="38.024110794067383" lon="-119.23543453216553" />
      <trkpt lat="38.024076595902443" lon="-119.23570794984698" />
      <trkpt lat="38.024110794067383" lon="-119.23543453216553" />
      <trkpt lat="38.024389743804932" lon="-119.23500537872314" />
      <trkpt lat="38.025162220001221" lon="-119.23311710357666" />
      <trkpt lat="38.025248050689697" lon="-119.2327094078064" />
      <trkpt lat="38.025527000427246" lon="-119.2320442199707" />
      <trkpt lat="38.025763034820557" lon="-119.23112154006958" />
      <trkpt lat="38.026320934295654" lon="-119.22974824905396" />
      <trkpt lat="38.026556968688965" lon="-119.22888994216919" />
      <trkpt lat="38.026793003082275" lon="-119.22828912734985" />
      <trkpt lat="38.027071952819824" lon="-119.22783851623535" />
      <trkpt lat="38.027114868164062" lon="-119.22749519348145" />
      <trkpt lat="38.027265071868896" lon="-119.22725915908813" />
      <trkpt lat="38.02743673324585" lon="-119.22672271728516" />
      <trkpt lat="38.027522563934326" lon="-119.22607898712158" />
      <trkpt lat="38.027908802032471" lon="-119.22577857971191" />
      <trkpt lat="38.028466701507568" lon="-119.22498464584351" />
      <trkpt lat="38.028552532196045" lon="-119.22481298446655" />
      <trkpt lat="38.028810024261475" lon="-119.2240834236145" />
      <trkpt lat="38.0291748046875" lon="-119.22386884689331" />
      <trkpt lat="38.029646873474121" lon="-119.2235255241394" />
      <trkpt lat="38.029732704162598" lon="-119.22339677810669" />
      <trkpt lat="38.030483722686768" lon="-119.22168016433716" />
      <trkpt lat="38.030548095703125" lon="-119.22131538391113" />
      <trkpt lat="38.030548095703125" lon="-119.22088623046875" />
      <trkpt lat="38.030827045440674" lon="-119.22002792358398" />
      <trkpt lat="38.031127452850342" lon="-119.2197060585022" />
      <trkpt lat="38.031342029571533" lon="-119.21938419342041" />
      <trkpt lat="38.031342029571533" lon="-119.21966314315796" />
      <trkpt lat="38.031857013702393" lon="-119.22047853469849" />
      <trkpt lat="38.032264709472656" lon="-119.22092914581299" />
      <trkpt lat="38.032693862915039" lon="-119.22127246856689" />
      <trkpt lat="38.032629489898682" lon="-119.22180891036987" />
      <trkpt lat="38.032093048095703" lon="-119.2237401008606" />
      <trkpt lat="38.03192138671875" lon="-119.22416925430298" />
      <trkpt lat="38.031749725341797" lon="-119.22461986541748" />
      <trkpt lat="38.031578063964844" lon="-119.22526359558105" />
      <trkpt lat="38.031449317932129" lon="-119.22571420669556" />
      <trkpt lat="38.031406402587891" lon="-119.22670125961304" />
      <trkpt lat="38.031685352325439" lon="-119.22805309295654" />
      <trkpt lat="38.03166389465332" lon="-119.22871828079224" />
      <trkpt lat="38.031535148620605" lon="-119.2292332649231" />
      <trkpt lat="38.031320571899414" lon="-119.22976970672607" />
      <trkpt lat="38.031041622161865" lon="-119.23026323318481" />
      <trkpt lat="38.030805587768555" lon="-119.23142194747925" />
      <trkpt lat="38.030505180358887" lon="-119.23234462738037" />
      <trkpt lat="38.030548095703125" lon="-119.23275232315063" />
      <trkpt lat="38.030741214752197" lon="-119.23395395278931" />
      <trkpt lat="38.030741214752197" lon="-119.2345118522644" />
      <trkpt lat="38.030505180358887" lon="-119.2350697517395" />
      <trkpt lat="38.0301833152771" lon="-119.23558473587036" />
      <trkpt lat="38.02992582321167" lon="-119.23614263534546" />
      <trkpt lat="38.029861450195313" lon="-119.23648595809937" />
      <trkpt lat="38.029904365539551" lon="-119.23695802688599" />
      <trkpt lat="38.029904365539551" lon="-119.23723697662354" />
      <trkpt lat="38.029775619506836" lon="-119.23755884170532" />
      <trkpt lat="38.029754161834717" lon="-119.23798799514771" />
      <trkpt lat="38.029646873474121" lon="-119.2382025718689" />
      <trkpt lat="38.029325008392334" lon="-119.23888921737671" />
      <trkpt lat="38.029024600982666" lon="-119.23927545547485" />
      <trkpt lat="38.028895854949951" lon="-119.23946857452393" />
      <trkpt lat="38.028273582458496" lon="-119.24004793167114" />
      <trkpt lat="38.028895854949951" lon="-119.23946857452393" />
      <trkpt lat="38.029024600982666" lon="-119.23927545547485" />
      <trkpt lat="38.029325008392334" lon="-119.23888921737671" />
      <trkpt lat="38.029646873474121" lon="-119.2382025718689" />
      <trkpt lat="38.029754161834717" lon="-119.23798799514771" />
      <trkpt lat="38.029775619506836" lon="-119.23755884170532" />
      <trkpt lat="38.029904365539551" lon="-119.23723697662354" />
      <trkpt lat="38.029904365539551" lon="-119.23695802688599" />
      <trkpt lat="38.029861450195313" lon="-119.23648595809937" />
      <trkpt lat="38.02992582321167" lon="-119.23614263534546" />
      <trkpt lat="38.0301833152771" lon="-119.23558473587036" />
      <trkpt lat="38.030505180358887" lon="-119.2350697517395" />
      <trkpt lat="38.030741214752197" lon="-119.2345118522644" />
      <trkpt lat="38.030741214752197" lon="-119.23395395278931" />
      <trkpt lat="38.030548095703125" lon="-119.23275232315063" />
      <trkpt lat="38.030505180358887" lon="-119.23234462738037" />
      <trkpt lat="38.030805587768555" lon="-119.23142194747925" />
      <trkpt lat="38.031041622161865" lon="-119.23026323318481" />
      <trkpt lat="38.031320571899414" lon="-119.22976970672607" />
      <trkpt lat="38.031535148620605" lon="-119.2292332649231" />
      <trkpt lat="38.03166389465332" lon="-119.22871828079224" />
      <trkpt lat="38.031685352325439" lon="-119.22805309295654" />
      <trkpt lat="38.031406402587891" lon="-119.22670125961304" />
      <trkpt lat="38.031449317932129" lon="-119.22571420669556" />
      <trkpt lat="38.031578063964844" lon="-119.22526359558105" />
      <trkpt lat="38.031749725341797" lon="-119.22461986541748" />
      <trkpt lat="38.03192138671875" lon="-119.22416925430298" />
      <trkpt lat="38.032093048095703" lon="-119.2237401008606" />
      <trkpt lat="38.032629489898682" lon="-119.22180891036987" />
      <trkpt lat="38.032693862915039" lon="-119.22127246856689" />
      <trkpt lat="38.032844066619873" lon="-119.22058582305908" />
      <trkpt lat="38.032951354980469" lon="-119.22022104263306" />
      <trkpt lat="38.033294677734375" lon="-119.21921253204346" />
      <trkpt lat="38.033552169799805" lon="-119.21861171722412" />
      <trkpt lat="38.033831119537354" lon="-119.21811819076538" />
      <trkpt lat="38.033959865570068" lon="-119.21753883361816" />
      <trkpt lat="38.033895492553711" lon="-119.21715259552002" />
      <trkpt lat="38.033638000488281" lon="-119.21625137329102" />
      <trkpt lat="38.033638000488281" lon="-119.21500682830811" />
      <trkpt lat="38.033638000488281" lon="-119.2146635055542" />
      <trkpt lat="38.033702373504639" lon="-119.21386957168579" />
      <trkpt lat="38.034689426422119" lon="-119.20691728591919" />
      <trkpt lat="38.034646511077881" lon="-119.20638084411621" />
      <trkpt lat="38.034281730651855" lon="-119.20498609542847" />
      <trkpt lat="38.034067153930664" lon="-119.20374155044556" />
      <trkpt lat="38.033874034881592" lon="-119.2022180557251" />
      <trkpt lat="38.033874034881592" lon="-119.20183181762695" />
      <trkpt lat="38.034002780914307" lon="-119.20073747634888" />
      <trkpt lat="38.034110069274902" lon="-119.19957876205444" />
      <trkpt lat="38.03391695022583" lon="-119.19824838638306" />
      <trkpt lat="38.033895492553711" lon="-119.19771194458008" />
      <trkpt lat="38.033959865570068" lon="-119.19726133346558" />
      <trkpt lat="38.033895492553711" lon="-119.19689655303955" />
      <trkpt lat="38.033487796783447" lon="-119.19588804244995" />
      <trkpt lat="38.033144474029541" lon="-119.19423580169678" />
      <trkpt lat="38.03290843963623" lon="-119.19342041015625" />
      <trkpt lat="38.03267240524292" lon="-119.19288396835327" />
      <trkpt lat="38.032479286193848" lon="-119.19219732284546" />
      <trkpt lat="38.032457828521729" lon="-119.19148921966553" />
      <trkpt lat="38.032500743865967" lon="-119.18842077255249" />
      <trkpt lat="38.032307624816895" lon="-119.18741226196289" />
      <trkpt lat="38.032093048095703" lon="-119.18653249740601" />
      <trkpt lat="38.031320571899414" lon="-119.1837215423584" />
      <trkpt lat="38.030848503112793" lon="-119.18140411376953" />
      <trkpt lat="38.030719757080078" lon="-119.18088912963867" />
      <trkpt lat="38.030719757080078" lon="-119.18005228042603" />
      <trkpt lat="38.031063079833984" lon="-119.17876482009888" />
      <trkpt lat="38.031127452850342" lon="-119.17861461639404" />
      <trkpt lat="38.031449317932129" lon="-119.17754173278809" />
      <trkpt lat="38.031749725341797" lon="-119.17664051055908" />
      <trkpt lat="38.03267240524292" lon="-119.17445182800293" />
      <trkpt lat="38.033723831176758" lon="-119.17191982269287" />
      <trkpt lat="38.03417444229126" lon="-119.17121171951294" />
      <trkpt lat="38.034517765045166" lon="-119.17084693908691" />
      <trkpt lat="38.035869598388672" lon="-119.16983842849731" />
      <trkpt lat="38.036384582519531" lon="-119.16951656341553" />
      <trkpt lat="38.036942481994629" lon="-119.16928052902222" />
      <trkpt lat="38.039624691009521" lon="-119.16827201843262" />
      <trkpt lat="38.042070865631104" lon="-119.16728496551514" />
      <trkpt lat="38.042457103729248" lon="-119.16709184646606" />
      <trkpt lat="38.042800426483154" lon="-119.16670560836792" />
      <trkpt lat="38.04389476776123" lon="-119.1651177406311" />
      <trkpt lat="38.044474124908447" lon="-119.1642165184021" />
      <trkpt lat="38.045010566711426" lon="-119.16213512420654" />
      <trkpt lat="38.045117855072021" lon="-119.16159868240356" />
      <trkpt lat="38.045289516448975" lon="-119.16078329086304" />
      <trkpt lat="38.045332431793213" lon="-119.16056871414185" />
      <trkpt lat="38.045504093170166" lon="-119.15994644165039" />
      <trkpt lat="38.046791553497314" lon="-119.15453910827637" />
      <trkpt lat="38.052263259887695" lon="-119.13207292556763" />
      <trkpt lat="38.052735328674316" lon="-119.1302490234375" />
      <trkpt lat="38.054623603820801" lon="-119.12447690963745" />
      <trkpt lat="38.057198524475098" lon="-119.11655902862549" />
      <trkpt lat="38.058207035064697" lon="-119.11346912384033" />
      <trkpt lat="38.05964469909668" lon="-119.10904884338379" />
      <trkpt lat="38.067541122436523" lon="-119.08482313156128" />
      <trkpt lat="38.081123828887939" lon="-119.04300212860107" />
      <trkpt lat="38.081982135772705" lon="-119.04036283493042" />
      <trkpt lat="38.089063167572021" lon="-119.04506206512451" />
      <trkpt lat="38.090286254882812" lon="-119.0459418296814" />
      <trkpt lat="38.101959228515625" lon="-119.05388116836548" />
      <trkpt lat="38.103375434875488" lon="-119.05476093292236" />
      <trkpt lat="38.10582160949707" lon="-119.05207872390747" />
      <trkpt lat="38.106014728546143" lon="-119.05199289321899" />
      <trkpt lat="38.107860088348389" lon="-119.05111312866211" />
      <trkpt lat="38.11082124710083" lon="-119.04956817626953" />
      <trkpt lat="38.126957416534424" lon="-119.02916193008423" />
      <trkpt lat="38.130025863647461" lon="-119.02529954910278" />
      <trkpt lat="38.131163120269775" lon="-119.02371168136597" />
      <trkpt lat="38.131442070007324" lon="-119.02354001998901" />
      <trkpt lat="38.13230037689209" lon="-119.02336835861206" />
      <trkpt lat="38.132622241973877" lon="-119.02319669723511" />
      <trkpt lat="38.133072853088379" lon="-119.02281045913696" />
      <trkpt lat="38.133265972137451" lon="-119.02257442474365" />
      <trkpt lat="38.133931159973145" lon="-119.0209436416626" />
      <trkpt lat="38.135519027709961" lon="-119.01884078979492" />
      <trkpt lat="38.135690689086914" lon="-119.01871204376221" />
      <trkpt lat="38.136076927185059" lon="-119.01871204376221" />
      <trkpt lat="38.136591911315918" lon="-119.01821851730347" />
      <trkpt lat="38.136763572692871" lon="-119.01776790618896" />
      <trkpt lat="38.136978149414063" lon="-119.01761770248413" />
      <trkpt lat="38.137342929840088" lon="-119.01757478713989" />
      <trkpt lat="38.137557506561279" lon="-119.0174674987793" />
      <trkpt lat="38.13878059387207" lon="-119.01630878448486" />
      <trkpt lat="38.139467239379883" lon="-119.01630878448486" />
      <trkpt lat="38.140432834625244" lon="-119.01581525802612" />
      <trkpt lat="38.141484260559082" lon="-119.01568651199341" />
      <trkpt lat="38.142449855804443" lon="-119.01568651199341" />
      <trkpt lat="38.143050670623779" lon="-119.01555776596069" />
      <trkpt lat="38.143308162689209" lon="-119.01560068130493" />
      <trkpt lat="38.144702911376953" lon="-119.01628732681274" />
      <trkpt lat="38.145239353179932" lon="-119.01628732681274" />
      <trkpt lat="38.145968914031982" lon="-119.01656627655029" />
      <trkpt lat="38.146998882293701" lon="-119.01699542999268" />
      <trkpt lat="38.147470951080322" lon="-119.01727437973022" />
      <trkpt lat="38.147964477539063" lon="-119.01733875274658" />
      <trkpt lat="38.149402141571045" lon="-119.01742458343506" />
      <trkpt lat="38.150110244750977" lon="-119.01738166809082" />
      <trkpt lat="38.151655197143555" lon="-119.01839017868042" />
      <trkpt lat="38.151826858520508" lon="-119.01862621307373" />
      <trkpt lat="38.152449131011963" lon="-119.01884078979492" />
      <trkpt lat="38.152942657470703" lon="-119.01896953582764" />
      <trkpt lat="38.15377950668335" lon="-119.0189266204834" />
      <trkpt lat="38.154294490814209" lon="-119.01911973953247" />
      <trkpt lat="38.154573440551758" lon="-119.01911973953247" />
      <trkpt lat="38.154788017272949" lon="-119.01901245117187" />
      <trkpt lat="38.155195713043213" lon="-119.01905536651611" />
      <trkpt lat="38.155925273895264" lon="-119.0193772315979" />
      <trkpt lat="38.156311511993408" lon="-119.0193772315979" />
      <trkpt lat="38.156805038452148" lon="-119.01929140090942" />
      <trkpt lat="38.158929347991943" lon="-119.01858329772949" />
      <trkpt lat="38.1610107421875" lon="-119.01710271835327" />
      <trkpt lat="38.162169456481934" lon="-119.01656627655029" />
      <trkpt lat="38.162856101989746" lon="-119.0164589881897" />
      <trkpt lat="38.163542747497559" lon="-119.01665210723877" />
      <trkpt lat="38.16375732421875" lon="-119.01678085327148" />
      <trkpt lat="38.163993358612061" lon="-119.01701688766479" />
      <trkpt lat="38.165709972381592" lon="-119.01911973953247" />
      <trkpt lat="38.166117668151855" lon="-119.02040719985962" />
      <trkpt lat="38.166053295135498" lon="-119.02135133743286" />
      <trkpt lat="38.166267871856689" lon="-119.02266025543213" />
      <trkpt lat="38.166439533233643" lon="-119.02306795120239" />
      <trkpt lat="38.16676139831543" lon="-119.02334690093994" />
      <trkpt lat="38.167040348052979" lon="-119.02343273162842" />
      <trkpt lat="38.16725492477417" lon="-119.02338981628418" />
      <trkpt lat="38.16774845123291" lon="-119.02306795120239" />
      <trkpt lat="38.168349266052246" lon="-119.0224027633667" />
      <trkpt lat="38.168885707855225" lon="-119.02212381362915" />
      <trkpt lat="38.169400691986084" lon="-119.02220964431763" />
      <trkpt lat="38.170967102050781" lon="-119.02205944061279" />
      <trkpt lat="38.171761035919189" lon="-119.02218818664551" />
      <trkpt lat="38.172426223754883" lon="-119.02197360992432" />
      <trkpt lat="38.173670768737793" lon="-119.02137279510498" />
      <trkpt lat="38.174400329589844" lon="-119.02017116546631" />
      <trkpt lat="38.175344467163086" lon="-119.01984930038452" />
      <trkpt lat="38.175795078277588" lon="-119.01942014694214" />
      <trkpt lat="38.176782131195068" lon="-119.01920557022095" />
      <trkpt lat="38.177597522735596" lon="-119.01869058609009" />
      <trkpt lat="38.178437976166606" lon="-119.01747462339699" />
      <trkpt lat="38.178606033325195" lon="-119.01723146438599" />
      <trkpt lat="38.179636001586914" lon="-119.01384115219116" />
      <trkpt lat="38.179872035980225" lon="-119.01326179504395" />
      <trkpt lat="38.180172443389893" lon="-119.01276826858521" />
      <trkpt lat="38.181545734405518" lon="-119.01145935058594" />
      <trkpt lat="38.181760311126709" lon="-119.01139497756958" />
      <trkpt lat="38.182361125946045" lon="-119.01139497756958" />
      <trkpt lat="38.183004856109619" lon="-119.01124477386475" />
      <trkpt lat="38.183391094207764" lon="-119.01105165481567" />
      <trkpt lat="38.183820247650146" lon="-119.01064395904541" />
      <trkpt lat="38.18472146987915" lon="-119.00854110717773" />
      <trkpt lat="38.185086250305176" lon="-119.00796175003052" />
      <trkpt lat="38.185837268829346" lon="-119.00721073150635" />
      <trkpt lat="38.186824321746826" lon="-119.00691032409668" />
      <trkpt lat="38.187017440795898" lon="-119.00678157806396" />
      <trkpt lat="38.187811374664307" lon="-119.00667428970337" />
      <trkpt lat="38.188776969909668" lon="-119.00688886642456" />
      <trkpt lat="38.189527988433838" lon="-119.00768280029297" />
      <trkpt lat="38.189806938171387" lon="-119.00811195373535" />
      <trkpt lat="38.189935684204102" lon="-119.00869131088257" />
      <trkpt lat="38.189935684204102" lon="-119.00972127914429" />
      <trkpt lat="38.189871311187744" lon="-119.01045083999634" />
      <trkpt lat="38.18946361541748" lon="-119.01184558868408" />
      <trkpt lat="38.18922758102417" lon="-119.01223182678223" />
      <trkpt lat="38.189141750335693" lon="-119.01270389556885" />
      <trkpt lat="38.189184665679932" lon="-119.01336908340454" />
      <trkpt lat="38.189635276794434" lon="-119.01403427124023" />
      <trkpt lat="38.190557956695557" lon="-119.01442050933838" />
      <trkpt lat="38.191201686859131" lon="-119.01527881622314" />
      <trkpt lat="38.191373348236084" lon="-119.01540756225586" />
      <trkpt lat="38.198411464691162" lon="-119.01493549346924" />
      <trkpt lat="38.203175067901611" lon="-119.01484966278076" />
      <trkpt lat="38.208260536193848" lon="-119.01442050933838" />
      <trkpt lat="38.208346366882324" lon="-119.01450634002686" />
      <trkpt lat="38.208775520324707" lon="-119.01420593261719" />
      <trkpt lat="38.209054470062256" lon="-119.0149998664856" />
      <trkpt lat="38.209376335144043" lon="-119.01540756225586" />
      <trkpt lat="38.209612369537354" lon="-119.01555776596069" />
      <trkpt lat="38.211522102355957" lon="-119.01620149612427" />
      <trkpt lat="38.211650848388672" lon="-119.01622295379639" />
      <trkpt lat="38.212509155273438" lon="-119.01633024215698" />
      <trkpt lat="38.212916851043701" lon="-119.01615858078003" />
      <trkpt lat="38.213303089141846" lon="-119.01592254638672" />
      <trkpt lat="38.213603496551514" lon="-119.01562213897705" />
      <trkpt lat="38.213732242584229" lon="-119.01549339294434" />
      <trkpt lat="38.214268684387207" lon="-119.01675939559937" />
      <trkpt lat="38.214547634124756" lon="-119.01733875274658" />
      <trkpt lat="38.21519136428833" lon="-119.01851892471313" />
      <trkpt lat="38.215320110321045" lon="-119.01888370513916" />
      <trkpt lat="38.215341567993164" lon="-119.01987075805664" />
      <trkpt lat="38.216006755828857" lon="-119.02132987976074" />
      <trkpt lat="38.2169508934021" lon="-119.02381896972656" />
      <trkpt lat="38.2169508934021" lon="-119.02399063110352" />
      <trkpt lat="38.216886520385742" lon="-119.02437686920166" />
      <trkpt lat="38.216907978057861" lon="-119.02467727661133" />
      <trkpt lat="38.217058181762695" lon="-119.02510643005371" />
      <trkpt lat="38.217809200286865" lon="-119.02675867080688" />
      <trkpt lat="38.218131065368652" lon="-119.02735948562622" />
      <trkpt lat="38.219375610351563" lon="-119.02901172637939" />
      <trkpt lat="38.220620155334473" lon="-119.03109312057495" />
      <trkpt lat="38.22068452835083" lon="-119.03132915496826" />
      <trkpt lat="38.220663070678711" lon="-119.03160810470581" />
      <trkpt lat="38.220727443695068" lon="-119.03195142745972" />
      <trkpt lat="38.221070766448975" lon="-119.03257369995117" />
      <trkpt lat="38.221092224121094" lon="-119.03274536132812" />
      <trkpt lat="38.221070766448975" lon="-119.03360366821289" />
      <trkpt lat="38.221220970153809" lon="-119.03435468673706" />
      <trkpt lat="38.222143650054932" lon="-119.03707981109619" />
      <trkpt lat="38.222401142120361" lon="-119.0384316444397" />
      <trkpt lat="38.222551345825195" lon="-119.03871059417725" />
      <trkpt lat="38.222851753234863" lon="-119.0388822555542" />
      <trkpt lat="38.224139213562012" lon="-119.03896808624268" />
      <trkpt lat="38.225748538970947" lon="-119.03946161270142" />
      <trkpt lat="38.227336406707764" lon="-119.0394401550293" />
      <trkpt lat="38.228280544281006" lon="-119.03967618942261" />
      <trkpt lat="38.229138851165771" lon="-119.03999805450439" />
      <trkpt lat="38.229846954345703" lon="-119.04051303863525" />
      <trkpt lat="38.230898380279541" lon="-119.04100656509399" />
      <trkpt lat="38.231198787689209" lon="-119.04119968414307" />
      <trkpt lat="38.231778144836426" lon="-119.04171466827393" />
      <trkpt lat="38.232293128967285" lon="-119.04300212860107" />
      <trkpt lat="38.232636451721191" lon="-119.04338836669922" />
      <trkpt lat="38.233988285064697" lon="-119.04418230056763" />
      <trkpt lat="38.234760761260986" lon="-119.04491186141968" />
      <trkpt lat="38.235189914703369" lon="-119.04508352279663" />
      <trkpt lat="38.235490322113037" lon="-119.0453839302063" />
      <trkpt lat="38.236005306243896" lon="-119.04662847518921" />
      <trkpt lat="38.236627578735352" lon="-119.04722929000854" />
      <trkpt lat="38.237056732177734" lon="-119.04888153076172" />
      <trkpt lat="38.237271308898926" lon="-119.04950380325317" />
      <trkpt lat="38.237979412078857" lon="-119.05027627944946" />
      <trkpt lat="38.238708972930908" lon="-119.05046939849854" />
      <trkpt lat="38.238966464996338" lon="-119.05070543289185" />
      <trkpt lat="38.239116668701172" lon="-119.05098438262939" />
      <trkpt lat="38.239288330078125" lon="-119.05145645141602" />
      <trkpt lat="38.239781856536865" lon="-119.0523362159729" />
      <trkpt lat="38.23991060256958" lon="-119.05267953872681" />
      <trkpt lat="38.23991060256958" lon="-119.052894115448" />
      <trkpt lat="38.239803314208984" lon="-119.05304431915283" />
      <trkpt lat="38.239545822143555" lon="-119.05319452285767" />
      <trkpt lat="38.239309787750244" lon="-119.05351638793945" />
      <trkpt lat="38.239052295684814" lon="-119.05441761016846" />
      <trkpt lat="38.238859176635742" lon="-119.05546903610229" />
      <trkpt lat="38.23866605758667" lon="-119.0568208694458" />
      <trkpt lat="38.238708972930908" lon="-119.05714273452759" />
      <trkpt lat="38.238880634307861" lon="-119.0573787689209" />
      <trkpt lat="38.239073753356934" lon="-119.05752897262573" />
      <trkpt lat="38.239803314208984" lon="-119.0578293800354" />
      <trkpt lat="38.240232467651367" lon="-119.05815124511719" />
      <trkpt lat="38.240489959716797" lon="-119.05905246734619" />
      <trkpt lat="38.240468502044678" lon="-119.05924558639526" />
      <trkpt lat="38.240361213684082" lon="-119.05950307846069" />
      <trkpt lat="38.240189552307129" lon="-119.05958890914917" />
      <trkpt lat="38.239781856536865" lon="-119.05971765518188" />
      <trkpt lat="38.239696025848389" lon="-119.05980348587036" />
      <trkpt lat="38.239288330078125" lon="-119.05982494354248" />
      <trkpt lat="38.238773345947266" lon="-119.05999660491943" />
      <trkpt lat="38.238472938537598" lon="-119.06021118164062" />
      <trkpt lat="38.237786293029785" lon="-119.06115531921387" />
      <trkpt lat="38.237442970275879" lon="-119.0627646446228" />
      <trkpt lat="38.237636089324951" lon="-119.06415939331055" />
      <trkpt lat="38.237872123718262" lon="-119.06512498855591" />
      <trkpt lat="38.237829208374023" lon="-119.06555414199829" />
      <trkpt lat="38.23765754699707" lon="-119.06585454940796" />
      <trkpt lat="38.237679004669189" lon="-119.06641244888306" />
      <trkpt lat="38.238000869750977" lon="-119.06815052032471" />
      <trkpt lat="38.238279819488525" lon="-119.06907320022583" />
      <trkpt lat="38.238344192504883" lon="-119.06967401504517" />
      <trkpt lat="38.238236904144287" lon="-119.07070398330688" />
      <trkpt lat="38.23817253112793" lon="-119.07098293304443" />
      <trkpt lat="38.237957954406738" lon="-119.07136917114258" />
      <trkpt lat="38.237957954406738" lon="-119.07154083251953" />
      <trkpt lat="38.238151073455811" lon="-119.0717339515686" />
      <trkpt lat="38.238687515258789" lon="-119.07190561294556" />
      <trkpt lat="38.239181041717529" lon="-119.07194852828979" />
      <trkpt lat="38.240211009979248" lon="-119.07181978225708" />
      <trkpt lat="38.241004943847656" lon="-119.07190561294556" />
      <trkpt lat="38.241755962371826" lon="-119.07212018966675" />
      <trkpt lat="38.243451118469238" lon="-119.07203435897827" />
      <trkpt lat="38.244180679321289" lon="-119.07143354415894" />
      <trkpt lat="38.244760036468506" lon="-119.07078981399536" />
      <trkpt lat="38.245060443878174" lon="-119.07057523727417" />
      <trkpt lat="38.245317935943604" lon="-119.07029628753662" />
      <trkpt lat="38.245918750762939" lon="-119.06943798065186" />
      <trkpt lat="38.246476650238037" lon="-119.06877279281616" />
      <trkpt lat="38.247334957122803" lon="-119.06795740127563" />
      <trkpt lat="38.249051570892334" lon="-119.06720638275146" />
      <trkpt lat="38.250939846038818" lon="-119.0669059753418" />
      <trkpt lat="38.251175880432129" lon="-119.06692743301392" />
      <trkpt lat="38.251583576202393" lon="-119.06718492507935" />
      <trkpt lat="38.251969814300537" lon="-119.06754970550537" />
      <trkpt lat="38.252313137054443" lon="-119.06823635101318" />
      <trkpt lat="38.252506256103516" lon="-119.06845092773437" />
      <trkpt lat="38.253042697906494" lon="-119.06894445419312" />
      <trkpt lat="38.253064155578613" lon="-119.07029628753662" />
      <trkpt lat="38.253192901611328" lon="-119.07059669494629" />
      <trkpt lat="38.253471851348877" lon="-119.07104730606079" />
      <trkpt lat="38.253600597381592" lon="-119.0713906288147" />
      <trkpt lat="38.253772258758545" lon="-119.07224893569946" />
      <trkpt lat="38.254437446594238" lon="-119.07353639602661" />
      <trkpt lat="38.255188465118408" lon="-119.07469511032104" />
      <trkpt lat="38.25538158416748" lon="-119.07488822937012" />
      <trkpt lat="38.255960941314697" lon="-119.07523155212402" />
      <trkpt lat="38.256583213806152" lon="-119.07581090927124" />
      <trkpt lat="38.256947994232178" lon="-119.07626152038574" />
      <trkpt lat="38.257119655609131" lon="-119.0763258934021" />
      <trkpt lat="38.258085250854492" lon="-119.07639026641846" />
      <trkpt lat="38.258557319641113" lon="-119.07636880874634" />
      <trkpt lat="38.259072303771973" lon="-119.0764331817627" />
      <trkpt lat="38.259286880493164" lon="-119.07636880874634" />
      <trkpt lat="38.259565830230713" lon="-119.07598257064819" />
      <trkpt lat="38.260231018066406" lon="-119.07561779022217" />
      <trkpt lat="38.260917663574219" lon="-119.07505989074707" />
      <trkpt lat="38.261775970458984" lon="-119.07407283782959" />
      <trkpt lat="38.262076377868652" lon="-119.07396554946899" />
      <trkpt lat="38.262355327606201" lon="-119.07402992248535" />
      <trkpt lat="38.262913227081299" lon="-119.0743088722229" />
      <trkpt lat="38.26312780380249" lon="-119.07418012619019" />
      <trkpt lat="38.263278007507324" lon="-119.07400846481323" />
      <trkpt lat="38.264329433441162" lon="-119.07368659973145" />
      <trkpt lat="38.264586925506592" lon="-119.07368659973145" />
      <trkpt lat="38.265209197998047" lon="-119.07387971878052" />
      <trkpt lat="38.266324996948242" lon="-119.07392263412476" />
      <trkpt lat="38.267354965209961" lon="-119.07381534576416" />
      <trkpt lat="38.267612457275391" lon="-119.07390117645264" />
      <trkpt lat="38.267762660980225" lon="-119.07405138015747" />
      <trkpt lat="38.267762660980225" lon="-119.07428741455078" />
      <trkpt lat="38.267655372619629" lon="-119.07454490661621" />
      <trkpt lat="38.267612457275391" lon="-119.07548904418945" />
      <trkpt lat="38.267741203308105" lon="-119.07630443572998" />
      <trkpt lat="38.267891407012939" lon="-119.07681941986084" />
      <trkpt lat="38.268041610717773" lon="-119.07716274261475" />
      <trkpt lat="38.268320560455322" lon="-119.07754898071289" />
      <trkpt lat="38.269200325012207" lon="-119.07847166061401" />
      <trkpt lat="38.269543647766113" lon="-119.07909393310547" />
      <trkpt lat="38.269951343536377" lon="-119.07943725585937" />
      <trkpt lat="38.270080089569092" lon="-119.07958745956421" />
      <trkpt lat="38.270165920257568" lon="-119.08010244369507" />
      <trkpt lat="38.271195888519287" lon="-119.08220529556274" />
      <trkpt lat="38.271389007568359" lon="-119.08276319503784" />
      <trkpt lat="38.271431922912598" lon="-119.08299922943115" />
      <trkpt lat="38.271410465240479" lon="-119.08314943313599" />
      <trkpt lat="38.27113151550293" lon="-119.08336400985718" />
      <trkpt lat="38.271045684814453" lon="-119.08349275588989" />
      <trkpt lat="38.271045684814453" lon="-119.0838360786438" />
      <trkpt lat="38.271088600158691" lon="-119.08398628234863" />
      <trkpt lat="38.271453380584717" lon="-119.08430814743042" />
      <trkpt lat="38.271517753601074" lon="-119.08450126647949" />
      <trkpt lat="38.271474838256836" lon="-119.08475875854492" />
      <trkpt lat="38.271110057830811" lon="-119.08538103103638" />
      <trkpt lat="38.270831108093262" lon="-119.08626079559326" />
      <trkpt lat="38.270809650421143" lon="-119.08660411834717" />
      <trkpt lat="38.269779682159424" lon="-119.0893292427063" />
      <trkpt lat="38.269650936126709" lon="-119.08995151519775" />
      <trkpt lat="38.269672393798828" lon="-119.0906810760498" />
      <trkpt lat="38.269779682159424" lon="-119.09158229827881" />
      <trkpt lat="38.269972801208496" lon="-119.0922474861145" />
      <trkpt lat="38.270165920257568" lon="-119.09259080886841" />
      <trkpt lat="38.2708740234375" lon="-119.09342765808105" />
      <trkpt lat="38.271152973175049" lon="-119.09368515014648" />
      <trkpt lat="38.271946907043457" lon="-119.09389972686768" />
      <trkpt lat="38.27261209487915" lon="-119.09409284591675" />
      <trkpt lat="38.273384571075439" lon="-119.09420013427734" />
      <trkpt lat="38.274028301239014" lon="-119.0942645072937" />
      <trkpt lat="38.274393081665039" lon="-119.09422159194946" />
      <trkpt lat="38.274929523468018" lon="-119.09432888031006" />
      <trkpt lat="38.275530338287354" lon="-119.09462928771973" />
      <trkpt lat="38.275830745697021" lon="-119.09460783004761" />
      <trkpt lat="38.276195526123047" lon="-119.09467220306396" />
      <trkpt lat="38.277740478515625" lon="-119.09542322158813" />
      <trkpt lat="38.278384208679199" lon="-119.09542322158813" />
      <trkpt lat="38.27862024307251" lon="-119.09548759460449" />
      <trkpt lat="38.27885627746582" lon="-119.09565925598145" />
      <trkpt lat="38.279092311859131" lon="-119.09595966339111" />
      <trkpt lat="38.279178142547607" lon="-119.09623861312866" />
      <trkpt lat="38.279135227203369" lon="-119.09716129302979" />
      <trkpt lat="38.279221057891846" lon="-119.09756898880005" />
      <trkpt lat="38.279285430908203" lon="-119.09782648086548" />
      <trkpt lat="38.279671669006348" lon="-119.09827709197998" />
      <trkpt lat="38.279778957366943" lon="-119.09851312637329" />
      <trkpt lat="38.279800415039063" lon="-119.09879207611084" />
      <trkpt lat="38.279736042022705" lon="-119.09907102584839" />
      <trkpt lat="38.279564380645752" lon="-119.10022974014282" />
      <trkpt lat="38.279564380645752" lon="-119.10100221633911" />
      <trkpt lat="38.279435634613037" lon="-119.10151720046997" />
      <trkpt lat="38.279392719268799" lon="-119.10207509994507" />
      <trkpt lat="38.279199600219727" lon="-119.1032338142395" />
      <trkpt lat="38.279070854187012" lon="-119.10460710525513" />
      <trkpt lat="38.279221057891846" lon="-119.10512208938599" />
      <trkpt lat="38.279221057891846" lon="-119.10557270050049" />
      <trkpt lat="38.279263973236084" lon="-119.10578727722168" />
      <trkpt lat="38.279950618743896" lon="-119.10632371902466" />
      <trkpt lat="38.280894756317139" lon="-119.1068172454834" />
      <trkpt lat="38.281195163726807" lon="-119.10709619522095" />
      <trkpt lat="38.28235387802124" lon="-119.10879135131836" />
      <trkpt lat="38.283169269561768" lon="-119.10956382751465" />
      <trkpt lat="38.283877372741699" lon="-119.11007881164551" />
      <trkpt lat="38.284950256347656" lon="-119.11061525344849" />
      <trkpt lat="38.285400867462158" lon="-119.11070108413696" />
      <trkpt lat="38.286516666412354" lon="-119.11065816879272" />
      <trkpt lat="38.287503719329834" lon="-119.11048650741577" />
      <trkpt lat="38.28934907913208" lon="-119.10988569259644" />
      <trkpt lat="38.289456367492676" lon="-119.10990715026855" />
      <trkpt lat="38.289713859558105" lon="-119.11016464233398" />
      <trkpt lat="38.289864063262939" lon="-119.11022901535034" />
      <trkpt lat="38.291001319885254" lon="-119.11025047302246" />
      <trkpt lat="38.291366100311279" lon="-119.11037921905518" />
      <trkpt lat="38.292653560638428" lon="-119.11110877990723" />
      <trkpt lat="38.2928466796875" lon="-119.11115169525146" />
      <trkpt lat="38.293511867523193" lon="-119.11110877990723" />
      <trkpt lat="38.29383373260498" lon="-119.11117315292358" />
      <trkpt lat="38.294520378112793" lon="-119.11147356033325" />
      <trkpt lat="38.294799327850342" lon="-119.11149501800537" />
      <trkpt lat="38.295121192932129" lon="-119.11136627197266" />
      <trkpt lat="38.295314311981201" lon="-119.11134481430054" />
      <trkpt lat="38.296387195587158" lon="-119.11149501800537" />
      <trkpt lat="38.297159671783447" lon="-119.11143064498901" />
      <trkpt lat="38.297374248504639" lon="-119.11149501800537" />
      <trkpt lat="38.297717571258545" lon="-119.11173105239868" />
      <trkpt lat="38.298189640045166" lon="-119.11170959472656" />
      <trkpt lat="38.298940658569336" lon="-119.11183834075928" />
      <trkpt lat="38.299455642700195" lon="-119.1117525100708" />
      <trkpt lat="38.300120830535889" lon="-119.11125898361206" />
      <trkpt lat="38.300464153289795" lon="-119.11110877990723" />
      <trkpt lat="38.300871849060059" lon="-119.11106586456299" />
      <trkpt lat="38.301236629486084" lon="-119.11110877990723" />
      <trkpt lat="38.301537036895752" lon="-119.1113018989563" />
      <trkpt lat="38.302180767059326" lon="-119.11151647567749" />
      <trkpt lat="38.302416801452637" lon="-119.11170959472656" />
      <trkpt lat="38.302652835845947" lon="-119.11207437515259" />
      <trkpt lat="38.302803039550781" lon="-119.1122031211853" />
      <trkpt lat="38.304004669189453" lon="-119.11203145980835" />
      <trkpt lat="38.304262161254883" lon="-119.11207437515259" />
      <trkpt lat="38.304970264434814" lon="-119.11237478256226" />
      <trkpt lat="38.305721282958984" lon="-119.11280393600464" />
      <trkpt lat="38.30608606338501" lon="-119.11295413970947" />
      <trkpt lat="38.306729793548584" lon="-119.11293268203735" />
      <trkpt lat="38.307030200958252" lon="-119.11301851272583" />
      <trkpt lat="38.307352066040039" lon="-119.11336183547974" />
      <trkpt lat="38.307802677154541" lon="-119.11415576934814" />
      <trkpt lat="38.308060169219971" lon="-119.11443471908569" />
      <trkpt lat="38.308210372924805" lon="-119.11454200744629" />
      <trkpt lat="38.308703899383545" lon="-119.11462783813477" />
      <trkpt lat="38.309326171875" lon="-119.11454200744629" />
      <trkpt lat="38.309605121612549" lon="-119.11458492279053" />
      <trkpt lat="38.311128616333008" lon="-119.11546468734741" />
      <trkpt lat="38.311686515808105" lon="-119.1156792640686" />
      <trkpt lat="38.312051296234131" lon="-119.11589384078979" />
      <trkpt lat="38.312416076660156" lon="-119.11619424819946" />
      <trkpt lat="38.312995433807373" lon="-119.11645174026489" />
      <trkpt lat="38.313896656036377" lon="-119.11628007888794" />
      <trkpt lat="38.314304351806641" lon="-119.11597967147827" />
      <trkpt lat="38.315012454986572" lon="-119.11585092544556" />
      <trkpt lat="38.315634727478027" lon="-119.11565780639648" />
      <trkpt lat="38.316428661346436" lon="-119.11565780639648" />
      <trkpt lat="38.31805944442749" lon="-119.11593675613403" />
      <trkpt lat="38.318789005279541" lon="-119.11655902862549" />
      <trkpt lat="38.318939208984375" lon="-119.11662340164185" />
      <trkpt lat="38.319497108459473" lon="-119.1166877746582" />
      <trkpt lat="38.3203125" lon="-119.11728858947754" />
      <trkpt lat="38.320720195770264" lon="-119.11733150482178" />
      <trkpt lat="38.322629928588867" lon="-119.11655902862549" />
      <trkpt lat="38.322994709014893" lon="-119.11632299423218" />
      <trkpt lat="38.324668407440186" lon="-119.11580801010132" />
      <trkpt lat="38.325183391571045" lon="-119.11574363708496" />
      <trkpt lat="38.325526714324951" lon="-119.11561489105225" />
      <trkpt lat="38.326234817504883" lon="-119.1152286529541" />
      <trkpt lat="38.327865600585938" lon="-119.1147780418396" />
      <trkpt lat="38.328595161437988" lon="-119.11486387252808" />
      <trkpt lat="38.329346179962158" lon="-119.11516427993774" />
      <trkpt lat="38.329882621765137" lon="-119.11527156829834" />
      <trkpt lat="38.33031177520752" lon="-119.11550760269165" />
      <trkpt lat="38.331170082092285" lon="-119.11610841751099" />
      <trkpt lat="38.332157135009766" lon="-119.1166877746582" />
      <trkpt lat="38.333637714385986" lon="-119.1178035736084" />
      <trkpt lat="38.334238529205322" lon="-119.11838293075562" />
      <trkpt lat="38.334410190582275" lon="-119.11879062652588" />
      <trkpt lat="38.334560394287109" lon="-119.11975622177124" />
      <trkpt lat="38.33479642868042" lon="-119.12055015563965" />
      <trkpt lat="38.335118293762207" lon="-119.12149429321289" />
      <trkpt lat="38.335161209106445" lon="-119.12185907363892" />
      <trkpt lat="38.335118293762207" lon="-119.12303924560547" />
      <trkpt lat="38.335182666778564" lon="-119.12327527999878" />
      <trkpt lat="38.335611820220947" lon="-119.12383317947388" />
      <trkpt lat="38.335976600646973" lon="-119.12406921386719" />
      <trkpt lat="38.336877822875977" lon="-119.12449836730957" />
      <trkpt lat="38.33704948425293" lon="-119.12447690963745" />
      <trkpt lat="38.337929248809814" lon="-119.12376880645752" />
      <trkpt lat="38.339474201202393" lon="-119.1222882270813" />
      <trkpt lat="38.34054708480835" lon="-119.12136554718018" />
      <trkpt lat="38.340954780578613" lon="-119.12104368209839" />
      <trkpt lat="38.341190814971924" lon="-119.12100076675415" />
      <trkpt lat="38.341748714447021" lon="-119.12089347839355" />
      <trkpt lat="38.342435359954834" lon="-119.12063598632812" />
      <trkpt lat="38.343465328216553" lon="-119.12012100219727" />
      <trkpt lat="38.343830108642578" lon="-119.1198205947876" />
      <trkpt lat="38.344666957855225" lon="-119.11859750747681" />
      <trkpt lat="38.344817161560059" lon="-119.11859750747681" />
      <trkpt lat="38.345010280609131" lon="-119.11846876144409" />
      <trkpt lat="38.345503807067871" lon="-119.11855459213257" />
      <trkpt lat="38.345761299133301" lon="-119.11851167678833" />
      <trkpt lat="38.34601879119873" lon="-119.1183614730835" />
      <trkpt lat="38.346426486968994" lon="-119.11799669265747" />
      <trkpt lat="38.346962928771973" lon="-119.11731004714966" />
      <trkpt lat="38.347091674804688" lon="-119.11705255508423" />
      <trkpt lat="38.34728479385376" lon="-119.11690235137939" />
      <trkpt lat="38.347713947296143" lon="-119.11664485931396" />
      <trkpt lat="38.348143100738525" lon="-119.11666631698608" />
      <trkpt lat="38.348701000213623" lon="-119.11647319793701" />
      <trkpt lat="38.34902286529541" lon="-119.11647319793701" />
      <trkpt lat="38.349130153656006" lon="-119.11655902862549" />
      <trkpt lat="38.349344730377197" lon="-119.11675214767456" />
      <trkpt lat="38.349709510803223" lon="-119.11748170852661" />
      <trkpt lat="38.350009918212891" lon="-119.11776065826416" />
      <trkpt lat="38.350546360015869" lon="-119.11788940429687" />
      <trkpt lat="38.351211547851562" lon="-119.11761045455933" />
      <trkpt lat="38.351619243621826" lon="-119.11754608154297" />
      <trkpt lat="38.352005481719971" lon="-119.11761045455933" />
      <trkpt lat="38.352584838867188" lon="-119.11761045455933" />
      <trkpt lat="38.353550434112549" lon="-119.11728858947754" />
      <trkpt lat="38.354001045227051" lon="-119.11731004714966" />
      <trkpt lat="38.354580402374268" lon="-119.11799669265747" />
      <trkpt lat="38.354451656341553" lon="-119.11827564239502" />
      <trkpt lat="38.354387283325195" lon="-119.11864042282104" />
      <trkpt lat="38.354365825653076" lon="-119.11898374557495" />
      <trkpt lat="38.354451656341553" lon="-119.11990642547607" />
      <trkpt lat="38.354365825653076" lon="-119.1201639175415" />
      <trkpt lat="38.354151248931885" lon="-119.12042140960693" />
      <trkpt lat="38.353958129882813" lon="-119.12052869796753" />
      <trkpt lat="38.353743553161621" lon="-119.12078619003296" />
      <trkpt lat="38.353679180145264" lon="-119.12112951278687" />
      <trkpt lat="38.353657722473145" lon="-119.12149429321289" />
      <trkpt lat="38.35376501083374" lon="-119.12188053131104" />
      <trkpt lat="38.353893756866455" lon="-119.12190198898315" />
      <trkpt lat="38.354043960571289" lon="-119.1218376159668" />
      <trkpt lat="38.3542799949646" lon="-119.12158012390137" />
      <trkpt lat="38.354558944702148" lon="-119.12140846252441" />
      <trkpt lat="38.355824947357178" lon="-119.12102222442627" />
      <trkpt lat="38.356168270111084" lon="-119.12097930908203" />
      <trkpt lat="38.356833457946777" lon="-119.12125825881958" />
      <trkpt lat="38.357069492340088" lon="-119.12147283554077" />
      <trkpt lat="38.357198238372803" lon="-119.12175178527832" />
      <trkpt lat="38.357198238372803" lon="-119.12192344665527" />
      <trkpt lat="38.357090950012207" lon="-119.12209510803223" />
      <trkpt lat="38.356339931488037" lon="-119.12267446517944" />
      <trkpt lat="38.356060981750488" lon="-119.1227388381958" />
      <trkpt lat="38.356039524078369" lon="-119.12286758422852" />
      <trkpt lat="38.356039524078369" lon="-119.1231894493103" />
      <trkpt lat="38.356168270111084" lon="-119.12381172180176" />
      <trkpt lat="38.356060981750488" lon="-119.12445545196533" />
      <trkpt lat="38.356082439422607" lon="-119.124755859375" />
      <trkpt lat="38.356425762176514" lon="-119.12630081176758" />
      <trkpt lat="38.356404304504395" lon="-119.1266655921936" />
      <trkpt lat="38.356361389160156" lon="-119.12683725357056" />
      <trkpt lat="38.355953693389893" lon="-119.12750244140625" />
      <trkpt lat="38.355932235717773" lon="-119.12769556045532" />
      <trkpt lat="38.35601806640625" lon="-119.12780284881592" />
      <trkpt lat="38.356575965881348" lon="-119.12825345993042" />
      <trkpt lat="38.356812000274658" lon="-119.12863969802856" />
      <trkpt lat="38.357133865356445" lon="-119.12947654724121" />
      <trkpt lat="38.357219696044922" lon="-119.1303563117981" />
      <trkpt lat="38.357241153717041" lon="-119.13052797317505" />
      <trkpt lat="38.357391357421875" lon="-119.1308069229126" />
      <trkpt lat="38.357863426208496" lon="-119.1313648223877" />
      <trkpt lat="38.358314037322998" lon="-119.1317081451416" />
      <trkpt lat="38.358528614044189" lon="-119.13196563720703" />
      <trkpt lat="38.358786106109619" lon="-119.13243770599365" />
      <trkpt lat="38.358979225158691" lon="-119.13295269012451" />
      <trkpt lat="38.359107971191406" lon="-119.13338184356689" />
      <trkpt lat="38.359107971191406" lon="-119.13363933563232" />
      <trkpt lat="38.358786106109619" lon="-119.13511991500854" />
      <trkpt lat="38.358807563781738" lon="-119.13537740707397" />
      <trkpt lat="38.358979225158691" lon="-119.13625717163086" />
      <trkpt lat="38.359558582305908" lon="-119.13814544677734" />
      <trkpt lat="38.359644412994385" lon="-119.13878917694092" />
      <trkpt lat="38.359601497650146" lon="-119.13926124572754" />
      <trkpt lat="38.359794616699219" lon="-119.1396689414978" />
      <trkpt lat="38.359923362731934" lon="-119.14037704467773" />
      <trkpt lat="38.359837532043457" lon="-119.14099931716919" />
      <trkpt lat="38.359301090240479" lon="-119.14205074310303" />
      <trkpt lat="38.359279632568359" lon="-119.14230823516846" />
      <trkpt lat="38.359365463256836" lon="-119.14256572723389" />
      <trkpt lat="38.359816074371338" lon="-119.14305925369263" />
      <trkpt lat="38.359901905059814" lon="-119.14320945739746" />
      <trkpt lat="38.359858989715576" lon="-119.14368152618408" />
      <trkpt lat="38.35951566696167" lon="-119.14458274841309" />
      <trkpt lat="38.359494209289551" lon="-119.1448187828064" />
      <trkpt lat="38.359644412994385" lon="-119.14531230926514" />
      <trkpt lat="38.359687328338623" lon="-119.14559125900269" />
      <trkpt lat="38.359580039978027" lon="-119.14580583572388" />
      <trkpt lat="38.359451293945313" lon="-119.14593458175659" />
      <trkpt lat="38.359129428863525" lon="-119.14580583572388" />
      <trkpt lat="38.358936309814453" lon="-119.14559125900269" />
      <trkpt lat="38.3587646484375" lon="-119.14559125900269" />
      <trkpt lat="38.358657360076904" lon="-119.1457200050354" />
      <trkpt lat="38.35777759552002" lon="-119.14767265319824" />
      <trkpt lat="38.356940746307373" lon="-119.14848804473877" />
      <trkpt lat="38.356490135192871" lon="-119.14911031723022" />
      <trkpt lat="38.356318473815918" lon="-119.14926052093506" />
      <trkpt lat="38.356060981750488" lon="-119.14932489395142" />
      <trkpt lat="38.35552453994751" lon="-119.14928197860718" />
      <trkpt lat="38.355202674865723" lon="-119.14943218231201" />
      <trkpt lat="38.354301452636719" lon="-119.15022611618042" />
      <trkpt lat="38.35402250289917" lon="-119.15035486221313" />
      <trkpt lat="38.353679180145264" lon="-119.15039777755737" />
      <trkpt lat="38.353142738342285" lon="-119.15014028549194" />
      <trkpt lat="38.352756500244141" lon="-119.14990425109863" />
      <trkpt lat="38.352198600769043" lon="-119.14996862411499" />
      <trkpt lat="38.351726531982422" lon="-119.15011882781982" />
      <trkpt lat="38.350460529327393" lon="-119.15018320083618" />
      <trkpt lat="38.349108695983887" lon="-119.15149211883545" />
      <trkpt lat="38.348743915557861" lon="-119.15202856063843" />
      <trkpt lat="38.348550796508789" lon="-119.15215730667114" />
      <trkpt lat="38.348336219787598" lon="-119.15217876434326" />
      <trkpt lat="38.3477783203125" lon="-119.15198564529419" />
      <trkpt lat="38.347477912902832" lon="-119.15205001831055" />
      <trkpt lat="38.346683979034424" lon="-119.15286540985107" />
      <trkpt lat="38.346490859985352" lon="-119.15340185165405" />
      <trkpt lat="38.346362113952637" lon="-119.15357351303101" />
      <trkpt lat="38.346104621887207" lon="-119.15380954742432" />
      <trkpt lat="38.345482349395752" lon="-119.15404558181763" />
      <trkpt lat="38.345010280609131" lon="-119.15453910827637" />
      <trkpt lat="38.34428071975708" lon="-119.15505409240723" />
      <trkpt lat="38.343722820281982" lon="-119.15567636489868" />
      <trkpt lat="38.343250751495361" lon="-119.15593385696411" />
      <trkpt lat="38.342585563659668" lon="-119.15644884109497" />
      <trkpt lat="38.341877460479736" lon="-119.15679216384888" />
      <trkpt lat="38.341641426086426" lon="-119.15679216384888" />
      <trkpt lat="38.340868949890137" lon="-119.15640592575073" />
      <trkpt lat="38.338465690612793" lon="-119.15520429611206" />
      <trkpt lat="38.338186740875244" lon="-119.15511846542358" />
      <trkpt lat="38.337886333465576" lon="-119.1551399230957" />
      <trkpt lat="38.336384296417236" lon="-119.15612697601318" />
      <trkpt lat="38.335998058319092" lon="-119.15634155273438" />
      <trkpt lat="38.335161209106445" lon="-119.15653467178345" />
      <trkpt lat="38.334946632385254" lon="-119.15668487548828" />
      <trkpt lat="38.334732055664063" lon="-119.15700674057007" />
      <trkpt lat="38.334560394287109" lon="-119.15745735168457" />
      <trkpt lat="38.334345817565918" lon="-119.15878772735596" />
      <trkpt lat="38.334345817565918" lon="-119.15958166122437" />
      <trkpt lat="38.334259986877441" lon="-119.15990352630615" />
      <trkpt lat="38.33404541015625" lon="-119.16024684906006" />
      <trkpt lat="38.333916664123535" lon="-119.16059017181396" />
      <trkpt lat="38.333938121795654" lon="-119.16089057922363" />
      <trkpt lat="38.333852291107178" lon="-119.16127681732178" />
      <trkpt lat="38.333852291107178" lon="-119.16159868240356" />
      <trkpt lat="38.33404541015625" lon="-119.16213512420654" />
      <trkpt lat="38.333959579467773" lon="-119.16413068771362" />
      <trkpt lat="38.333251476287842" lon="-119.16606187820435" />
      <trkpt lat="38.333101272583008" lon="-119.16640520095825" />
      <trkpt lat="38.332650661468506" lon="-119.16681289672852" />
      <trkpt lat="38.332350254058838" lon="-119.16767120361328" />
      <trkpt lat="38.332350254058838" lon="-119.16822910308838" />
      <trkpt lat="38.332436084747314" lon="-119.16936635971069" />
      <trkpt lat="38.33254337310791" lon="-119.16996717453003" />
      <trkpt lat="38.332436084747314" lon="-119.1706109046936" />
      <trkpt lat="38.33254337310791" lon="-119.17106151580811" />
      <trkpt lat="38.332521915435791" lon="-119.17125463485718" />
      <trkpt lat="38.332436084747314" lon="-119.17151212692261" />
      <trkpt lat="38.331964015960693" lon="-119.17234897613525" />
      <trkpt lat="38.331835269927979" lon="-119.1727352142334" />
      <trkpt lat="38.331685066223145" lon="-119.17297124862671" />
      <trkpt lat="38.331084251403809" lon="-119.17361497879028" />
      <trkpt lat="38.330590724945068" lon="-119.17492389678955" />
      <trkpt lat="38.33031177520752" lon="-119.17533159255981" />
      <trkpt lat="38.329753875732422" lon="-119.17599678039551" />
      <trkpt lat="38.329689502716064" lon="-119.17616844177246" />
      <trkpt lat="38.329496383666992" lon="-119.17717695236206" />
      <trkpt lat="38.329410552978516" lon="-119.17726278305054" />
      <trkpt lat="38.329174518585205" lon="-119.17726278305054" />
      <trkpt lat="38.328981399536133" lon="-119.17741298675537" />
      <trkpt lat="38.328831195831299" lon="-119.17769193649292" />
      <trkpt lat="38.328316211700439" lon="-119.1791296005249" />
      <trkpt lat="38.323595523834229" lon="-119.18554544448853" />
      <trkpt lat="38.323338031768799" lon="-119.18591022491455" />
      <trkpt lat="38.322587013244629" lon="-119.18702602386475" />
      <trkpt lat="38.322200775146484" lon="-119.18751955032349" />
      <trkpt lat="38.321750164031982" lon="-119.18799161911011" />
      <trkpt lat="38.319947719573975" lon="-119.18936491012573" />
      <trkpt lat="38.319110870361328" lon="-119.18987989425659" />
      <trkpt lat="38.31881046295166" lon="-119.19005155563354" />
      <trkpt lat="38.31855297088623" lon="-119.19030904769897" />
      <trkpt lat="38.318381309509277" lon="-119.19063091278076" />
      <trkpt lat="38.318209648132324" lon="-119.19116735458374" />
      <trkpt lat="38.318123817443848" lon="-119.19151067733765" />
      <trkpt lat="38.318145275115967" lon="-119.19163942337036" />
      <trkpt lat="38.318102359771729" lon="-119.19172525405884" />
      <trkpt lat="38.318037986755371" lon="-119.19170379638672" />
      <trkpt lat="38.317737579345703" lon="-119.19097423553467" />
      <trkpt lat="38.31756591796875" lon="-119.19037342071533" />
      <trkpt lat="38.317480087280273" lon="-119.19026613235474" />
      <trkpt lat="38.317372798919678" lon="-119.19030904769897" />
      <trkpt lat="38.317029476165771" lon="-119.19073820114136" />
      <trkpt lat="38.315420150756836" lon="-119.19236898422241" />
      <trkpt lat="38.315205574035645" lon="-119.19262647628784" />
      <trkpt lat="38.314712047576904" lon="-119.19367790222168" />
      <trkpt lat="38.314540386199951" lon="-119.19391393661499" />
      <trkpt lat="38.313274383544922" lon="-119.19481515884399" />
      <trkpt lat="38.313038349151611" lon="-119.19507265090942" />
      <trkpt lat="38.312888145446777" lon="-119.19578075408936" />
      <trkpt lat="38.312780857086182" lon="-119.1960597038269" />
      <trkpt lat="38.311150074005127" lon="-119.19848442077637" />
      <trkpt lat="38.309733867645264" lon="-119.20125246047974" />
      <trkpt lat="38.309304714202881" lon="-119.20193910598755" />
      <trkpt lat="38.308725357055664" lon="-119.20269012451172" />
      <trkpt lat="38.308660984039307" lon="-119.20301198959351" />
      <trkpt lat="38.308660984039307" lon="-119.20337677001953" />
      <trkpt lat="38.308918476104736" lon="-119.20464277267456" />
      <trkpt lat="38.308875560760498" lon="-119.20562982559204" />
      <trkpt lat="38.308897018432617" lon="-119.20674562454224" />
      <trkpt lat="38.308811187744141" lon="-119.20753955841064" />
      <trkpt lat="38.308746814727783" lon="-119.20790433883667" />
      <trkpt lat="38.308596611022949" lon="-119.20818328857422" />
      <trkpt lat="38.308467864990234" lon="-119.20854806900024" />
      <trkpt lat="38.308424949645996" lon="-119.20902013778687" />
      <trkpt lat="38.308424949645996" lon="-119.20959949493408" />
      <trkpt lat="38.308467864990234" lon="-119.21020030975342" />
      <trkpt lat="38.308746814727783" lon="-119.21159505844116" />
      <trkpt lat="38.309347629547119" lon="-119.21406269073486" />
      <trkpt lat="38.305699825286865" lon="-119.21399831771851" />
      <trkpt lat="38.299820423126221" lon="-119.21380519866943" />
      <trkpt lat="38.299133777618408" lon="-119.21361207962036" />
      <trkpt lat="38.297481536865234" lon="-119.21279668807983" />
      <trkpt lat="38.296880722045898" lon="-119.21258211135864" />
      <trkpt lat="38.296408653259277" lon="-119.21249628067017" />
      <trkpt lat="38.29585075378418" lon="-119.21249628067017" />
      <trkpt lat="38.295013904571533" lon="-119.21266794204712" />
      <trkpt lat="38.292610645294189" lon="-119.21344041824341" />
      <trkpt lat="38.292202949523926" lon="-119.21356916427612" />
      <trkpt lat="38.28784704208374" lon="-119.21496391296387" />
      <trkpt lat="38.287374973297119" lon="-119.2151141166687" />
      <trkpt lat="38.27237606048584" lon="-119.22000646591187" />
      <trkpt lat="38.271946907043457" lon="-119.2201566696167" />
      <trkpt lat="38.269994258880615" lon="-119.22077894210815" />
      <trkpt lat="38.266818523406982" lon="-119.22183036804199" />
      <trkpt lat="38.265810012817383" lon="-119.22204494476318" />
      <trkpt lat="38.265037536621094" lon="-119.22213077545166" />
      <trkpt lat="38.263964653015137" lon="-119.22208786010742" />
      <trkpt lat="38.261368274688721" lon="-119.22193765640259" />
      <trkpt lat="38.260660171508789" lon="-119.22193765640259" />
      <trkpt lat="38.259222507476807" lon="-119.22185182571411" />
      <trkpt lat="38.258321285247803" lon="-119.22193765640259" />
      <trkpt lat="38.257548809051514" lon="-119.22213077545166" />
      <trkpt lat="38.256454467773438" lon="-119.22247409820557" />
      <trkpt lat="38.255767822265625" lon="-119.22271013259888" />
      <trkpt lat="38.255467414855957" lon="-119.22281742095947" />
      <trkpt lat="38.255188465118408" lon="-119.22309637069702" />
      <trkpt lat="38.255467414855957" lon="-119.22281742095947" />
      <trkpt lat="38.255767822265625" lon="-119.22271013259888" />
      <trkpt lat="38.256454467773438" lon="-119.22247409820557" />
      <trkpt lat="38.257548809051514" lon="-119.22213077545166" />
      <trkpt lat="38.257570266723633" lon="-119.22266721725464" />
      <trkpt lat="38.257677555084229" lon="-119.22294616699219" />
      <trkpt lat="38.258063793182373" lon="-119.22341823577881" />
      <trkpt lat="38.258235454559326" lon="-119.22371864318848" />
      <trkpt lat="38.258278369903564" lon="-119.22468423843384" />
      <trkpt lat="38.258278369903564" lon="-119.22517776489258" />
      <trkpt lat="38.258299827575684" lon="-119.22785997390747" />
      <trkpt lat="38.258321285247803" lon="-119.23144340515137" />
      <trkpt lat="38.257462978363037" lon="-119.23146486282349" />
      <trkpt lat="38.257462978363037" lon="-119.23674345016479" />
      <trkpt lat="38.257377147674561" lon="-119.23706531524658" />
      <trkpt lat="38.257420063018799" lon="-119.23770904541016" />
      <trkpt lat="38.257377147674561" lon="-119.24047708511353" />
      <trkpt lat="38.257420063018799" lon="-119.24288034439087" />
      <trkpt lat="38.257334232330322" lon="-119.26777124404907" />
      <trkpt lat="38.257355690002441" lon="-119.26978826522827" />
      <trkpt lat="38.257462978363037" lon="-119.27047491073608" />
      <trkpt lat="38.257656097412109" lon="-119.27101135253906" />
      <trkpt lat="38.257870674133301" lon="-119.27146196365356" />
      <trkpt lat="38.258235454559326" lon="-119.27199840545654" />
      <trkpt lat="38.259479999542236" lon="-119.27320003509521" />
      <trkpt lat="38.271946907043457" lon="-119.28510904312134" />
      <trkpt lat="38.276174068450928" lon="-119.28914308547974" />
      <trkpt lat="38.277440071105957" lon="-119.29051637649536" />
      <trkpt lat="38.278319835662842" lon="-119.29165363311768" />
      <trkpt lat="38.279092311859131" lon="-119.29287672042847" />
      <trkpt lat="38.281323909759521" lon="-119.29727554321289" />
      <trkpt lat="38.283040523529053" lon="-119.30066585540771" />
      <trkpt lat="38.28359842300415" lon="-119.30148124694824" />
      <trkpt lat="38.284006118774414" lon="-119.3019962310791" />
      <trkpt lat="38.284521102905273" lon="-119.30257558822632" />
      <trkpt lat="38.285057544708252" lon="-119.30306911468506" />
      <trkpt lat="38.288941383361816" lon="-119.30611610412598" />
      <trkpt lat="38.289370536804199" lon="-119.306480884552" />
      <trkpt lat="38.291752338409424" lon="-119.30851936340332" />
      <trkpt lat="38.292653560638428" lon="-119.30916309356689" />
      <trkpt lat="38.293662071228027" lon="-119.30965662002563" />
      <trkpt lat="38.296751976013184" lon="-119.31075096130371" />
      <trkpt lat="38.305377960205078" lon="-119.31379795074463" />
      <trkpt lat="38.30632209777832" lon="-119.31405544281006" />
      <trkpt lat="38.306987285614014" lon="-119.31414127349854" />
      <trkpt lat="38.307802677154541" lon="-119.31416273117065" />
      <trkpt lat="38.3158278465271" lon="-119.31388378143311" />
      <trkpt lat="38.317501544952393" lon="-119.31396961212158" />
      <trkpt lat="38.323681354522705" lon="-119.31514978408813" />
      <trkpt lat="38.325569629669189" lon="-119.31570768356323" />
      <trkpt lat="38.327908515930176" lon="-119.31665182113647" />
      <trkpt lat="38.34228515625" lon="-119.32317495346069" />
      <trkpt lat="38.343658447265625" lon="-119.32381868362427" />
      <trkpt lat="38.344452381134033" lon="-119.32439804077148" />
      <trkpt lat="38.345160484313965" lon="-119.32517051696777" />
      <trkpt lat="38.345568180084229" lon="-119.32574987411499" />
      <trkpt lat="38.345825672149658" lon="-119.32626485824585" />
      <trkpt lat="38.346190452575684" lon="-119.32716608047485" />
      <trkpt lat="38.346383571624756" lon="-119.32787418365479" />
      <trkpt lat="38.347413539886475" lon="-119.33431148529053" />
      <trkpt lat="38.348464965820313" lon="-119.3408989906311" />
      <trkpt lat="38.348851203918457" lon="-119.34379577636719" />
      <trkpt lat="38.348915576934814" lon="-119.34480428695679" />
      <trkpt lat="38.348937034606934" lon="-119.34581279754639" />
      <trkpt lat="38.348872661590576" lon="-119.34729337692261" />
      <trkpt lat="38.34876537322998" lon="-119.3484091758728" />
      <trkpt lat="38.348336219787598" lon="-119.3515419960022" />
      <trkpt lat="38.348228931427002" lon="-119.35265779495239" />
      <trkpt lat="38.348143100738525" lon="-119.354567527771" />
      <trkpt lat="38.348314762115479" lon="-119.35870885848999" />
      <trkpt lat="38.348486423492432" lon="-119.36190605163574" />
      <trkpt lat="38.348701000213623" lon="-119.36591863632202" />
      <trkpt lat="38.348808288574219" lon="-119.36815023422241" />
      <trkpt lat="38.348851203918457" lon="-119.36930894851685" />
      <trkpt lat="38.348872661590576" lon="-119.36978101730347" />
      <trkpt lat="38.348937034606934" lon="-119.37057495117187" />
      <trkpt lat="38.34928035736084" lon="-119.37763452529907" />
      <trkpt lat="38.349301815032959" lon="-119.38398599624634" />
      <trkpt lat="38.349323272705078" lon="-119.38486576080322" />
      <trkpt lat="38.349452018737793" lon="-119.3864107131958" />
      <trkpt lat="38.351747989654541" lon="-119.40020799636841" />
      <trkpt lat="38.352220058441162" lon="-119.40252542495728" />
      <trkpt lat="38.353614807128906" lon="-119.40947771072388" />
      <trkpt lat="38.354816436767578" lon="-119.41756725311279" />
      <trkpt lat="38.354988098144531" lon="-119.41864013671875" />
      <trkpt lat="38.35503101348877" lon="-119.41904783248901" />
      <trkpt lat="38.355288505554199" lon="-119.42091464996338" />
      <trkpt lat="38.355224132537842" lon="-119.42175149917603" />
      <trkpt lat="38.355073928833008" lon="-119.42235231399536" />
      <trkpt lat="38.354816436767578" lon="-119.42299604415894" />
      <trkpt lat="38.35451602935791" lon="-119.42348957061768" />
      <trkpt lat="38.354108333587646" lon="-119.42394018173218" />
      <trkpt lat="38.353378772735596" lon="-119.42460536956787" />
      <trkpt lat="38.353550434112549" lon="-119.42479848861694" />
      <trkpt lat="38.353829383850098" lon="-119.42475557327271" />
      <trkpt lat="38.354237079620361" lon="-119.42449808120728" />
      <trkpt lat="38.354537487030029" lon="-119.42421913146973" />
      <trkpt lat="38.354730606079102" lon="-119.4239616394043" />
      <trkpt lat="38.354966640472412" lon="-119.42351102828979" />
      <trkpt lat="38.355395793914795" lon="-119.42245960235596" />
      <trkpt lat="38.355631828308105" lon="-119.4214940071106" />
      <trkpt lat="38.355631828308105" lon="-119.4194769859314" />
      <trkpt lat="38.355395793914795" lon="-119.41844701766968" />
      <trkpt lat="38.355588912963867" lon="-119.41797494888306" />
      <trkpt lat="38.356060981750488" lon="-119.41715955734253" />
      <trkpt lat="38.356339931488037" lon="-119.41698789596558" />
      <trkpt lat="38.357434272766113" lon="-119.4174599647522" />
      <trkpt lat="38.360245227813721" lon="-119.41954135894775" />
      <trkpt lat="38.360588550567627" lon="-119.41984176635742" />
      <trkpt lat="38.361639976501465" lon="-119.42076444625854" />
      <trkpt lat="38.361940383911133" lon="-119.42089319229126" />
      <trkpt lat="38.36226224899292" lon="-119.42074298858643" />
      <trkpt lat="38.362798690795898" lon="-119.42074298858643" />
      <trkpt lat="38.363656997680664" lon="-119.42112922668457" />
      <trkpt lat="38.364579677581787" lon="-119.42190170288086" />
      <trkpt lat="38.368206024169922" lon="-119.42451953887939" />
      <trkpt lat="38.370072841644287" lon="-119.42565679550171" />
      <trkpt lat="38.372561931610107" lon="-119.42681550979614" />
      <trkpt lat="38.374514579772949" lon="-119.42754507064819" />
      <trkpt lat="38.375651836395264" lon="-119.42851066589355" />
      <trkpt lat="38.376595973968506" lon="-119.4294548034668" />
      <trkpt lat="38.379213809967041" lon="-119.43054914474487" />
      <trkpt lat="38.380286693572998" lon="-119.43072080612183" />
      <trkpt lat="38.383269309997559" lon="-119.42986249923706" />
      <trkpt lat="38.386187553405762" lon="-119.42784547805786" />
      <trkpt lat="38.387260437011719" lon="-119.42739486694336" />
      <trkpt lat="38.390672206878662" lon="-119.42664384841919" />
      <trkpt lat="38.391551971435547" lon="-119.42630052566528" />
      <trkpt lat="38.393440246582031" lon="-119.42490577697754" />
      <trkpt lat="38.394620418548584" lon="-119.42387580871582" />
      <trkpt lat="38.396315574645996" lon="-119.4219446182251" />
      <trkpt lat="38.397688865661621" lon="-119.42100048065186" />
      <trkpt lat="38.398633003234863" lon="-119.42067861557007" />
      <trkpt lat="38.401036262512207" lon="-119.42046403884888" />
      <trkpt lat="38.404490947723389" lon="-119.41971302032471" />
      <trkpt lat="38.40595006942749" lon="-119.41949844360352" />
      <trkpt lat="38.405864238739014" lon="-119.41861867904663" />
      <trkpt lat="38.40519905090332" lon="-119.41793203353882" />
      <trkpt lat="38.405005931854248" lon="-119.41765308380127" />
      <trkpt lat="38.404834270477295" lon="-119.41709518432617" />
      <trkpt lat="38.404662609100342" lon="-119.41621541976929" />
      <trkpt lat="38.404641151428223" lon="-119.41550731658936" />
      <trkpt lat="38.404512405395508" lon="-119.41503524780273" />
      <trkpt lat="38.404362201690674" lon="-119.41469192504883" />
      <trkpt lat="38.404083251953125" lon="-119.41441297531128" />
      <trkpt lat="38.403975963592529" lon="-119.41411256790161" />
      <trkpt lat="38.403911590576172" lon="-119.41327571868896" />
      <trkpt lat="38.404040336608887" lon="-119.41265344619751" />
      <trkpt lat="38.40395450592041" lon="-119.41226720809937" />
      <trkpt lat="38.403182029724121" lon="-119.41089391708374" />
      <trkpt lat="38.403139114379883" lon="-119.41033601760864" />
      <trkpt lat="38.403375148773193" lon="-119.4092845916748" />
      <trkpt lat="38.403396606445313" lon="-119.4089412689209" />
      <trkpt lat="38.403246402740479" lon="-119.40872669219971" />
      <trkpt lat="38.40296745300293" lon="-119.40853357315063" />
      <trkpt lat="38.402731418609619" lon="-119.40825462341309" />
      <trkpt lat="38.401873111724854" lon="-119.40769672393799" />
      <trkpt lat="38.401529788970947" lon="-119.40769672393799" />
      <trkpt lat="38.401079177856445" lon="-119.40743923187256" />
      <trkpt lat="38.400650024414063" lon="-119.40728902816772" />
      <trkpt lat="38.400285243988037" lon="-119.40679550170898" />
      <trkpt lat="38.399662971496582" lon="-119.40666675567627" />
      <trkpt lat="38.398654460906982" lon="-119.40619468688965" />
      <trkpt lat="38.397302627563477" lon="-119.40518617630005" />
      <trkpt lat="38.397045135498047" lon="-119.40484285354614" />
      <trkpt lat="38.396787643432617" lon="-119.40424203872681" />
      <trkpt lat="38.396637439727783" lon="-119.40308332443237" />
      <trkpt lat="38.396787643432617" lon="-119.40228939056396" />
      <trkpt lat="38.397152423858643" lon="-119.40125942230225" />
      <trkpt lat="38.397946357727051" lon="-119.40001487731934" />
      <trkpt lat="38.399598598480225" lon="-119.39808368682861" />
      <trkpt lat="38.400778770446777" lon="-119.39737558364868" />
      <trkpt lat="38.40120792388916" lon="-119.39720392227173" />
      <trkpt lat="38.401658535003662" lon="-119.39718246459961" />
      <trkpt lat="38.403611183166504" lon="-119.39540147781372" />
      <trkpt lat="38.40369701385498" lon="-119.39505815505981" />
      <trkpt lat="38.4037184715271" lon="-119.39467191696167" />
      <trkpt lat="38.403761386871338" lon="-119.39462900161743" />
      <trkpt lat="38.404040336608887" lon="-119.39501523971558" />
      <trkpt lat="38.404254913330078" lon="-119.39507961273193" />
      <trkpt lat="38.404598236083984" lon="-119.3948221206665" />
      <trkpt lat="38.404855728149414" lon="-119.3944787979126" />
      <trkpt lat="38.404941558837891" lon="-119.39419984817505" />
      <trkpt lat="38.404898643493652" lon="-119.39407110214233" />
      <trkpt lat="38.404512405395508" lon="-119.39377069473267" />
      <trkpt lat="38.404426574707031" lon="-119.39327716827393" />
      <trkpt lat="38.404426574707031" lon="-119.39299821853638" />
      <trkpt lat="38.405027389526367" lon="-119.39110994338989" />
      <trkpt lat="38.405563831329346" lon="-119.39010143280029" />
      <trkpt lat="38.406250476837158" lon="-119.38935041427612" />
      <trkpt lat="38.406422138214111" lon="-119.38894271850586" />
      <trkpt lat="38.406593799591064" lon="-119.38870668411255" />
      <trkpt lat="38.406593799591064" lon="-119.38817024230957" />
      <trkpt lat="38.406486511230469" lon="-119.38617467880249" />
      <trkpt lat="38.406529426574707" lon="-119.38589572906494" />
      <trkpt lat="38.407108783721924" lon="-119.38454389572144" />
      <trkpt lat="38.407773971557617" lon="-119.38400745391846" />
      <trkpt lat="38.408567905426025" lon="-119.38297748565674" />
      <trkpt lat="38.408653736114502" lon="-119.38274145126343" />
      <trkpt lat="38.408524990081787" lon="-119.38239812850952" />
      <trkpt lat="38.408975601196289" lon="-119.38153982162476" />
      <trkpt lat="38.409361839294434" lon="-119.38138961791992" />
      <trkpt lat="38.40994119644165" lon="-119.38081026077271" />
      <trkpt lat="38.410820960998535" lon="-119.3800163269043" />
      <trkpt lat="38.411099910736084" lon="-119.37911510467529" />
      <trkpt lat="38.411550521850586" lon="-119.37868595123291" />
      <trkpt lat="38.411872386932373" lon="-119.37810659408569" />
      <trkpt lat="38.412237167358398" lon="-119.37724828720093" />
      <trkpt lat="38.413374423980713" lon="-119.37293529510498" />
      <trkpt lat="38.413374423980713" lon="-119.37171220779419" />
      <trkpt lat="38.413546085357666" lon="-119.37040328979492" />
      <trkpt lat="38.413782119750977" lon="-119.37014579772949" />
      <trkpt lat="38.413846492767334" lon="-119.36978101730347" />
      <trkpt lat="38.413803577423096" lon="-119.36956644058228" />
      <trkpt lat="38.413846492767334" lon="-119.36926603317261" />
      <trkpt lat="38.414340019226074" lon="-119.3683648109436" />
      <trkpt lat="38.415069580078125" lon="-119.36748504638672" />
      <trkpt lat="38.415584564208984" lon="-119.36714172363281" />
      <trkpt lat="38.416571617126465" lon="-119.36664819717407" />
      <trkpt lat="38.417233116924763" lon="-119.36644686385989" />
      <trkpt lat="38.417558670043945" lon="-119.3663477897644" />
      <trkpt lat="38.417665958404541" lon="-119.36615467071533" />
      <trkpt lat="38.417708873748779" lon="-119.36563968658447" />
      <trkpt lat="38.417901992797852" lon="-119.36563968658447" />
      <trkpt lat="38.417837619781494" lon="-119.36611175537109" />
      <trkpt lat="38.417987823486328" lon="-119.3670129776001" />
      <trkpt lat="38.417730331420898" lon="-119.36800003051758" />
      <trkpt lat="38.417730331420898" lon="-119.36815023422241" />
      <trkpt lat="38.417859077453613" lon="-119.36840772628784" />
      <trkpt lat="38.418138027191162" lon="-119.36879396438599" />
      <trkpt lat="38.418374061584473" lon="-119.36900854110718" />
      <trkpt lat="38.418610095977783" lon="-119.3689227104187" />
      <trkpt lat="38.418889045715332" lon="-119.36855792999268" />
      <trkpt lat="38.419103622436523" lon="-119.36842918395996" />
      <trkpt lat="38.419468402862549" lon="-119.36845064163208" />
      <trkpt lat="38.420305252075195" lon="-119.36864376068115" />
      <trkpt lat="38.420734405517578" lon="-119.36845064163208" />
      <trkpt lat="38.421270847320557" lon="-119.36784982681274" />
      <trkpt lat="38.421592712402344" lon="-119.36729192733765" />
      <trkpt lat="38.422343730926514" lon="-119.36619758605957" />
      <trkpt lat="38.42268705368042" lon="-119.36604738235474" />
      <trkpt lat="38.42343807220459" lon="-119.36617612838745" />
      <trkpt lat="38.42369556427002" lon="-119.36628341674805" />
      <trkpt lat="38.424017429351807" lon="-119.36630487442017" />
      <trkpt lat="38.424146175384521" lon="-119.366455078125" />
      <trkpt lat="38.425283432006836" lon="-119.36731338500977" />
      <trkpt lat="38.426055908203125" lon="-119.36739921569824" />
      <trkpt lat="38.426399230957031" lon="-119.36748504638672" />
      <trkpt lat="38.426592350006104" lon="-119.36774253845215" />
      <trkpt lat="38.427000045776367" lon="-119.36866521835327" />
      <trkpt lat="38.427278995513916" lon="-119.3690299987793" />
      <trkpt lat="38.427751064300537" lon="-119.36926603317261" />
      <trkpt lat="38.428008556365967" lon="-119.36969518661499" />
      <trkpt lat="38.428201675415039" lon="-119.36988830566406" />
      <trkpt lat="38.42867374420166" lon="-119.37021017074585" />
      <trkpt lat="38.429231643676758" lon="-119.3703818321228" />
      <trkpt lat="38.429617881774902" lon="-119.37076807022095" />
      <trkpt lat="38.430368900299072" lon="-119.37111139297485" />
      <trkpt lat="38.430647850036621" lon="-119.37108993530273" />
      <trkpt lat="38.430862426757813" lon="-119.37100410461426" />
      <trkpt lat="38.431570529937744" lon="-119.37053203582764" />
      <trkpt lat="38.432128429412842" lon="-119.36965227127075" />
      <trkpt lat="38.432385921478271" lon="-119.36870813369751" />
      <trkpt lat="38.432450294494629" lon="-119.36862230300903" />
      <trkpt lat="38.433265686035156" lon="-119.36834335327148" />
      <trkpt lat="38.433630466461182" lon="-119.36782836914062" />
      <trkpt lat="38.433780670166016" lon="-119.36748504638672" />
      <trkpt lat="38.433823585510254" lon="-119.36731338500977" />
      <trkpt lat="38.433845043182373" lon="-119.36681985855103" />
      <trkpt lat="38.433866500854492" lon="-119.36448097229004" />
      <trkpt lat="38.433973789215088" lon="-119.36415910720825" />
      <trkpt lat="38.434188365936279" lon="-119.36400890350342" />
      <trkpt lat="38.435540199279785" lon="-119.3638801574707" />
      <trkpt lat="38.436012268066406" lon="-119.36377286911011" />
      <trkpt lat="38.436527252197266" lon="-119.36381578445435" />
      <trkpt lat="38.436806201934814" lon="-119.36347246170044" />
      <trkpt lat="38.43740701675415" lon="-119.36233520507812" />
      <trkpt lat="38.437492847442627" lon="-119.36231374740601" />
      <trkpt lat="38.437707424163818" lon="-119.36248540878296" />
      <trkpt lat="38.438565731048584" lon="-119.36237812042236" />
      <trkpt lat="38.438737392425537" lon="-119.36300039291382" />
      <trkpt lat="38.43916654586792" lon="-119.36330080032349" />
      <trkpt lat="38.439145088195801" lon="-119.36370849609375" />
      <trkpt lat="38.439080715179443" lon="-119.36383724212646" />
      <trkpt lat="38.439123630523682" lon="-119.36400890350342" />
      <trkpt lat="38.439767360687256" lon="-119.36495304107666" />
      <trkpt lat="38.441569805145264" lon="-119.36714172363281" />
      <trkpt lat="38.441720008850098" lon="-119.36722755432129" />
      <trkpt lat="38.441891670227051" lon="-119.36714172363281" />
      <trkpt lat="38.442299365997314" lon="-119.3663477897644" />
      <trkpt lat="38.442428112030029" lon="-119.36624050140381" />
      <trkpt lat="38.442728519439697" lon="-119.36626195907593" />
      <trkpt lat="38.443500995635986" lon="-119.36583280563354" />
      <trkpt lat="38.44440221786499" lon="-119.36566114425659" />
      <trkpt lat="38.444831371307373" lon="-119.36529636383057" />
      <trkpt lat="38.44489574432373" lon="-119.36531782150269" />
      <trkpt lat="38.444850062951446" lon="-119.36526845209301" />
      <trkpt lat="38.444638252258301" lon="-119.36503887176514" />
      <trkpt lat="38.444509506225586" lon="-119.36450242996216" />
      <trkpt lat="38.444466590881348" lon="-119.36405181884766" />
      <trkpt lat="38.444273471832275" lon="-119.36334371566772" />
      <trkpt lat="38.44416618347168" lon="-119.36203479766846" />
      <trkpt lat="38.443930149078369" lon="-119.36164855957031" />
      <trkpt lat="38.443951606750488" lon="-119.36134815216064" />
      <trkpt lat="38.443865776062012" lon="-119.36083316802979" />
      <trkpt lat="38.443885641172528" lon="-119.36067382805049" />
      <trkpt lat="38.44489574432373" lon="-119.35952425003052" />
      <trkpt lat="38.446977138519287" lon="-119.35772180557251" />
      <trkpt lat="38.447535037994385" lon="-119.35673475265503" />
      <trkpt lat="38.448286056518555" lon="-119.35576915740967" />
      <trkpt lat="38.448479175567627" lon="-119.35534000396729" />
      <trkpt lat="38.44890832901001" lon="-119.35480356216431" />
      <trkpt lat="38.450131416320801" lon="-119.35291528701782" />
      <trkpt lat="38.451204299926758" lon="-119.35209989547729" />
      <trkpt lat="38.451333045959473" lon="-119.35192823410034" />
      <trkpt lat="38.451333045959473" lon="-119.35171365737915" />
      <trkpt lat="38.450818061828613" lon="-119.35019016265869" />
      <trkpt lat="38.450796604156494" lon="-119.34993267059326" />
      <trkpt lat="38.450946807861328" lon="-119.34965372085571" />
      <trkpt lat="38.451011180877686" lon="-119.34898853302002" />
      <trkpt lat="38.451268672943115" lon="-119.34817314147949" />
      <trkpt lat="38.451225757598877" lon="-119.34782981872559" />
      <trkpt lat="38.451097011566162" lon="-119.34737920761108" />
      <trkpt lat="38.450860977172852" lon="-119.34679985046387" />
      <trkpt lat="38.45090389251709" lon="-119.34664964675903" />
      <trkpt lat="38.450753688812256" lon="-119.3463921546936" />
      <trkpt lat="38.450753688812256" lon="-119.34622049331665" />
      <trkpt lat="38.450839519500732" lon="-119.34600591659546" />
      <trkpt lat="38.450968265533447" lon="-119.34583425521851" />
      <trkpt lat="38.451247215270996" lon="-119.34572696685791" />
      <trkpt lat="38.451290130615234" lon="-119.34557676315308" />
      <trkpt lat="38.450968265533447" lon="-119.34486865997314" />
      <trkpt lat="38.450882434844971" lon="-119.34482574462891" />
      <trkpt lat="38.45064640045166" lon="-119.34484720230103" />
      <trkpt lat="38.450474739074707" lon="-119.34482574462891" />
      <trkpt lat="38.450260162353516" lon="-119.3445897102356" />
      <trkpt lat="38.450238704681396" lon="-119.344482421875" />
      <trkpt lat="38.450345993041992" lon="-119.34368848800659" />
      <trkpt lat="38.450431823730469" lon="-119.34338808059692" />
      <trkpt lat="38.450582027435303" lon="-119.34328079223633" />
      <trkpt lat="38.450710773468018" lon="-119.34306621551514" />
      <trkpt lat="38.450667858123779" lon="-119.34248685836792" />
      <trkpt lat="38.450689315795898" lon="-119.34225082397461" />
      <trkpt lat="38.45064640045166" lon="-119.34192895889282" />
      <trkpt lat="38.450517654418945" lon="-119.34149980545044" />
      <trkpt lat="38.450539112091064" lon="-119.34124231338501" />
      <trkpt lat="38.450324535369873" lon="-119.34085607528687" />
      <trkpt lat="38.450002670288086" lon="-119.34068441390991" />
      <trkpt lat="38.449873924255371" lon="-119.34021234512329" />
      <trkpt lat="38.449938297271729" lon="-119.34006214141846" />
      <trkpt lat="38.450067043304443" lon="-119.34001922607422" />
      <trkpt lat="38.45015287399292" lon="-119.33991193771362" />
      <trkpt lat="38.450324535369873" lon="-119.33937549591064" />
      <trkpt lat="38.450560569763184" lon="-119.33875322341919" />
      <trkpt lat="38.450582027435303" lon="-119.33840990066528" />
      <trkpt lat="38.450474739074707" lon="-119.33800220489502" />
      <trkpt lat="38.450474739074707" lon="-119.33761596679687" />
      <trkpt lat="38.450431823730469" lon="-119.33750867843628" />
      <trkpt lat="38.450281620025635" lon="-119.33737993240356" />
      <trkpt lat="38.450303077697754" lon="-119.3370795249939" />
      <trkpt lat="38.450431823730469" lon="-119.33705806732178" />
      <trkpt lat="38.450474739074707" lon="-119.3369722366333" />
      <trkpt lat="38.45041036605835" lon="-119.33677911758423" />
      <trkpt lat="38.450174331665039" lon="-119.33645725250244" />
      <trkpt lat="38.45015287399292" lon="-119.33632850646973" />
      <trkpt lat="38.450195789337158" lon="-119.33626413345337" />
      <trkpt lat="38.45041036605835" lon="-119.33615684509277" />
      <trkpt lat="38.450496196746826" lon="-119.33564186096191" />
      <trkpt lat="38.450474739074707" lon="-119.33547019958496" />
      <trkpt lat="38.450195789337158" lon="-119.33471918106079" />
      <trkpt lat="38.450195789337158" lon="-119.33448314666748" />
      <trkpt lat="38.450238704681396" lon="-119.33437585830688" />
      <trkpt lat="38.450860977172852" lon="-119.33403253555298" />
      <trkpt lat="38.451118469238281" lon="-119.33409690856934" />
      <trkpt lat="38.451461791992188" lon="-119.33407545089722" />
      <trkpt lat="38.451676368713379" lon="-119.33383941650391" />
      <trkpt lat="38.451762199401855" lon="-119.33362483978271" />
      <trkpt lat="38.451697826385498" lon="-119.33347463607788" />
      <trkpt lat="38.451011180877686" lon="-119.33287382125854" />
      <trkpt lat="38.450968265533447" lon="-119.33270215988159" />
      <trkpt lat="38.4511399269104" lon="-119.33250904083252" />
      <trkpt lat="38.451075553894043" lon="-119.33227300643921" />
      <trkpt lat="38.450818061828613" lon="-119.33216571807861" />
      <trkpt lat="38.450238704681396" lon="-119.33167219161987" />
      <trkpt lat="38.449938297271729" lon="-119.33175802230835" />
      <trkpt lat="38.449723720550537" lon="-119.33171510696411" />
      <trkpt lat="38.449702262878418" lon="-119.33150053024292" />
      <trkpt lat="38.449509143829346" lon="-119.33130741119385" />
      <trkpt lat="38.449594974517822" lon="-119.3310284614563" />
      <trkpt lat="38.449423313140869" lon="-119.33053493499756" />
      <trkpt lat="38.448886871337891" lon="-119.33014869689941" />
      <trkpt lat="38.448586463928223" lon="-119.32963371276855" />
      <trkpt lat="38.448436260223389" lon="-119.32950496673584" />
      <trkpt lat="38.448178768157959" lon="-119.32941913604736" />
      <trkpt lat="38.448028564453125" lon="-119.32898998260498" />
      <trkpt lat="38.44764232635498" lon="-119.32873249053955" />
      <trkpt lat="38.447320461273193" lon="-119.32860374450684" />
      <trkpt lat="38.447191715240479" lon="-119.32838916778564" />
      <trkpt lat="38.446998596191406" lon="-119.32823896408081" />
      <trkpt lat="38.446526527404785" lon="-119.32804584503174" />
      <trkpt lat="38.446440696716309" lon="-119.32774543762207" />
      <trkpt lat="38.445839881896973" lon="-119.32673692703247" />
      <trkpt lat="38.445539474487305" lon="-119.32635068893433" />
      <trkpt lat="38.445239067077637" lon="-119.32607173919678" />
      <trkpt lat="38.444681167602539" lon="-119.32590007781982" />
      <trkpt lat="38.444702625274658" lon="-119.32585716247559" />
      <trkpt lat="38.444960117340088" lon="-119.32572841644287" />
      <trkpt lat="38.445003032684326" lon="-119.32559967041016" />
      <trkpt lat="38.444766998291016" lon="-119.3255352973938" />
      <trkpt lat="38.444573879241943" lon="-119.32536363601685" />
      <trkpt lat="38.444337844848633" lon="-119.32532072067261" />
      <trkpt lat="38.444037437438965" lon="-119.3254280090332" />
      <trkpt lat="38.443629741668701" lon="-119.32512760162354" />
      <trkpt lat="38.443007469177246" lon="-119.3245267868042" />
      <trkpt lat="38.442084789276123" lon="-119.32422637939453" />
      <trkpt lat="38.442063331604004" lon="-119.32416200637817" />
      <trkpt lat="38.442084789276123" lon="-119.3240761756897" />
      <trkpt lat="38.442578315734863" lon="-119.32381868362427" />
      <trkpt lat="38.44290018081665" lon="-119.3235182762146" />
      <trkpt lat="38.44341516494751" lon="-119.32336807250977" />
      <trkpt lat="38.443822860717773" lon="-119.32315349578857" />
      <trkpt lat="38.444015979766846" lon="-119.32298183441162" />
      <trkpt lat="38.444359302520752" lon="-119.32287454605103" />
      <trkpt lat="38.444788455963135" lon="-119.32287454605103" />
      <trkpt lat="38.445796966552734" lon="-119.32231664657593" />
      <trkpt lat="38.445775508880615" lon="-119.32225227355957" />
      <trkpt lat="38.445239067077637" lon="-119.32184457778931" />
      <trkpt lat="38.444380760192871" lon="-119.32128667831421" />
      <trkpt lat="38.443801403045654" lon="-119.32126522064209" />
      <trkpt lat="38.443436622619629" lon="-119.32132959365845" />
      <trkpt lat="38.441977500915527" lon="-119.32087898254395" />
      <trkpt lat="38.441505432128906" lon="-119.3204927444458" />
      <trkpt lat="38.441398143768311" lon="-119.32034254074097" />
      <trkpt lat="38.441462516784668" lon="-119.32023525238037" />
      <trkpt lat="38.441526889801025" lon="-119.32019233703613" />
      <trkpt lat="38.441805839538574" lon="-119.32023525238037" />
      <trkpt lat="38.441934585571289" lon="-119.31997776031494" />
      <trkpt lat="38.44191312789917" lon="-119.31974172592163" />
      <trkpt lat="38.441762924194336" lon="-119.31963443756104" />
      <trkpt lat="38.441720008850098" lon="-119.31944131851196" />
      <trkpt lat="38.441762924194336" lon="-119.31914091110229" />
      <trkpt lat="38.441677093505859" lon="-119.31873321533203" />
      <trkpt lat="38.440582752227783" lon="-119.31686639785767" />
      <trkpt lat="38.440003395080566" lon="-119.31641578674316" />
      <trkpt lat="38.439638614654541" lon="-119.31592226028442" />
      <trkpt lat="38.43942403793335" lon="-119.31538581848145" />
      <trkpt lat="38.439359664916992" lon="-119.31514978408813" />
      <trkpt lat="38.438994884490967" lon="-119.31375503540039" />
      <trkpt lat="38.438801765441895" lon="-119.31272506713867" />
      <trkpt lat="38.438286781311035" lon="-119.31075096130371" />
      <trkpt lat="38.438308238983154" lon="-119.31060075759888" />
      <trkpt lat="38.438372611999512" lon="-119.31055784225464" />
      <trkpt lat="38.438694477081299" lon="-119.31045055389404" />
      <trkpt lat="38.438479900360107" lon="-119.31027889251709" />
      <trkpt lat="38.438329696655273" lon="-119.31002140045166" />
      <trkpt lat="38.438329696655273" lon="-119.30980682373047" />
      <trkpt lat="38.438479900360107" lon="-119.30909872055054" />
      <trkpt lat="38.438394069671631" lon="-119.30869102478027" />
      <trkpt lat="38.437728881835938" lon="-119.3074893951416" />
      <trkpt lat="38.437299728393555" lon="-119.30712461471558" />
      <trkpt lat="38.436827659606934" lon="-119.30650234222412" />
      <trkpt lat="38.436806201934814" lon="-119.30637359619141" />
      <trkpt lat="38.4366774559021" lon="-119.30622339248657" />
      <trkpt lat="38.436377048492432" lon="-119.30553674697876" />
      <trkpt lat="38.4366774559021" lon="-119.30622339248657" />
      <trkpt lat="38.436806201934814" lon="-119.30637359619141" />
      <trkpt lat="38.436827659606934" lon="-119.30650234222412" />
      <trkpt lat="38.437299728393555" lon="-119.30712461471558" />
      <trkpt lat="38.437728881835938" lon="-119.3074893951416" />
      <trkpt lat="38.438394069671631" lon="-119.30869102478027" />
      <trkpt lat="38.438479900360107" lon="-119.30909872055054" />
      <trkpt lat="38.438329696655273" lon="-119.30980682373047" />
      <trkpt lat="38.438329696655273" lon="-119.31002140045166" />
      <trkpt lat="38.438479900360107" lon="-119.31027889251709" />
      <trkpt lat="38.438694477081299" lon="-119.31045055389404" />
      <trkpt lat="38.438372611999512" lon="-119.31055784225464" />
      <trkpt lat="38.438308238983154" lon="-119.31060075759888" />
      <trkpt lat="38.438286781311035" lon="-119.31075096130371" />
      <trkpt lat="38.438801765441895" lon="-119.31272506713867" />
      <trkpt lat="38.438994884490967" lon="-119.31375503540039" />
      <trkpt lat="38.439359664916992" lon="-119.31514978408813" />
      <trkpt lat="38.43942403793335" lon="-119.31538581848145" />
      <trkpt lat="38.439638614654541" lon="-119.31592226028442" />
      <trkpt lat="38.440003395080566" lon="-119.31641578674316" />
      <trkpt lat="38.440582752227783" lon="-119.31686639785767" />
      <trkpt lat="38.441677093505859" lon="-119.31873321533203" />
      <trkpt lat="38.441762924194336" lon="-119.31914091110229" />
      <trkpt lat="38.441720008850098" lon="-119.31944131851196" />
      <trkpt lat="38.441762924194336" lon="-119.31963443756104" />
      <trkpt lat="38.44191312789917" lon="-119.31974172592163" />
      <trkpt lat="38.441934585571289" lon="-119.31997776031494" />
      <trkpt lat="38.441805839538574" lon="-119.32023525238037" />
      <trkpt lat="38.441526889801025" lon="-119.32019233703613" />
      <trkpt lat="38.441462516784668" lon="-119.32023525238037" />
      <trkpt lat="38.441398143768311" lon="-119.32034254074097" />
      <trkpt lat="38.441505432128906" lon="-119.3204927444458" />
      <trkpt lat="38.441977500915527" lon="-119.32087898254395" />
      <trkpt lat="38.443436622619629" lon="-119.32132959365845" />
      <trkpt lat="38.443801403045654" lon="-119.32126522064209" />
      <trkpt lat="38.444380760192871" lon="-119.32128667831421" />
      <trkpt lat="38.445239067077637" lon="-119.32184457778931" />
      <trkpt lat="38.445775508880615" lon="-119.32225227355957" />
      <trkpt lat="38.445796966552734" lon="-119.32231664657593" />
      <trkpt lat="38.444788455963135" lon="-119.32287454605103" />
      <trkpt lat="38.444359302520752" lon="-119.32287454605103" />
      <trkpt lat="38.444015979766846" lon="-119.32298183441162" />
      <trkpt lat="38.443822860717773" lon="-119.32315349578857" />
      <trkpt lat="38.44341516494751" lon="-119.32336807250977" />
      <trkpt lat="38.44290018081665" lon="-119.3235182762146" />
      <trkpt lat="38.442578315734863" lon="-119.32381868362427" />
      <trkpt lat="38.442084789276123" lon="-119.3240761756897" />
      <trkpt lat="38.442063331604004" lon="-119.32416200637817" />
      <trkpt lat="38.442084789276123" lon="-119.32422637939453" />
      <trkpt lat="38.443007469177246" lon="-119.3245267868042" />
      <trkpt lat="38.443629741668701" lon="-119.32512760162354" />
      <trkpt lat="38.444037437438965" lon="-119.3254280090332" />
      <trkpt lat="38.444337844848633" lon="-119.32532072067261" />
      <trkpt lat="38.444573879241943" lon="-119.32536363601685" />
      <trkpt lat="38.444766998291016" lon="-119.3255352973938" />
      <trkpt lat="38.445003032684326" lon="-119.32559967041016" />
      <trkpt lat="38.444960117340088" lon="-119.32572841644287" />
      <trkpt lat="38.444702625274658" lon="-119.32585716247559" />
      <trkpt lat="38.444681167602539" lon="-119.32590007781982" />
      <trkpt lat="38.445239067077637" lon="-119.32607173919678" />
      <trkpt lat="38.445539474487305" lon="-119.32635068893433" />
      <trkpt lat="38.445839881896973" lon="-119.32673692703247" />
      <trkpt lat="38.446440696716309" lon="-119.32774543762207" />
      <trkpt lat="38.446526527404785" lon="-119.32804584503174" />
      <trkpt lat="38.446998596191406" lon="-119.32823896408081" />
      <trkpt lat="38.447191715240479" lon="-119.32838916778564" />
      <trkpt lat="38.447320461273193" lon="-119.32860374450684" />
      <trkpt lat="38.44764232635498" lon="-119.32873249053955" />
      <trkpt lat="38.448028564453125" lon="-119.32898998260498" />
      <trkpt lat="38.448178768157959" lon="-119.32941913604736" />
      <trkpt lat="38.448436260223389" lon="-119.32950496673584" />
      <trkpt lat="38.448586463928223" lon="-119.32963371276855" />
      <trkpt lat="38.448886871337891" lon="-119.33014869689941" />
      <trkpt lat="38.449423313140869" lon="-119.33053493499756" />
      <trkpt lat="38.449594974517822" lon="-119.3310284614563" />
      <trkpt lat="38.449509143829346" lon="-119.33130741119385" />
      <trkpt lat="38.449702262878418" lon="-119.33150053024292" />
      <trkpt lat="38.449723720550537" lon="-119.33171510696411" />
      <trkpt lat="38.449938297271729" lon="-119.33175802230835" />
      <trkpt lat="38.450238704681396" lon="-119.33167219161987" />
      <trkpt lat="38.450818061828613" lon="-119.33216571807861" />
      <trkpt lat="38.451075553894043" lon="-119.33227300643921" />
      <trkpt lat="38.4511399269104" lon="-119.33250904083252" />
      <trkpt lat="38.450968265533447" lon="-119.33270215988159" />
      <trkpt lat="38.451011180877686" lon="-119.33287382125854" />
      <trkpt lat="38.451697826385498" lon="-119.33347463607788" />
      <trkpt lat="38.451762199401855" lon="-119.33362483978271" />
      <trkpt lat="38.451676368713379" lon="-119.33383941650391" />
      <trkpt lat="38.451461791992188" lon="-119.33407545089722" />
      <trkpt lat="38.451118469238281" lon="-119.33409690856934" />
      <trkpt lat="38.450860977172852" lon="-119.33403253555298" />
      <trkpt lat="38.450238704681396" lon="-119.33437585830688" />
      <trkpt lat="38.450195789337158" lon="-119.33448314666748" />
      <trkpt lat="38.450195789337158" lon="-119.33471918106079" />
      <trkpt lat="38.450474739074707" lon="-119.33547019958496" />
      <trkpt lat="38.450496196746826" lon="-119.33564186096191" />
      <trkpt lat="38.45041036605835" lon="-119.33615684509277" />
      <trkpt lat="38.450195789337158" lon="-119.33626413345337" />
      <trkpt lat="38.45015287399292" lon="-119.33632850646973" />
      <trkpt lat="38.450174331665039" lon="-119.33645725250244" />
      <trkpt lat="38.45041036605835" lon="-119.33677911758423" />
      <trkpt lat="38.450474739074707" lon="-119.3369722366333" />
      <trkpt lat="38.450431823730469" lon="-119.33705806732178" />
      <trkpt lat="38.450303077697754" lon="-119.3370795249939" />
      <trkpt lat="38.450281620025635" lon="-119.33737993240356" />
      <trkpt lat="38.450431823730469" lon="-119.33750867843628" />
      <trkpt lat="38.450474739074707" lon="-119.33761596679687" />
      <trkpt lat="38.450474739074707" lon="-119.33800220489502" />
      <trkpt lat="38.450582027435303" lon="-119.33840990066528" />
      <trkpt lat="38.450560569763184" lon="-119.33875322341919" />
      <trkpt lat="38.450324535369873" lon="-119.33937549591064" />
      <trkpt lat="38.45015287399292" lon="-119.33991193771362" />
      <trkpt lat="38.450067043304443" lon="-119.34001922607422" />
      <trkpt lat="38.449938297271729" lon="-119.34006214141846" />
      <trkpt lat="38.449873924255371" lon="-119.34021234512329" />
      <trkpt lat="38.450002670288086" lon="-119.34068441390991" />
      <trkpt lat="38.450324535369873" lon="-119.34085607528687" />
      <trkpt lat="38.450539112091064" lon="-119.34124231338501" />
      <trkpt lat="38.450517654418945" lon="-119.34149980545044" />
      <trkpt lat="38.45064640045166" lon="-119.34192895889282" />
      <trkpt lat="38.450689315795898" lon="-119.34225082397461" />
      <trkpt lat="38.450667858123779" lon="-119.34248685836792" />
      <trkpt lat="38.450710773468018" lon="-119.34306621551514" />
      <trkpt lat="38.450582027435303" lon="-119.34328079223633" />
      <trkpt lat="38.450431823730469" lon="-119.34338808059692" />
      <trkpt lat="38.450345993041992" lon="-119.34368848800659" />
      <trkpt lat="38.450238704681396" lon="-119.344482421875" />
      <trkpt lat="38.450260162353516" lon="-119.3445897102356" />
      <trkpt lat="38.450474739074707" lon="-119.34482574462891" />
      <trkpt lat="38.45064640045166" lon="-119.34484720230103" />
      <trkpt lat="38.450882434844971" lon="-119.34482574462891" />
      <trkpt lat="38.450968265533447" lon="-119.34486865997314" />
      <trkpt lat="38.451290130615234" lon="-119.34557676315308" />
      <trkpt lat="38.451247215270996" lon="-119.34572696685791" />
      <trkpt lat="38.450968265533447" lon="-119.34583425521851" />
      <trkpt lat="38.450839519500732" lon="-119.34600591659546" />
      <trkpt lat="38.450753688812256" lon="-119.34622049331665" />
      <trkpt lat="38.450753688812256" lon="-119.3463921546936" />
      <trkpt lat="38.45090389251709" lon="-119.34664964675903" />
      <trkpt lat="38.450860977172852" lon="-119.34679985046387" />
      <trkpt lat="38.451097011566162" lon="-119.34737920761108" />
      <trkpt lat="38.451225757598877" lon="-119.34782981872559" />
      <trkpt lat="38.451268672943115" lon="-119.34817314147949" />
      <trkpt lat="38.451011180877686" lon="-119.34898853302002" />
      <trkpt lat="38.450946807861328" lon="-119.34965372085571" />
      <trkpt lat="38.450796604156494" lon="-119.34993267059326" />
      <trkpt lat="38.450818061828613" lon="-119.35019016265869" />
      <trkpt lat="38.451333045959473" lon="-119.35171365737915" />
      <trkpt lat="38.451333045959473" lon="-119.35192823410034" />
      <trkpt lat="38.451204299926758" lon="-119.35209989547729" />
      <trkpt lat="38.450131416320801" lon="-119.35291528701782" />
      <trkpt lat="38.44890832901001" lon="-119.35480356216431" />
      <trkpt lat="38.448479175567627" lon="-119.35534000396729" />
      <trkpt lat="38.448286056518555" lon="-119.35576915740967" />
      <trkpt lat="38.447535037994385" lon="-119.35673475265503" />
      <trkpt lat="38.446977138519287" lon="-119.35772180557251" />
      <trkpt lat="38.44489574432373" lon="-119.35952425003052" />
      <trkpt lat="38.443887233734131" lon="-119.36066150665283" />
      <trkpt lat="38.443865776062012" lon="-119.36083316802979" />
      <trkpt lat="38.443951606750488" lon="-119.36134815216064" />
      <trkpt lat="38.443930149078369" lon="-119.36164855957031" />
      <trkpt lat="38.44416618347168" lon="-119.36203479766846" />
      <trkpt lat="38.444273471832275" lon="-119.36334371566772" />
      <trkpt lat="38.444466590881348" lon="-119.36405181884766" />
      <trkpt lat="38.444509506225586" lon="-119.36450242996216" />
      <trkpt lat="38.444530963897705" lon="-119.36557531356812" />
      <trkpt lat="38.44489574432373" lon="-119.36531782150269" />
      <trkpt lat="38.445088863372803" lon="-119.36531782150269" />
      <trkpt lat="38.445475101470947" lon="-119.36561822891235" />
      <trkpt lat="38.445625305175781" lon="-119.36585426330566" />
      <trkpt lat="38.44590425491333" lon="-119.36651945114136" />
      <trkpt lat="38.446204662322998" lon="-119.36694860458374" />
      <trkpt lat="38.446376323699951" lon="-119.36705589294434" />
      <trkpt lat="38.446698188781738" lon="-119.36714172363281" />
      <trkpt lat="38.446998596191406" lon="-119.36714172363281" />
      <trkpt lat="38.447105884552002" lon="-119.36705589294434" />
      <trkpt lat="38.448178768157959" lon="-119.36602592468262" />
      <trkpt lat="38.449037075042725" lon="-119.36538219451904" />
      <trkpt lat="38.449423313140869" lon="-119.36538219451904" />
      <trkpt lat="38.450174331665039" lon="-119.36578989028931" />
      <trkpt lat="38.450560569763184" lon="-119.36568260192871" />
      <trkpt lat="38.451032638549805" lon="-119.36536073684692" />
      <trkpt lat="38.45165491104126" lon="-119.36512470245361" />
      <trkpt lat="38.451955318450928" lon="-119.36495304107666" />
      <trkpt lat="38.453199863433838" lon="-119.36381578445435" />
      <trkpt lat="38.453564643859863" lon="-119.36330080032349" />
      <trkpt lat="38.454101085662842" lon="-119.36274290084839" />
      <trkpt lat="38.454766273498535" lon="-119.36188459396362" />
      <trkpt lat="38.455259799957275" lon="-119.36143398284912" />
      <trkpt lat="38.455517292022705" lon="-119.3610692024231" />
      <trkpt lat="38.456718921661377" lon="-119.35997486114502" />
      <trkpt lat="38.457856178283691" lon="-119.35924530029297" />
      <trkpt lat="38.458242416381836" lon="-119.35890197753906" />
      <trkpt lat="38.458735942840576" lon="-119.35862302780151" />
      <trkpt lat="38.459079265594482" lon="-119.35858011245728" />
      <trkpt lat="38.459851741790771" lon="-119.35858011245728" />
      <trkpt lat="38.460667133331299" lon="-119.35808658599854" />
      <trkpt lat="38.461246490478516" lon="-119.35759305953979" />
      <trkpt lat="38.461589813232422" lon="-119.35720682144165" />
      <trkpt lat="38.462276458740234" lon="-119.35669183731079" />
      <trkpt lat="38.462405204772949" lon="-119.35664892196655" />
      <trkpt lat="38.46264123916626" lon="-119.35664892196655" />
      <trkpt lat="38.463134765625" lon="-119.35684204101562" />
      <trkpt lat="38.463993072509766" lon="-119.35729265213013" />
      <trkpt lat="38.464550971984863" lon="-119.35763597488403" />
      <trkpt lat="38.465065956115723" lon="-119.35787200927734" />
      <trkpt lat="38.465516567230225" lon="-119.35815095901489" />
      <trkpt lat="38.465752601623535" lon="-119.35821533203125" />
      <trkpt lat="38.466117382049561" lon="-119.35825824737549" />
      <trkpt lat="38.466718196868896" lon="-119.35851573944092" />
      <trkpt lat="38.467319011688232" lon="-119.35834407806396" />
      <trkpt lat="38.46764087677002" lon="-119.35827970504761" />
      <trkpt lat="38.468091487884521" lon="-119.35802221298218" />
      <trkpt lat="38.46837043762207" lon="-119.35774326324463" />
      <trkpt lat="38.468949794769287" lon="-119.35739994049072" />
      <trkpt lat="38.470151424407959" lon="-119.35585498809814" />
      <trkpt lat="38.470773696899414" lon="-119.35534000396729" />
      <trkpt lat="38.471095561981201" lon="-119.35463190078735" />
      <trkpt lat="38.471395969390869" lon="-119.35407400131226" />
      <trkpt lat="38.471696376800537" lon="-119.35379505157471" />
      <trkpt lat="38.471803665161133" lon="-119.35353755950928" />
      <trkpt lat="38.472146987915039" lon="-119.3530011177063" />
      <trkpt lat="38.472533226013184" lon="-119.35274362564087" />
      <trkpt lat="38.472898006439209" lon="-119.35233592987061" />
      <trkpt lat="38.47437858581543" lon="-119.35137033462524" />
      <trkpt lat="38.47461462020874" lon="-119.35111284255981" />
      <trkpt lat="38.474807739257813" lon="-119.3509840965271" />
      <trkpt lat="38.475043773651123" lon="-119.35091972351074" />
      <trkpt lat="38.475387096405029" lon="-119.35055494308472" />
      <trkpt lat="38.475816249847412" lon="-119.35029745101929" />
      <trkpt lat="38.476266860961914" lon="-119.35003995895386" />
      <trkpt lat="38.477103710174561" lon="-119.34967517852783" />
      <trkpt lat="38.477768898010254" lon="-119.34956789016724" />
      <trkpt lat="38.478391170501709" lon="-119.34958934783936" />
      <trkpt lat="38.478906154632568" lon="-119.34971809387207" />
      <trkpt lat="38.480172157287598" lon="-119.34991121292114" />
      <trkpt lat="38.48060131072998" lon="-119.34988975524902" />
      <trkpt lat="38.480987548828125" lon="-119.34963226318359" />
      <trkpt lat="38.481910228729248" lon="-119.34933185577393" />
      <trkpt lat="38.482275009155273" lon="-119.34926748275757" />
      <trkpt lat="38.482511043548584" lon="-119.34928894042969" />
      <trkpt lat="38.483669757843018" lon="-119.34905290603638" />
      <trkpt lat="38.484141826629639" lon="-119.34911727905273" />
      <trkpt lat="38.484442234039307" lon="-119.3490743637085" />
      <trkpt lat="38.484635353088379" lon="-119.34913873672485" />
      <trkpt lat="38.485450744628906" lon="-119.34903144836426" />
      <trkpt lat="38.485922813415527" lon="-119.34909582138062" />
      <trkpt lat="38.486523628234863" lon="-119.34900999069214" />
      <trkpt lat="38.486652374267578" lon="-119.34905290603638" />
      <trkpt lat="38.487896919250488" lon="-119.34888124465942" />
      <trkpt lat="38.488218784332275" lon="-119.34877395629883" />
      <trkpt lat="38.488669395446777" lon="-119.34877395629883" />
      <trkpt lat="38.489141464233398" lon="-119.34868812561035" />
      <trkpt lat="38.489634990692139" lon="-119.34875249862671" />
      <trkpt lat="38.490815162658691" lon="-119.34900999069214" />
      <trkpt lat="38.4916090965271" lon="-119.34924602508545" />
      <trkpt lat="38.491930961608887" lon="-119.34920310974121" />
      <trkpt lat="38.492488861083984" lon="-119.34928894042969" />
      <trkpt lat="38.492681980133057" lon="-119.34924602508545" />
      <trkpt lat="38.49285364151001" lon="-119.34937477111816" />
      <trkpt lat="38.493304252624512" lon="-119.34946060180664" />
      <trkpt lat="38.494291305541992" lon="-119.34935331344604" />
      <trkpt lat="38.494977951049805" lon="-119.349524974823" />
      <trkpt lat="38.495664596557617" lon="-119.34946060180664" />
      <trkpt lat="38.495857715606689" lon="-119.34954643249512" />
      <trkpt lat="38.497381210327148" lon="-119.34961080551147" />
      <trkpt lat="38.499634265899658" lon="-119.3500828742981" />
      <trkpt lat="38.501157760620117" lon="-119.35055494308472" />
      <trkpt lat="38.5015869140625" lon="-119.35055494308472" />
      <trkpt lat="38.502166271209717" lon="-119.35079097747803" />
      <trkpt lat="38.50308895111084" lon="-119.35091972351074" />
      <trkpt lat="38.503282070159912" lon="-119.35102701187134" />
      <trkpt lat="38.505105972290039" lon="-119.35119867324829" />
      <trkpt lat="38.505599498748779" lon="-119.35117721557617" />
      <trkpt lat="38.50632905960083" lon="-119.35132741928101" />
      <trkpt lat="38.506886959075928" lon="-119.35113430023193" />
      <trkpt lat="38.507273197174072" lon="-119.35111284255981" />
      <trkpt lat="38.507423400878906" lon="-119.35102701187134" />
      <trkpt lat="38.508024215698242" lon="-119.3509840965271" />
      <trkpt lat="38.508346080780029" lon="-119.35102701187134" />
      <trkpt lat="38.508732318878174" lon="-119.35132741928101" />
      <trkpt lat="38.508946895599365" lon="-119.35171365737915" />
      <trkpt lat="38.509311676025391" lon="-119.35274362564087" />
      <trkpt lat="38.509504795074463" lon="-119.35328006744385" />
      <trkpt lat="38.509676456451416" lon="-119.35349464416504" />
      <trkpt lat="38.509998321533203" lon="-119.35415983200073" />
      <trkpt lat="38.510363101959229" lon="-119.35467481613159" />
      <trkpt lat="38.510470390319824" lon="-119.35488939285278" />
      <trkpt lat="38.510942459106445" lon="-119.35546875" />
      <trkpt lat="38.511157035827637" lon="-119.3560266494751" />
      <trkpt lat="38.511478900909424" lon="-119.35649871826172" />
      <trkpt lat="38.511714935302734" lon="-119.35707807540894" />
      <trkpt lat="38.51283073425293" lon="-119.35860157012939" />
      <trkpt lat="38.513023853302002" lon="-119.35885906219482" />
      <trkpt lat="38.513109683990479" lon="-119.35924530029297" />
      <trkpt lat="38.513174057006836" lon="-119.35937404632568" />
      <trkpt lat="38.514440059661865" lon="-119.36001777648926" />
      <trkpt lat="38.514719009399414" lon="-119.36027526855469" />
      <trkpt lat="38.514997959136963" lon="-119.36072587966919" />
      <trkpt lat="38.515191078186035" lon="-119.36089754104614" />
      <trkpt lat="38.515663146972656" lon="-119.3609619140625" />
      <trkpt lat="38.515877723693848" lon="-119.36089754104614" />
      <trkpt lat="38.516156673431396" lon="-119.36098337173462" />
      <trkpt lat="38.516650199890137" lon="-119.36087608337402" />
      <trkpt lat="38.517615795135498" lon="-119.36068296432495" />
      <trkpt lat="38.519332408905029" lon="-119.35993194580078" />
      <trkpt lat="38.519546985626221" lon="-119.35982465744019" />
      <trkpt lat="38.520276546478271" lon="-119.35963153839111" />
      <trkpt lat="38.521542549133301" lon="-119.3595027923584" />
      <trkpt lat="38.522164821624756" lon="-119.35965299606323" />
      <trkpt lat="38.522701263427734" lon="-119.3598461151123" />
      <trkpt lat="38.5235595703125" lon="-119.36001777648926" />
      <trkpt lat="38.523859977722168" lon="-119.35991048812866" />
      <trkpt lat="38.524975776672363" lon="-119.35982465744019" />
      <trkpt lat="38.525662422180176" lon="-119.35937404632568" />
      <trkpt lat="38.52581262588501" lon="-119.35930967330933" />
      <trkpt lat="38.525834921747446" lon="-119.35936331748962" />
      <trkpt lat="38.526499271392822" lon="-119.3609619140625" />
      <trkpt lat="38.526778221130371" lon="-119.36205625534058" />
      <trkpt lat="38.526928424835205" lon="-119.36227083206177" />
      <trkpt lat="38.527100086212158" lon="-119.3624210357666" />
      <trkpt lat="38.527185916900635" lon="-119.36261415481567" />
      <trkpt lat="38.527443408966064" lon="-119.36304330825806" />
      <trkpt lat="38.527657985687256" lon="-119.36368703842163" />
      <trkpt lat="38.527894020080566" lon="-119.36409473419189" />
      <trkpt lat="38.528001308441162" lon="-119.36420202255249" />
      <trkpt lat="38.528130054473877" lon="-119.36456680297852" />
      <trkpt lat="38.528494834899902" lon="-119.36516761779785" />
      <trkpt lat="38.528645038604736" lon="-119.36553239822388" />
      <trkpt lat="38.530018329620361" lon="-119.36789274215698" />
      <trkpt lat="38.531906604766846" lon="-119.37147617340088" />
      <trkpt lat="38.532271385192871" lon="-119.37201261520386" />
      <trkpt lat="38.532958030700684" lon="-119.37332153320313" />
      <trkpt lat="38.53330135345459" lon="-119.37383651733398" />
      <trkpt lat="38.533773422241211" lon="-119.37469482421875" />
      <trkpt lat="38.533902168273926" lon="-119.37490940093994" />
      <trkpt lat="38.533966541290283" lon="-119.3749737739563" />
      <trkpt lat="38.534266948699951" lon="-119.37566041946411" />
      <trkpt lat="38.535103797912598" lon="-119.37658309936523" />
      <trkpt lat="38.535490036010742" lon="-119.37684059143066" />
      <trkpt lat="38.535876274108887" lon="-119.37718391418457" />
      <trkpt lat="38.536005020141602" lon="-119.37722682952881" />
      <trkpt lat="38.537421226501465" lon="-119.37716245651245" />
      <trkpt lat="38.540661334991455" lon="-119.37619686126709" />
      <trkpt lat="38.541090488433838" lon="-119.37623977661133" />
      <trkpt lat="38.541734218597412" lon="-119.37666893005371" />
      <trkpt lat="38.541970252990723" lon="-119.37669038772583" />
      <trkpt lat="38.542227745056152" lon="-119.37690496444702" />
      <trkpt lat="38.542721271514893" lon="-119.37701225280762" />
      <trkpt lat="38.542957305908203" lon="-119.37718391418457" />
      <trkpt lat="38.543729782104492" lon="-119.37722682952881" />
      <trkpt lat="38.544244766235352" lon="-119.37714099884033" />
      <trkpt lat="38.544759750366211" lon="-119.37690496444702" />
      <trkpt lat="38.54503870010376" lon="-119.37690496444702" />
      <trkpt lat="38.545253276824951" lon="-119.37671184539795" />
      <trkpt lat="38.54703426361084" lon="-119.37591791152954" />
      <trkpt lat="38.547570705413818" lon="-119.37555313110352" />
      <trkpt lat="38.547935485839844" lon="-119.37518835067749" />
      <trkpt lat="38.548042774200439" lon="-119.37493085861206" />
      <trkpt lat="38.548171520233154" lon="-119.37488794326782" />
      <trkpt lat="38.549115657806396" lon="-119.37375068664551" />
      <trkpt lat="38.54928731918335" lon="-119.3734073638916" />
      <trkpt lat="38.549480438232422" lon="-119.37272071838379" />
      <trkpt lat="38.549544811248779" lon="-119.37261343002319" />
      <trkpt lat="38.549652099609375" lon="-119.37252759933472" />
      <trkpt lat="38.549973964691162" lon="-119.37259197235107" />
      <trkpt lat="38.550209999084473" lon="-119.37252759933472" />
      <trkpt lat="38.551046848297119" lon="-119.37192678451538" />
      <trkpt lat="38.551819324493408" lon="-119.3710470199585" />
      <trkpt lat="38.5520339012146" lon="-119.37076807022095" />
      <trkpt lat="38.552441596984863" lon="-119.36999559402466" />
      <trkpt lat="38.553106784820557" lon="-119.36909437179565" />
      <trkpt lat="38.553879261016846" lon="-119.36812877655029" />
      <trkpt lat="38.554115295410156" lon="-119.36806440353394" />
      <trkpt lat="38.554351329803467" lon="-119.36812877655029" />
      <trkpt lat="38.555080890655518" lon="-119.36860084533691" />
      <trkpt lat="38.555703163146973" lon="-119.36885833740234" />
      <trkpt lat="38.556067943572998" lon="-119.36920166015625" />
      <trkpt lat="38.556711673736572" lon="-119.36941623687744" />
      <trkpt lat="38.557033538818359" lon="-119.36945915222168" />
      <trkpt lat="38.557848930358887" lon="-119.36990976333618" />
      <trkpt lat="38.558320999145508" lon="-119.37010288238525" />
      <trkpt lat="38.558492660522461" lon="-119.37012434005737" />
      <trkpt lat="38.559093475341797" lon="-119.3699312210083" />
      <trkpt lat="38.559865951538086" lon="-119.36990976333618" />
      <trkpt lat="38.560295104980469" lon="-119.36986684799194" />
      <trkpt lat="38.560831546783447" lon="-119.36999559402466" />
      <trkpt lat="38.56226921081543" lon="-119.37008142471313" />
      <trkpt lat="38.563385009765625" lon="-119.37029600143433" />
      <trkpt lat="38.564286231994629" lon="-119.37023162841797" />
      <trkpt lat="38.56525182723999" lon="-119.37042474746704" />
      <trkpt lat="38.565788269042969" lon="-119.37061786651611" />
      <trkpt lat="38.566131591796875" lon="-119.3704891204834" />
      <trkpt lat="38.567075729370117" lon="-119.37014579772949" />
      <trkpt lat="38.567891120910645" lon="-119.37005996704102" />
      <trkpt lat="38.568620681762695" lon="-119.37016725540161" />
      <trkpt lat="38.569650650024414" lon="-119.37044620513916" />
      <trkpt lat="38.570830821990967" lon="-119.37025308609009" />
      <trkpt lat="38.57201099395752" lon="-119.36956644058228" />
      <trkpt lat="38.572118282318115" lon="-119.36952352523804" />
      <trkpt lat="38.572826385498047" lon="-119.36883687973022" />
      <trkpt lat="38.573040962219238" lon="-119.36875104904175" />
      <trkpt lat="38.573384284973145" lon="-119.36842918395996" />
      <trkpt lat="38.574070930480957" lon="-119.36808586120605" />
      <trkpt lat="38.574414253234863" lon="-119.36780691146851" />
      <trkpt lat="38.57473611831665" lon="-119.36739921569824" />
      <trkpt lat="38.574886322021484" lon="-119.36731338500977" />
      <trkpt lat="38.575530052185059" lon="-119.36731338500977" />
      <trkpt lat="38.577160835266113" lon="-119.3674635887146" />
      <trkpt lat="38.577547073364258" lon="-119.36767816543579" />
      <trkpt lat="38.578169345855713" lon="-119.36782836914062" />
      <trkpt lat="38.578405380249023" lon="-119.36804294586182" />
      <trkpt lat="38.578577041625977" lon="-119.36832189559937" />
      <trkpt lat="38.578641414642334" lon="-119.36849355697632" />
      <trkpt lat="38.578641414642334" lon="-119.36870813369751" />
      <trkpt lat="38.578469753265381" lon="-119.3689227104187" />
      <trkpt lat="38.578212261199951" lon="-119.3694806098938" />
      <trkpt lat="38.578813076019287" lon="-119.36995267868042" />
      <trkpt lat="38.57898473739624" lon="-119.37016725540161" />
      <trkpt lat="38.579328060150146" lon="-119.37018871307373" />
      <trkpt lat="38.58048677444458" lon="-119.37121868133545" />
      <trkpt lat="38.580508232116699" lon="-119.37126159667969" />
      <trkpt lat="38.580508232116699" lon="-119.37220573425293" />
      <trkpt lat="38.580572605133057" lon="-119.37272071838379" />
      <trkpt lat="38.580379486083984" lon="-119.37400817871094" />
      <trkpt lat="38.580272197723389" lon="-119.37445878982544" />
      <trkpt lat="38.579864501953125" lon="-119.37518835067749" />
      <trkpt lat="38.579864501953125" lon="-119.37536001205444" />
      <trkpt lat="38.579950332641602" lon="-119.37548875808716" />
      <trkpt lat="38.580164909362793" lon="-119.37546730041504" />
      <trkpt lat="38.580636978149414" lon="-119.37566041946411" />
      <trkpt lat="38.581087589263916" lon="-119.37613248825073" />
      <trkpt lat="38.581109046936035" lon="-119.37626123428345" />
      <trkpt lat="38.581066131591797" lon="-119.37671184539795" />
      <trkpt lat="38.581173419952393" lon="-119.37692642211914" />
      <trkpt lat="38.581302165985107" lon="-119.3773341178894" />
      <trkpt lat="38.581967353820801" lon="-119.37847137451172" />
      <trkpt lat="38.582310676574707" lon="-119.37924385070801" />
      <trkpt lat="38.582847118377686" lon="-119.37956571578979" />
      <trkpt lat="38.583126068115234" lon="-119.37963008880615" />
      <trkpt lat="38.583855628967285" lon="-119.37892198562622" />
      <trkpt lat="38.583962917327881" lon="-119.37896490097046" />
      <trkpt lat="38.584134578704834" lon="-119.37943696975708" />
      <trkpt lat="38.584306240081787" lon="-119.37969446182251" />
      <trkpt lat="38.584349155426025" lon="-119.37999486923218" />
      <trkpt lat="38.584220409393311" lon="-119.38031673431396" />
      <trkpt lat="38.584198951721191" lon="-119.38050985336304" />
      <trkpt lat="38.58424186706543" lon="-119.38076734542847" />
      <trkpt lat="38.584392070770264" lon="-119.38126087188721" />
      <trkpt lat="38.584392070770264" lon="-119.38205480575562" />
      <trkpt lat="38.584263324737549" lon="-119.38274145126343" />
      <trkpt lat="38.584585189819336" lon="-119.38499450683594" />
      <trkpt lat="38.585443496704102" lon="-119.38626050949097" />
      <trkpt lat="38.585615158081055" lon="-119.38645362854004" />
      <trkpt lat="38.58574390411377" lon="-119.38681840896606" />
      <trkpt lat="38.585958480834961" lon="-119.38688278198242" />
      <trkpt lat="38.586366176605225" lon="-119.38722610473633" />
      <trkpt lat="38.586537837982178" lon="-119.38729047775269" />
      <trkpt lat="38.586580753326416" lon="-119.38733339309692" />
      <trkpt lat="38.586945533752441" lon="-119.38709735870361" />
      <trkpt lat="38.587267398834229" lon="-119.38703298568726" />
      <trkpt lat="38.587696552276611" lon="-119.38716173171997" />
      <trkpt lat="38.588039875030518" lon="-119.38703298568726" />
      <trkpt lat="38.58849048614502" lon="-119.38729047775269" />
      <trkpt lat="38.588576316833496" lon="-119.38726902008057" />
      <trkpt lat="38.589284420013428" lon="-119.38771963119507" />
      <trkpt lat="38.589434623718262" lon="-119.38774108886719" />
      <trkpt lat="38.591108322143555" lon="-119.3879771232605" />
      <trkpt lat="38.591687679290771" lon="-119.38819169998169" />
      <trkpt lat="38.592417240142822" lon="-119.38819169998169" />
      <trkpt lat="38.593060970306396" lon="-119.38769817352295" />
      <trkpt lat="38.594756126403809" lon="-119.38617467880249" />
      <trkpt lat="38.595335483551025" lon="-119.38589572906494" />
      <trkpt lat="38.595571517944336" lon="-119.38548803329468" />
      <trkpt lat="38.596043586730957" lon="-119.38493013381958" />
      <trkpt lat="38.597030639648438" lon="-119.38490867614746" />
      <trkpt lat="38.59722375869751" lon="-119.38510179519653" />
      <trkpt lat="38.597545623779297" lon="-119.38525199890137" />
      <trkpt lat="38.597760200500488" lon="-119.38527345657349" />
      <trkpt lat="38.597888946533203" lon="-119.38514471054077" />
      <trkpt lat="38.59921932220459" lon="-119.3855094909668" />
      <trkpt lat="38.600420951843262" lon="-119.38613176345825" />
      <trkpt lat="38.601322174072266" lon="-119.38679695129395" />
      <trkpt lat="38.602352142333984" lon="-119.38720464706421" />
      <trkpt lat="38.602674007415771" lon="-119.38746213912964" />
      <trkpt lat="38.603403568267822" lon="-119.38823461532593" />
      <trkpt lat="38.603918552398682" lon="-119.38855648040771" />
      <trkpt lat="38.604090213775635" lon="-119.38877105712891" />
      <trkpt lat="38.604283332824707" lon="-119.38920021057129" />
      <trkpt lat="38.604776859283447" lon="-119.38960790634155" />
      <trkpt lat="38.605184555053711" lon="-119.39001560211182" />
      <trkpt lat="38.60621452331543" lon="-119.39055204391479" />
      <trkpt lat="38.606472015380859" lon="-119.39061641693115" />
      <trkpt lat="38.606772422790527" lon="-119.39050912857056" />
      <trkpt lat="38.607544898986816" lon="-119.39042329788208" />
      <trkpt lat="38.608617782592773" lon="-119.39040184020996" />
      <trkpt lat="38.609046936035156" lon="-119.39050912857056" />
      <trkpt lat="38.609347343444824" lon="-119.39068078994751" />
      <trkpt lat="38.609755039215088" lon="-119.39072370529175" />
      <trkpt lat="38.610119819641113" lon="-119.39087390899658" />
      <trkpt lat="38.611149787902832" lon="-119.39106702804565" />
      <trkpt lat="38.611922264099121" lon="-119.39171075820923" />
      <trkpt lat="38.612587451934814" lon="-119.39198970794678" />
      <trkpt lat="38.613102436065674" lon="-119.39203262329102" />
      <trkpt lat="38.613595962524414" lon="-119.39216136932373" />
      <trkpt lat="38.613746166229248" lon="-119.39239740371704" />
      <trkpt lat="38.614282608032227" lon="-119.39265489578247" />
      <trkpt lat="38.614540100097656" lon="-119.39295530319214" />
      <trkpt lat="38.614840507507324" lon="-119.39299821853638" />
      <trkpt lat="38.615055084228516" lon="-119.39319133758545" />
      <trkpt lat="38.615119457244873" lon="-119.39332008361816" />
      <trkpt lat="38.615269660949707" lon="-119.39362049102783" />
      <trkpt lat="38.615548610687256" lon="-119.39379215240479" />
      <trkpt lat="38.615763187408447" lon="-119.39417839050293" />
      <trkpt lat="38.61619234085083" lon="-119.39469337463379" />
      <trkpt lat="38.616793155670166" lon="-119.39512252807617" />
      <trkpt lat="38.618466854095459" lon="-119.3968391418457" />
      <trkpt lat="38.618831634521484" lon="-119.39731121063232" />
      <trkpt lat="38.620140552520752" lon="-119.3984055519104" />
      <trkpt lat="38.620548248291016" lon="-119.39883470535278" />
      <trkpt lat="38.620762825012207" lon="-119.3995213508606" />
      <trkpt lat="38.621277809143066" lon="-119.40044403076172" />
      <trkpt lat="38.62144947052002" lon="-119.40061569213867" />
      <trkpt lat="38.622307777404785" lon="-119.40117359161377" />
      <trkpt lat="38.622651100158691" lon="-119.40151691436768" />
      <trkpt lat="38.623101711273193" lon="-119.40213918685913" />
      <trkpt lat="38.623552322387695" lon="-119.40349102020264" />
      <trkpt lat="38.624861240386963" lon="-119.40555095672607" />
      <trkpt lat="38.625333309173584" lon="-119.40703153610229" />
      <trkpt lat="38.625204563140869" lon="-119.4078254699707" />
      <trkpt lat="38.62544059753418" lon="-119.4088339805603" />
      <trkpt lat="38.626019954681396" lon="-119.41042184829712" />
      <trkpt lat="38.626770973205566" lon="-119.41175222396851" />
      <trkpt lat="38.626985549926758" lon="-119.41215991973877" />
      <trkpt lat="38.627071380615234" lon="-119.41250324249268" />
      <trkpt lat="38.627243041992188" lon="-119.41445589065552" />
      <trkpt lat="38.627264499664307" lon="-119.41509962081909" />
      <trkpt lat="38.627629280090332" lon="-119.41612958908081" />
      <trkpt lat="38.628058433532715" lon="-119.41707372665405" />
      <trkpt lat="38.628337383270264" lon="-119.41827535629272" />
      <trkpt lat="38.628337383270264" lon="-119.41864013671875" />
      <trkpt lat="38.62818717956543" lon="-119.42035675048828" />
      <trkpt lat="38.628337383270264" lon="-119.42125797271729" />
      <trkpt lat="38.628616333007813" lon="-119.42209482192993" />
      <trkpt lat="38.62891674041748" lon="-119.42267417907715" />
      <trkpt lat="38.629088401794434" lon="-119.42333936691284" />
      <trkpt lat="38.629109859466553" lon="-119.42411184310913" />
      <trkpt lat="38.629968166351318" lon="-119.42621469497681" />
      <trkpt lat="38.631362915039063" lon="-119.42829608917236" />
      <trkpt lat="38.632264137268066" lon="-119.4288969039917" />
      <trkpt lat="38.632950782775879" lon="-119.42951917648315" />
      <trkpt lat="38.634560108184814" lon="-119.43065643310547" />
      <trkpt lat="38.634753227233887" lon="-119.43087100982666" />
      <trkpt lat="38.634860515594482" lon="-119.43102121353149" />
      <trkpt lat="38.635225296020508" lon="-119.43132162094116" />
      <trkpt lat="38.636126518249512" lon="-119.43258762359619" />
      <trkpt lat="38.636298179626465" lon="-119.43288803100586" />
      <trkpt lat="38.636512756347656" lon="-119.43320989608765" />
      <trkpt lat="38.636577129364014" lon="-119.43344593048096" />
      <trkpt lat="38.636598587036133" lon="-119.43368196487427" />
      <trkpt lat="38.636555671691895" lon="-119.43389654159546" />
      <trkpt lat="38.635718822479248" lon="-119.43999052047729" />
      <trkpt lat="38.635396957397461" lon="-119.44112777709961" />
      <trkpt lat="38.635032176971436" lon="-119.44166421890259" />
      <trkpt lat="38.634002208709717" lon="-119.44230794906616" />
      <trkpt lat="38.630998134613037" lon="-119.44621324539185" />
      <trkpt lat="38.629753589630127" lon="-119.4482946395874" />
      <trkpt lat="38.629410266876221" lon="-119.44876670837402" />
      <trkpt lat="38.629260063171387" lon="-119.44902420043945" />
      <trkpt lat="38.629088401794434" lon="-119.44936752319336" />
      <trkpt lat="38.628852367401123" lon="-119.44962501525879" />
      <trkpt lat="38.62818717956543" lon="-119.45005416870117" />
      <trkpt lat="38.627972602844238" lon="-119.45022583007812" />
      <trkpt lat="38.625741004943848" lon="-119.45181369781494" />
      <trkpt lat="38.622415065765381" lon="-119.4537878036499" />
      <trkpt lat="38.622028827667236" lon="-119.45402383804321" />
      <trkpt lat="38.62194299697876" lon="-119.45410966873169" />
      <trkpt lat="38.620805740356445" lon="-119.45492506027222" />
      <trkpt lat="38.620591163635254" lon="-119.45518255233765" />
      <trkpt lat="38.620290756225586" lon="-119.45578336715698" />
      <trkpt lat="38.61968994140625" lon="-119.45677042007446" />
      <trkpt lat="38.619453907012939" lon="-119.45698499679565" />
      <trkpt lat="38.619067668914795" lon="-119.45719957351685" />
      <trkpt lat="38.614540100097656" lon="-119.45816516876221" />
      <trkpt lat="38.613510131835938" lon="-119.4583797454834" />
      <trkpt lat="38.612158298492432" lon="-119.45865869522095" />
      <trkpt lat="38.608617782592773" lon="-119.45810079574585" />
      <trkpt lat="38.607373237609863" lon="-119.45805788040161" />
      <trkpt lat="38.606300354003906" lon="-119.45799350738525" />
      <trkpt lat="38.604669570922852" lon="-119.45786476135254" />
      <trkpt lat="38.604669570922852" lon="-119.46393728256226" />
      <trkpt lat="38.604669570922852" lon="-119.46646928787231" />
      <trkpt lat="38.604669570922852" lon="-119.46719884872437" />
      <trkpt lat="38.604669570922852" lon="-119.47069644927979" />
      <trkpt lat="38.60471248626709" lon="-119.48663949966431" />
      <trkpt lat="38.60471248626709" lon="-119.4933557510376" />
      <trkpt lat="38.604669570922852" lon="-119.49434280395508" />
      <trkpt lat="38.604412078857422" lon="-119.49515819549561" />
      <trkpt lat="38.603618144989014" lon="-119.49670314788818" />
      <trkpt lat="38.603253364562988" lon="-119.49751853942871" />
      <trkpt lat="38.603124618530273" lon="-119.49831247329712" />
      <trkpt lat="38.603188991546631" lon="-119.49949264526367" />
      <trkpt lat="38.603618144989014" lon="-119.50307607650757" />
      <trkpt lat="38.603811264038086" lon="-119.50374126434326" />
      <trkpt lat="38.604090213775635" lon="-119.50432062149048" />
      <trkpt lat="38.605613708496094" lon="-119.50655221939087" />
      <trkpt lat="38.605785369873047" lon="-119.50689554214478" />
      <trkpt lat="38.606643676757813" lon="-119.50953483581543" />
      <trkpt lat="38.607051372528076" lon="-119.51047897338867" />
      <trkpt lat="38.610098361968994" lon="-119.51547861099243" />
      <trkpt lat="38.610334396362305" lon="-119.51597213745117" />
      <trkpt lat="38.61046314239502" lon="-119.51642274856567" />
      <trkpt lat="38.610613346099854" lon="-119.51732397079468" />
      <trkpt lat="38.610656261444092" lon="-119.5176887512207" />
      <trkpt lat="38.610935211181641" lon="-119.51977014541626" />
      <trkpt lat="38.612887859344482" lon="-119.51946973800659" />
      <trkpt lat="38.616321086883545" lon="-119.51944828033447" />
      <trkpt lat="38.618552684783936" lon="-119.51951265335083" />
      <trkpt lat="38.619024753570557" lon="-119.51959848403931" />
      <trkpt lat="38.619561195373535" lon="-119.5198130607605" />
      <trkpt lat="38.620162010192871" lon="-119.52019929885864" />
      <trkpt lat="38.624539375305176" lon="-119.52333211898804" />
      <trkpt lat="38.625118732452393" lon="-119.52361106872559" />
      <trkpt lat="38.626041412353516" lon="-119.52380418777466" />
      <trkpt lat="38.627994060516357" lon="-119.52421188354492" />
      <trkpt lat="38.62868070602417" lon="-119.52434062957764" />
      <trkpt lat="38.629388809204102" lon="-119.52427625656128" />
      <trkpt lat="38.631641864776611" lon="-119.52361106872559" />
      <trkpt lat="38.632779121398926" lon="-119.52346086502075" />
      <trkpt lat="38.633551597595215" lon="-119.52352523803711" />
      <trkpt lat="38.634109497070313" lon="-119.52365398406982" />
      <trkpt lat="38.634881973266602" lon="-119.52393293380737" />
      <trkpt lat="38.635354042053223" lon="-119.52416896820068" />
      <trkpt lat="38.63816499710083" lon="-119.52592849731445" />
      <trkpt lat="38.641061782836914" lon="-119.52706575393677" />
      <trkpt lat="38.642435073852539" lon="-119.52719449996948" />
      <trkpt lat="38.643143177032471" lon="-119.52747344970703" />
      <trkpt lat="38.643550872802734" lon="-119.52762365341187" />
      <trkpt lat="38.643851280212402" lon="-119.52785968780518" />
      <trkpt lat="38.644173145294189" lon="-119.5282244682312" />
      <trkpt lat="38.645997047424316" lon="-119.52893257141113" />
      <trkpt lat="38.646748065948486" lon="-119.52936172485352" />
      <trkpt lat="38.647112846374512" lon="-119.52964067459106" />
      <trkpt lat="38.647863864898682" lon="-119.53039169311523" />
      <trkpt lat="38.648743629455566" lon="-119.53152894973755" />
      <trkpt lat="38.650331497192383" lon="-119.53352451324463" />
      <trkpt lat="38.650696277618408" lon="-119.53388929367065" />
      <trkpt lat="38.652327060699463" lon="-119.53530550003052" />
      <trkpt lat="38.653571605682373" lon="-119.53635692596436" />
      <trkpt lat="38.655159473419189" lon="-119.53740835189819" />
      <trkpt lat="38.65565299987793" lon="-119.53751564025879" />
      <trkpt lat="38.656511306762695" lon="-119.53738689422607" />
      <trkpt lat="38.656854629516602" lon="-119.53749418258667" />
      <trkpt lat="38.658721446990967" lon="-119.53856706619263" />
      <trkpt lat="38.659729957580566" lon="-119.53940391540527" />
      <trkpt lat="38.660223484039307" lon="-119.53972578048706" />
      <trkpt lat="38.660845756530762" lon="-119.53996181488037" />
      <trkpt lat="38.661940097808838" lon="-119.54024076461792" />
      <trkpt lat="38.662433624267578" lon="-119.54045534133911" />
      <trkpt lat="38.662734031677246" lon="-119.54073429107666" />
      <trkpt lat="38.663592338562012" lon="-119.54185009002686" />
      <trkpt lat="38.664064407348633" lon="-119.54232215881348" />
      <trkpt lat="38.666274547576904" lon="-119.54350233078003" />
      <trkpt lat="38.666810989379883" lon="-119.54395294189453" />
      <trkpt lat="38.667154312133789" lon="-119.54436063766479" />
      <trkpt lat="38.668205738067627" lon="-119.54607725143433" />
      <trkpt lat="38.668549060821533" lon="-119.54657077789307" />
      <trkpt lat="38.670287132263184" lon="-119.5482873916626" />
      <trkpt lat="38.670694828033447" lon="-119.54860925674438" />
      <trkpt lat="38.671145439147949" lon="-119.54886674880981" />
      <trkpt lat="38.672025203704834" lon="-119.54914569854736" />
      <trkpt lat="38.6728835105896" lon="-119.5491886138916" />
      <trkpt lat="38.673505783081055" lon="-119.54903841018677" />
      <trkpt lat="38.674900531768799" lon="-119.54856634140015" />
      <trkpt lat="38.675694465637207" lon="-119.54835176467896" />
      <trkpt lat="38.677775859832764" lon="-119.54824447631836" />
      <trkpt lat="38.678398132324219" lon="-119.54813718795776" />
      <trkpt lat="38.679449558258057" lon="-119.54790115356445" />
      <trkpt lat="38.680222034454346" lon="-119.54785823822021" />
      <trkpt lat="38.680758476257324" lon="-119.54794406890869" />
      <trkpt lat="38.681230545043945" lon="-119.54807281494141" />
      <trkpt lat="38.681638240814209" lon="-119.54820156097412" />
      <trkpt lat="38.6818528175354" lon="-119.5482873916626" />
      <trkpt lat="38.682711124420166" lon="-119.54843759536743" />
      <trkpt lat="38.685779571533203" lon="-119.54852342605591" />
      <trkpt lat="38.686122894287109" lon="-119.54852342605591" />
      <trkpt lat="38.687582015991211" lon="-119.54854488372803" />
      <trkpt lat="38.692495822906494" lon="-119.54852342605591" />
      <trkpt lat="38.693933486938477" lon="-119.54856634140015" />
      <trkpt lat="38.694055359810591" lon="-119.54857765696943" />
      <trkpt lat="38.69405091740191" lon="-119.54865594394505" />
      <trkpt lat="38.694055359810591" lon="-119.54857765696943" />
      <trkpt lat="38.693933486938477" lon="-119.54856634140015" />
      <trkpt lat="38.692495822906494" lon="-119.54852342605591" />
      <trkpt lat="38.687582015991211" lon="-119.54854488372803" />
      <trkpt lat="38.686122894287109" lon="-119.54852342605591" />
      <trkpt lat="38.685779571533203" lon="-119.54852342605591" />
      <trkpt lat="38.682711124420166" lon="-119.54843759536743" />
      <trkpt lat="38.682560920715332" lon="-119.54852342605591" />
      <trkpt lat="38.682346343994141" lon="-119.5486307144165" />
      <trkpt lat="38.682153224945068" lon="-119.54860925674438" />
      <trkpt lat="38.682045936584473" lon="-119.54858779907227" />
      <trkpt lat="38.681702613830566" lon="-119.5482873916626" />
      <trkpt lat="38.681638240814209" lon="-119.54820156097412" />
      <trkpt lat="38.681230545043945" lon="-119.54807281494141" />
      <trkpt lat="38.680758476257324" lon="-119.54794406890869" />
      <trkpt lat="38.680222034454346" lon="-119.54785823822021" />
      <trkpt lat="38.679449558258057" lon="-119.54790115356445" />
      <trkpt lat="38.678398132324219" lon="-119.54813718795776" />
      <trkpt lat="38.677775859832764" lon="-119.54824447631836" />
      <trkpt lat="38.675694465637207" lon="-119.54835176467896" />
      <trkpt lat="38.674900531768799" lon="-119.54856634140015" />
      <trkpt lat="38.673505783081055" lon="-119.54903841018677" />
      <trkpt lat="38.6728835105896" lon="-119.5491886138916" />
      <trkpt lat="38.672025203704834" lon="-119.54914569854736" />
      <trkpt lat="38.671145439147949" lon="-119.54886674880981" />
      <trkpt lat="38.670694828033447" lon="-119.54860925674438" />
      <trkpt lat="38.670287132263184" lon="-119.5482873916626" />
      <trkpt lat="38.668549060821533" lon="-119.54657077789307" />
      <trkpt lat="38.668205738067627" lon="-119.54607725143433" />
      <trkpt lat="38.667154312133789" lon="-119.54436063766479" />
      <trkpt lat="38.666810989379883" lon="-119.54395294189453" />
      <trkpt lat="38.666274547576904" lon="-119.54350233078003" />
      <trkpt lat="38.664064407348633" lon="-119.54232215881348" />
      <trkpt lat="38.663592338562012" lon="-119.54185009002686" />
      <trkpt lat="38.662734031677246" lon="-119.54073429107666" />
      <trkpt lat="38.662433624267578" lon="-119.54045534133911" />
      <trkpt lat="38.661940097808838" lon="-119.54024076461792" />
      <trkpt lat="38.660845756530762" lon="-119.53996181488037" />
      <trkpt lat="38.660223484039307" lon="-119.53972578048706" />
      <trkpt lat="38.659729957580566" lon="-119.53940391540527" />
      <trkpt lat="38.658721446990967" lon="-119.53856706619263" />
      <trkpt lat="38.656854629516602" lon="-119.53749418258667" />
      <trkpt lat="38.656511306762695" lon="-119.53738689422607" />
      <trkpt lat="38.65565299987793" lon="-119.53751564025879" />
      <trkpt lat="38.655159473419189" lon="-119.53740835189819" />
      <trkpt lat="38.653571605682373" lon="-119.53635692596436" />
      <trkpt lat="38.652327060699463" lon="-119.53530550003052" />
      <trkpt lat="38.650696277618408" lon="-119.53388929367065" />
      <trkpt lat="38.650331497192383" lon="-119.53352451324463" />
      <trkpt lat="38.648743629455566" lon="-119.53152894973755" />
      <trkpt lat="38.647863864898682" lon="-119.53039169311523" />
      <trkpt lat="38.647112846374512" lon="-119.52964067459106" />
      <trkpt lat="38.646748065948486" lon="-119.52936172485352" />
      <trkpt lat="38.645997047424316" lon="-119.52893257141113" />
      <trkpt lat="38.644173145294189" lon="-119.5282244682312" />
      <trkpt lat="38.643453307449818" lon="-119.52793646603823" />
      <trkpt lat="38.643319951370358" lon="-119.52848296612501" />
      <trkpt lat="38.643453307449818" lon="-119.52793646603823" />
      <trkpt lat="38.64267110824585" lon="-119.52762365341187" />
      <trkpt lat="38.642091751098633" lon="-119.5313572883606" />
      <trkpt lat="38.641941547393799" lon="-119.53223705291748" />
      <trkpt lat="38.64192008972168" lon="-119.53279495239258" />
      <trkpt lat="38.64215612411499" lon="-119.53384637832642" />
      <trkpt lat="38.64215612411499" lon="-119.53446865081787" />
      <trkpt lat="38.642263412475586" lon="-119.53500509262085" />
      <trkpt lat="38.642306327819824" lon="-119.53560590744019" />
      <trkpt lat="38.642392158508301" lon="-119.5358419418335" />
      <trkpt lat="38.642606735229492" lon="-119.5361852645874" />
      <trkpt lat="38.643057346343994" lon="-119.5366358757019" />
      <trkpt lat="38.643250465393066" lon="-119.53710794448853" />
      <trkpt lat="38.643271923065186" lon="-119.53742980957031" />
      <trkpt lat="38.643186092376709" lon="-119.53770875930786" />
      <trkpt lat="38.643078804016113" lon="-119.53790187835693" />
      <trkpt lat="38.642499446868896" lon="-119.5382022857666" />
      <trkpt lat="38.642349243164063" lon="-119.53835248947144" />
      <trkpt lat="38.642241954803467" lon="-119.53858852386475" />
      <trkpt lat="38.642134666442871" lon="-119.53895330429077" />
      <trkpt lat="38.642177581787109" lon="-119.53957557678223" />
      <trkpt lat="38.642134666442871" lon="-119.53998327255249" />
      <trkpt lat="38.642005920410156" lon="-119.54026222229004" />
      <trkpt lat="38.641726970672607" lon="-119.54062700271606" />
      <trkpt lat="38.641555309295654" lon="-119.54092741012573" />
      <trkpt lat="38.641448020935059" lon="-119.54127073287964" />
      <trkpt lat="38.641426563262939" lon="-119.54159259796143" />
      <trkpt lat="38.641576766967773" lon="-119.54210758209229" />
      <trkpt lat="38.641963005065918" lon="-119.54283714294434" />
      <trkpt lat="38.642241954803467" lon="-119.543137550354" />
      <trkpt lat="38.642714023590088" lon="-119.54339504241943" />
      <trkpt lat="38.642885684967041" lon="-119.54354524612427" />
      <trkpt lat="38.642971515655518" lon="-119.54373836517334" />
      <trkpt lat="38.643014430999756" lon="-119.54408168792725" />
      <trkpt lat="38.64290714263916" lon="-119.54444646835327" />
      <trkpt lat="38.642370700836182" lon="-119.54511165618896" />
      <trkpt lat="38.642220497131348" lon="-119.54539060592651" />
      <trkpt lat="38.641297817230225" lon="-119.54770803451538" />
      <trkpt lat="38.641147613525391" lon="-119.54820156097412" />
      <trkpt lat="38.641147613525391" lon="-119.54852342605591" />
      <trkpt lat="38.641211986541748" lon="-119.54890966415405" />
      <trkpt lat="38.642134666442871" lon="-119.55099105834961" />
      <trkpt lat="38.642370700836182" lon="-119.55172061920166" />
      <trkpt lat="38.642499446868896" lon="-119.55234289169312" />
      <trkpt lat="38.642606735229492" lon="-119.55285787582397" />
      <trkpt lat="38.643014430999756" lon="-119.55491781234741" />
      <trkpt lat="38.64290714263916" lon="-119.55657005310059" />
      <trkpt lat="38.642950057983398" lon="-119.55689191818237" />
      <trkpt lat="38.643078804016113" lon="-119.55721378326416" />
      <trkpt lat="38.643336296081543" lon="-119.55755710601807" />
      <trkpt lat="38.643829822540283" lon="-119.55805063247681" />
      <trkpt lat="38.645074367523193" lon="-119.55957412719727" />
      <trkpt lat="38.646576404571533" lon="-119.56066846847534" />
      <trkpt lat="38.646919727325439" lon="-119.56120491027832" />
      <trkpt lat="38.647069931030273" lon="-119.56167697906494" />
      <trkpt lat="38.647198677062988" lon="-119.5630931854248" />
      <trkpt lat="38.647348880767822" lon="-119.56393003463745" />
      <trkpt lat="38.647820949554443" lon="-119.56601142883301" />
      <trkpt lat="38.64814281463623" lon="-119.56693410873413" />
      <trkpt lat="38.648529052734375" lon="-119.56757783889771" />
      <trkpt lat="38.649301528930664" lon="-119.56843614578247" />
      <trkpt lat="38.650610446929932" lon="-119.57028150558472" />
      <trkpt lat="38.651189804077148" lon="-119.57129001617432" />
      <trkpt lat="38.651790618896484" lon="-119.57268476486206" />
      <trkpt lat="38.651962280273438" lon="-119.57350015640259" />
      <trkpt lat="38.652069568634033" lon="-119.57483053207397" />
      <trkpt lat="38.652262687683105" lon="-119.57547426223755" />
      <trkpt lat="38.652541637420654" lon="-119.57607507705688" />
      <trkpt lat="38.653013706207275" lon="-119.57667589187622" />
      <trkpt lat="38.654065132141113" lon="-119.57762002944946" />
      <trkpt lat="38.654322624206543" lon="-119.57798480987549" />
      <trkpt lat="38.654494285583496" lon="-119.57839250564575" />
      <trkpt lat="38.655052185058594" lon="-119.58002328872681" />
      <trkpt lat="38.655180931091309" lon="-119.5805811882019" />
      <trkpt lat="38.655202388763428" lon="-119.581139087677" />
      <trkpt lat="38.655009269714355" lon="-119.58253383636475" />
      <trkpt lat="38.654966354370117" lon="-119.58334922790527" />
      <trkpt lat="38.655245304107666" lon="-119.58613872528076" />
      <trkpt lat="38.655717372894287" lon="-119.58817720413208" />
      <trkpt lat="38.655760288238525" lon="-119.58860635757446" />
      <trkpt lat="38.655760288238525" lon="-119.58905696868896" />
      <trkpt lat="38.655695915222168" lon="-119.58946466445923" />
      <trkpt lat="38.655567169189453" lon="-119.58989381790161" />
      <trkpt lat="38.655159473419189" lon="-119.59088087081909" />
      <trkpt lat="38.655052185058594" lon="-119.59137439727783" />
      <trkpt lat="38.655052185058594" lon="-119.59176063537598" />
      <trkpt lat="38.65513801574707" lon="-119.5926833152771" />
      <trkpt lat="38.654944896697998" lon="-119.59388494491577" />
      <trkpt lat="38.654944896697998" lon="-119.5942497253418" />
      <trkpt lat="38.655245304107666" lon="-119.59564447402954" />
      <trkpt lat="38.655288219451904" lon="-119.59676027297974" />
      <trkpt lat="38.655374050140381" lon="-119.59703922271729" />
      <trkpt lat="38.655545711517334" lon="-119.59721088409424" />
      <trkpt lat="38.655803203582764" lon="-119.59725379943848" />
      <trkpt lat="38.656082153320313" lon="-119.59714651107788" />
      <trkpt lat="38.656232357025146" lon="-119.59695339202881" />
      <trkpt lat="38.656296730041504" lon="-119.59669589996338" />
      <trkpt lat="38.656296730041504" lon="-119.59648132324219" />
      <trkpt lat="38.655974864959717" lon="-119.59512948989868" />
      <trkpt lat="38.655931949615479" lon="-119.59476470947266" />
      <trkpt lat="38.655974864959717" lon="-119.59431409835815" />
      <trkpt lat="38.656082153320313" lon="-119.59399223327637" />
      <trkpt lat="38.656425476074219" lon="-119.59341287612915" />
      <trkpt lat="38.657970428466797" lon="-119.5917820930481" />
      <trkpt lat="38.658099174499512" lon="-119.59143877029419" />
      <trkpt lat="38.658099174499512" lon="-119.59030151367187" />
      <trkpt lat="38.658227920532227" lon="-119.58980798721313" />
      <trkpt lat="38.658463954925537" lon="-119.58944320678711" />
      <trkpt lat="38.659408092498779" lon="-119.58867073059082" />
      <trkpt lat="38.659729957580566" lon="-119.58826303482056" />
      <trkpt lat="38.660116195678711" lon="-119.58744764328003" />
      <trkpt lat="38.660373687744141" lon="-119.58605289459229" />
      <trkpt lat="38.660545349121094" lon="-119.58583831787109" />
      <trkpt lat="38.660717010498047" lon="-119.58577394485474" />
      <trkpt lat="38.660931587219238" lon="-119.58581686019897" />
      <trkpt lat="38.661103248596191" lon="-119.58596706390381" />
      <trkpt lat="38.661210536956787" lon="-119.586181640625" />
      <trkpt lat="38.661253452301025" lon="-119.58643913269043" />
      <trkpt lat="38.661210536956787" lon="-119.58667516708374" />
      <trkpt lat="38.660910129547119" lon="-119.58721160888672" />
      <trkpt lat="38.660759925842285" lon="-119.58766222000122" />
      <trkpt lat="38.660738468170166" lon="-119.5887565612793" />
      <trkpt lat="38.660416603088379" lon="-119.58970069885254" />
      <trkpt lat="38.660266399383545" lon="-119.5907735824585" />
      <trkpt lat="38.660073280334473" lon="-119.59165334701538" />
      <trkpt lat="38.660180568695068" lon="-119.5922327041626" />
      <trkpt lat="38.660459518432617" lon="-119.59289789199829" />
      <trkpt lat="38.660523891448975" lon="-119.59315538406372" />
      <trkpt lat="38.660459518432617" lon="-119.59437847137451" />
      <trkpt lat="38.66063117980957" lon="-119.59536552429199" />
      <trkpt lat="38.660802841186523" lon="-119.5957088470459" />
      <trkpt lat="38.661081790924072" lon="-119.59592342376709" />
      <trkpt lat="38.661403656005859" lon="-119.59598779678345" />
      <trkpt lat="38.661918640136719" lon="-119.59590196609497" />
      <trkpt lat="38.66239070892334" lon="-119.59573030471802" />
      <trkpt lat="38.663613796234131" lon="-119.59476470947266" />
      <trkpt lat="38.664085865020752" lon="-119.59433555603027" />
      <trkpt lat="38.664193153381348" lon="-119.5941424369812" />
      <trkpt lat="38.664300441741943" lon="-119.59384202957153" />
      <trkpt lat="38.664300441741943" lon="-119.59347724914551" />
      <trkpt lat="38.663978576660156" lon="-119.59176063537598" />
      <trkpt lat="38.663935661315918" lon="-119.59135293960571" />
      <trkpt lat="38.663978576660156" lon="-119.59100961685181" />
      <trkpt lat="38.664064407348633" lon="-119.59081649780273" />
      <trkpt lat="38.66438627243042" lon="-119.59047317504883" />
      <trkpt lat="38.665115833282471" lon="-119.59023714065552" />
      <trkpt lat="38.665266036987305" lon="-119.59015130996704" />
      <trkpt lat="38.665437698364258" lon="-119.58989381790161" />
      <trkpt lat="38.665716648101807" lon="-119.58931446075439" />
      <trkpt lat="38.666210174560547" lon="-119.58886384963989" />
      <trkpt lat="38.666403293609619" lon="-119.58862781524658" />
      <trkpt lat="38.666532039642334" lon="-119.5881986618042" />
      <trkpt lat="38.666510581970215" lon="-119.58716869354248" />
      <trkpt lat="38.666574954986572" lon="-119.58693265914917" />
      <trkpt lat="38.666789531707764" lon="-119.58650350570679" />
      <trkpt lat="38.667283058166504" lon="-119.58577394485474" />
      <trkpt lat="38.667497634887695" lon="-119.58551645278931" />
      <trkpt lat="38.667969703674316" lon="-119.58534479141235" />
      <trkpt lat="38.668591976165771" lon="-119.58534479141235" />
      <trkpt lat="38.668828010559082" lon="-119.58530187606812" />
      <trkpt lat="38.669729232788086" lon="-119.58482980728149" />
      <trkpt lat="38.670029640197754" lon="-119.5847225189209" />
      <trkpt lat="38.670415878295898" lon="-119.5847225189209" />
      <trkpt lat="38.670716285705566" lon="-119.58487272262573" />
      <trkpt lat="38.671059608459473" lon="-119.585280418396" />
      <trkpt lat="38.671660423278809" lon="-119.58654642105103" />
      <trkpt lat="38.672003746032715" lon="-119.58716869354248" />
      <trkpt lat="38.672432899475098" lon="-119.58770513534546" />
      <trkpt lat="38.672647476196289" lon="-119.58787679672241" />
      <trkpt lat="38.675780296325684" lon="-119.59004402160645" />
      <trkpt lat="38.677239418029785" lon="-119.59137439727783" />
      <trkpt lat="38.677732944488525" lon="-119.59171772003174" />
      <trkpt lat="38.678076267242432" lon="-119.59188938140869" />
      <trkpt lat="38.678548336029053" lon="-119.59199666976929" />
      <trkpt lat="38.679599761962891" lon="-119.59208250045776" />
      <trkpt lat="38.680007457733154" lon="-119.5922327041626" />
      <trkpt lat="38.680286407470703" lon="-119.59244728088379" />
      <trkpt lat="38.680737018585205" lon="-119.59298372268677" />
      <trkpt lat="38.681058883666992" lon="-119.59373474121094" />
      <trkpt lat="38.681337833404541" lon="-119.59506511688232" />
      <trkpt lat="38.68135929107666" lon="-119.59555864334106" />
      <trkpt lat="38.681294918060303" lon="-119.59618091583252" />
      <trkpt lat="38.68110179901123" lon="-119.59699630737305" />
      <trkpt lat="38.680758476257324" lon="-119.59766149520874" />
      <trkpt lat="38.680565357208252" lon="-119.59796190261841" />
      <trkpt lat="38.680200576782227" lon="-119.59834814071655" />
      <trkpt lat="38.675286769866943" lon="-119.6027684211731" />
      <trkpt lat="38.674664497375488" lon="-119.60362672805786" />
      <trkpt lat="38.674278259277344" lon="-119.60450649261475" />
      <trkpt lat="38.674042224884033" lon="-119.60530042648315" />
      <trkpt lat="38.673934936523438" lon="-119.60581541061401" />
      <trkpt lat="38.673806190490723" lon="-119.60869073867798" />
      <trkpt lat="38.673763275146484" lon="-119.60982799530029" />
      <trkpt lat="38.673806190490723" lon="-119.61036443710327" />
      <trkpt lat="38.674321174621582" lon="-119.61457014083862" />
      <trkpt lat="38.674514293670654" lon="-119.61523532867432" />
      <trkpt lat="38.67462158203125" lon="-119.61551427841187" />
      <trkpt lat="38.674793243408203" lon="-119.61579322814941" />
      <trkpt lat="38.676187992095947" lon="-119.61847543716431" />
      <trkpt lat="38.676338195800781" lon="-119.61881875991821" />
      <trkpt lat="38.676424026489258" lon="-119.61916208267212" />
      <trkpt lat="38.676445484161377" lon="-119.61956977844238" />
      <trkpt lat="38.6763596534729" lon="-119.620041847229" />
      <trkpt lat="38.67612361907959" lon="-119.62049245834351" />
      <trkpt lat="38.675758838653564" lon="-119.62100744247437" />
      <trkpt lat="38.674407005310059" lon="-119.62278842926025" />
      <trkpt lat="38.670716285705566" lon="-119.62772369384766" />
      <trkpt lat="38.668355941772461" lon="-119.63085651397705" />
      <trkpt lat="38.667261600494385" lon="-119.63265895843506" />
      <trkpt lat="38.667004108428955" lon="-119.63313102722168" />
      <trkpt lat="38.666918277740479" lon="-119.63358163833618" />
      <trkpt lat="38.666918277740479" lon="-119.63390350341797" />
      <trkpt lat="38.667025566101074" lon="-119.635169506073" />
      <trkpt lat="38.667004108428955" lon="-119.63555574417114" />
      <trkpt lat="38.66687536239624" lon="-119.63592052459717" />
      <trkpt lat="38.666424751281738" lon="-119.63643550872803" />
      <trkpt lat="38.666274547576904" lon="-119.6367359161377" />
      <trkpt lat="38.666231632232666" lon="-119.63712215423584" />
      <trkpt lat="38.666253089904785" lon="-119.63817358016968" />
      <trkpt lat="38.666145801544189" lon="-119.63862419128418" />
      <trkpt lat="38.665866851806641" lon="-119.63894605636597" />
      <trkpt lat="38.66462230682373" lon="-119.63948249816895" />
      <trkpt lat="38.66438627243042" lon="-119.63971853256226" />
      <trkpt lat="38.664236068725586" lon="-119.64004039764404" />
      <trkpt lat="38.664214611053467" lon="-119.64051246643066" />
      <trkpt lat="38.664300441741943" lon="-119.64087724685669" />
      <trkpt lat="38.664472103118896" lon="-119.64119911193848" />
      <trkpt lat="38.665287494659424" lon="-119.64227199554443" />
      <trkpt lat="38.665416240692139" lon="-119.64252948760986" />
      <trkpt lat="38.665695190429688" lon="-119.64398860931396" />
      <trkpt lat="38.665781021118164" lon="-119.64428901672363" />
      <trkpt lat="38.665931224822998" lon="-119.64452505111694" />
      <trkpt lat="38.6663818359375" lon="-119.64501857757568" />
      <trkpt lat="38.666682243347168" lon="-119.64546918869019" />
      <trkpt lat="38.666789531707764" lon="-119.64591979980469" />
      <trkpt lat="38.666810989379883" lon="-119.64658498764038" />
      <trkpt lat="38.666853904724121" lon="-119.64682102203369" />
      <trkpt lat="38.667755126953125" lon="-119.64855909347534" />
      <trkpt lat="38.66811990737915" lon="-119.64898824691772" />
      <trkpt lat="38.668828010559082" lon="-119.64928865432739" />
      <trkpt lat="38.668999671936035" lon="-119.64946031570435" />
      <trkpt lat="38.66912841796875" lon="-119.64965343475342" />
      <trkpt lat="38.669257164001465" lon="-119.6500825881958" />
      <trkpt lat="38.669536113739014" lon="-119.65177774429321" />
      <trkpt lat="38.669664859771729" lon="-119.65207815170288" />
      <trkpt lat="38.669922351837158" lon="-119.65235710144043" />
      <trkpt lat="38.670587539672852" lon="-119.65272188186646" />
      <trkpt lat="38.670823574066162" lon="-119.653000831604" />
      <trkpt lat="38.671188354492188" lon="-119.65375185012817" />
      <trkpt lat="38.671424388885498" lon="-119.65405225753784" />
      <trkpt lat="38.671875" lon="-119.65445995330811" />
      <trkpt lat="38.672475814819336" lon="-119.65488910675049" />
      <trkpt lat="38.672819137573242" lon="-119.65525388717651" />
      <trkpt lat="38.673441410064697" lon="-119.65626239776611" />
      <trkpt lat="38.673527240753174" lon="-119.65662717819214" />
      <trkpt lat="38.673527240753174" lon="-119.65690612792969" />
      <trkpt lat="38.673462867736816" lon="-119.65716361999512" />
      <trkpt lat="38.673312664031982" lon="-119.65746402740479" />
      <trkpt lat="38.671317100524902" lon="-119.65999603271484" />
      <trkpt lat="38.671166896820068" lon="-119.66023206710815" />
      <trkpt lat="38.671102523803711" lon="-119.66046810150146" />
      <trkpt lat="38.671081066131592" lon="-119.66081142425537" />
      <trkpt lat="38.671166896820068" lon="-119.66109037399292" />
      <trkpt lat="38.671638965606689" lon="-119.66184139251709" />
      <trkpt lat="38.671660423278809" lon="-119.66216325759888" />
      <trkpt lat="38.67161750793457" lon="-119.66280698776245" />
      <trkpt lat="38.671660423278809" lon="-119.66304302215576" />
      <trkpt lat="38.671789169311523" lon="-119.66325759887695" />
      <trkpt lat="38.672046661376953" lon="-119.66351509094238" />
      <trkpt lat="38.672175407409668" lon="-119.66381549835205" />
      <trkpt lat="38.672175407409668" lon="-119.66415882110596" />
      <trkpt lat="38.672089576721191" lon="-119.66439485549927" />
      <trkpt lat="38.671145439147949" lon="-119.66568231582642" />
      <trkpt lat="38.670845031738281" lon="-119.6660041809082" />
      <trkpt lat="38.670608997344971" lon="-119.66615438461304" />
      <trkpt lat="38.669836521148682" lon="-119.66626167297363" />
      <trkpt lat="38.669042587280273" lon="-119.66679811477661" />
      <trkpt lat="38.668420314788818" lon="-119.66722726821899" />
      <trkpt lat="38.667948246002197" lon="-119.66735601425171" />
      <trkpt lat="38.664944171905518" lon="-119.66752767562866" />
      <trkpt lat="38.664686679840088" lon="-119.66748476028442" />
      <trkpt lat="38.664364814758301" lon="-119.66731309890747" />
      <trkpt lat="38.663785457611084" lon="-119.66669082641602" />
      <trkpt lat="38.663334846496582" lon="-119.66641187667847" />
      <trkpt lat="38.660438060760498" lon="-119.6649956703186" />
      <trkpt lat="38.657970428466797" lon="-119.66435194015503" />
      <trkpt lat="38.657670021057129" lon="-119.66433048248291" />
      <trkpt lat="38.657455444335938" lon="-119.66437339782715" />
      <trkpt lat="38.657090663909912" lon="-119.66458797454834" />
      <trkpt lat="38.656811714172363" lon="-119.6649956703186" />
      <trkpt lat="38.656661510467529" lon="-119.66540336608887" />
      <trkpt lat="38.656661510467529" lon="-119.66598272323608" />
      <trkpt lat="38.656790256500244" lon="-119.66645479202271" />
      <trkpt lat="38.657927513122559" lon="-119.66872930526733" />
      <trkpt lat="38.658056259155273" lon="-119.66930866241455" />
      <trkpt lat="38.658077716827393" lon="-119.66995239257812" />
      <trkpt lat="38.657970428466797" lon="-119.67057466506958" />
      <trkpt lat="38.657777309417725" lon="-119.67111110687256" />
      <trkpt lat="38.657498359680176" lon="-119.6714973449707" />
      <trkpt lat="38.65715503692627" lon="-119.67179775238037" />
      <trkpt lat="38.656768798828125" lon="-119.67203378677368" />
      <trkpt lat="38.656554222106934" lon="-119.67226982116699" />
      <trkpt lat="38.655674457550049" lon="-119.67340707778931" />
      <trkpt lat="38.655459880828857" lon="-119.67383623123169" />
      <trkpt lat="38.655374050140381" lon="-119.67428684234619" />
      <trkpt lat="38.6553955078125" lon="-119.67465162277222" />
      <trkpt lat="38.655867576599121" lon="-119.67615365982056" />
      <trkpt lat="38.656189441680908" lon="-119.67686176300049" />
      <trkpt lat="38.65739107131958" lon="-119.67894315719604" />
      <trkpt lat="38.658678531646729" lon="-119.68003749847412" />
      <trkpt lat="38.659064769744873" lon="-119.68048810958862" />
      <trkpt lat="38.660931587219238" lon="-119.68480110168457" />
      <trkpt lat="38.661231994628906" lon="-119.68512296676636" />
      <trkpt lat="38.66187572479248" lon="-119.68542337417603" />
      <trkpt lat="38.662090301513672" lon="-119.68565940856934" />
      <trkpt lat="38.662261962890625" lon="-119.68608856201172" />
      <trkpt lat="38.662412166595459" lon="-119.68737602233887" />
      <trkpt lat="38.662562370300293" lon="-119.68774080276489" />
      <trkpt lat="38.662862777709961" lon="-119.6880841255188" />
      <trkpt lat="38.664042949676514" lon="-119.68917846679687" />
      <trkpt lat="38.66513729095459" lon="-119.69061613082886" />
      <trkpt lat="38.665287494659424" lon="-119.69087362289429" />
      <trkpt lat="38.665716648101807" lon="-119.69209671020508" />
      <trkpt lat="38.665845394134521" lon="-119.69304084777832" />
      <trkpt lat="38.665823936462402" lon="-119.69415664672852" />
      <trkpt lat="38.665738105773926" lon="-119.6945858001709" />
      <trkpt lat="38.665480613708496" lon="-119.6954870223999" />
      <trkpt lat="38.66539478302002" lon="-119.69606637954712" />
      <trkpt lat="38.665480613708496" lon="-119.69668865203857" />
      <trkpt lat="38.665845394134521" lon="-119.69778299331665" />
      <trkpt lat="38.665931224822998" lon="-119.69836235046387" />
      <trkpt lat="38.665802478790283" lon="-119.69934940338135" />
      <trkpt lat="38.665802478790283" lon="-119.69971418380737" />
      <trkpt lat="38.665974140167236" lon="-119.70065832138062" />
      <trkpt lat="38.666017055511475" lon="-119.70130205154419" />
      <trkpt lat="38.665995597839355" lon="-119.70201015472412" />
      <trkpt lat="38.665823936462402" lon="-119.70252513885498" />
      <trkpt lat="38.665695190429688" lon="-119.70286846160889" />
      <trkpt lat="38.665652275085449" lon="-119.70325469970703" />
      <trkpt lat="38.665802478790283" lon="-119.70439195632935" />
      <trkpt lat="38.665781021118164" lon="-119.70482110977173" />
      <trkpt lat="38.665652275085449" lon="-119.70520734786987" />
      <trkpt lat="38.665201663970947" lon="-119.70595836639404" />
      <trkpt lat="38.665072917938232" lon="-119.70632314682007" />
      <trkpt lat="38.665051460266113" lon="-119.7065806388855" />
      <trkpt lat="38.665158748626709" lon="-119.70746040344238" />
      <trkpt lat="38.665094375610352" lon="-119.70801830291748" />
      <trkpt lat="38.664901256561279" lon="-119.70846891403198" />
      <trkpt lat="38.664729595184326" lon="-119.70868349075317" />
      <trkpt lat="38.664064407348633" lon="-119.7090482711792" />
      <trkpt lat="38.66389274597168" lon="-119.70921993255615" />
      <trkpt lat="38.663699626922607" lon="-119.70958471298218" />
      <trkpt lat="38.663227558135986" lon="-119.71091508865356" />
      <trkpt lat="38.66262674331665" lon="-119.71168756484985" />
      <trkpt lat="38.662497997283936" lon="-119.71222400665283" />
      <trkpt lat="38.662433624267578" lon="-119.71421957015991" />
      <trkpt lat="38.662326335906982" lon="-119.71484184265137" />
      <trkpt lat="38.662219047546387" lon="-119.71514225006104" />
      <trkpt lat="38.661746978759766" lon="-119.71602201461792" />
      <trkpt lat="38.660931587219238" lon="-119.71803903579712" />
      <trkpt lat="38.66013765335083" lon="-119.71939086914062" />
      <trkpt lat="38.65964412689209" lon="-119.72136497497559" />
      <trkpt lat="38.659493923187256" lon="-119.72166538238525" />
      <trkpt lat="38.659236431121826" lon="-119.72203016281128" />
      <trkpt lat="38.65915060043335" lon="-119.72228765487671" />
      <trkpt lat="38.65912914276123" lon="-119.72245931625366" />
      <trkpt lat="38.65915060043335" lon="-119.72278118133545" />
      <trkpt lat="38.659300804138184" lon="-119.72310304641724" />
      <trkpt lat="38.659579753875732" lon="-119.72333908081055" />
      <trkpt lat="38.660266399383545" lon="-119.72378969192505" />
      <trkpt lat="38.660459518432617" lon="-119.72411155700684" />
      <trkpt lat="38.660523891448975" lon="-119.7244119644165" />
      <trkpt lat="38.660523891448975" lon="-119.72473382949829" />
      <trkpt lat="38.660416603088379" lon="-119.72561359405518" />
      <trkpt lat="38.660566806793213" lon="-119.72623586654663" />
      <trkpt lat="38.660566806793213" lon="-119.72649335861206" />
      <trkpt lat="38.660159111022949" lon="-119.72627878189087" />
      <trkpt lat="38.659708499908447" lon="-119.72615003585815" />
      <trkpt lat="38.659236431121826" lon="-119.72599983215332" />
      <trkpt lat="38.65889310836792" lon="-119.7259783744812" />
      <trkpt lat="38.658657073974609" lon="-119.72582817077637" />
      <trkpt lat="38.658528327941895" lon="-119.72567796707153" />
      <trkpt lat="38.658549785614014" lon="-119.72593545913696" />
      <trkpt lat="38.658828735351563" lon="-119.72621440887451" />
      <trkpt lat="38.65953566506505" lon="-119.72646812908351" />
      <trkpt lat="38.658828735351563" lon="-119.72621440887451" />
      <trkpt lat="38.658549785614014" lon="-119.72593545913696" />
      <trkpt lat="38.658528327941895" lon="-119.72567796707153" />
      <trkpt lat="38.658421039581299" lon="-119.7254204750061" />
      <trkpt lat="38.658421039581299" lon="-119.72516298294067" />
      <trkpt lat="38.658056259155273" lon="-119.72456216812134" />
      <trkpt lat="38.657670021057129" lon="-119.72430467605591" />
      <trkpt lat="38.65715503692627" lon="-119.72428321838379" />
      <trkpt lat="38.656833171844482" lon="-119.72439050674438" />
      <trkpt lat="38.6564040184021" lon="-119.72464799880981" />
      <trkpt lat="38.656082153320313" lon="-119.72464799880981" />
      <trkpt lat="38.655867576599121" lon="-119.72454071044922" />
      <trkpt lat="38.655331134796143" lon="-119.72393989562988" />
      <trkpt lat="38.654923439025879" lon="-119.72383260726929" />
      <trkpt lat="38.654515743255615" lon="-119.72389698028564" />
      <trkpt lat="38.654193878173828" lon="-119.72400426864624" />
      <trkpt lat="38.653550148010254" lon="-119.72449779510498" />
      <trkpt lat="38.653228282928467" lon="-119.72464799880981" />
      <trkpt lat="38.652756214141846" lon="-119.72477674484253" />
      <trkpt lat="38.652305603027344" lon="-119.72473382949829" />
      <trkpt lat="38.651211261749268" lon="-119.72432613372803" />
      <trkpt lat="38.650803565979004" lon="-119.72434759140015" />
      <trkpt lat="38.650481700897217" lon="-119.72454071044922" />
      <trkpt lat="38.650138378143311" lon="-119.72505569458008" />
      <trkpt lat="38.650074005126953" lon="-119.72524881362915" />
      <trkpt lat="38.649580478668213" lon="-119.72660064697266" />
      <trkpt lat="38.649387359619141" lon="-119.7269868850708" />
      <trkpt lat="38.648743629455566" lon="-119.72782373428345" />
      <trkpt lat="38.648357391357422" lon="-119.72805976867676" />
      <trkpt lat="38.64814281463623" lon="-119.72805976867676" />
      <trkpt lat="38.647885322570801" lon="-119.7279953956604" />
      <trkpt lat="38.647606372833252" lon="-119.72771644592285" />
      <trkpt lat="38.646104335784912" lon="-119.72539901733398" />
      <trkpt lat="38.645846843719482" lon="-119.72481966018677" />
      <trkpt lat="38.645610809326172" lon="-119.72391843795776" />
      <trkpt lat="38.6454176902771" lon="-119.72346782684326" />
      <trkpt lat="38.644237518310547" lon="-119.72226619720459" />
      <trkpt lat="38.643851280212402" lon="-119.72203016281128" />
      <trkpt lat="38.64342212677002" lon="-119.72190141677856" />
      <trkpt lat="38.64290714263916" lon="-119.72183704376221" />
      <trkpt lat="38.642542362213135" lon="-119.7219443321228" />
      <trkpt lat="38.642306327819824" lon="-119.72218036651611" />
      <trkpt lat="38.64215612411499" lon="-119.72243785858154" />
      <trkpt lat="38.641748428344727" lon="-119.7235107421875" />
      <trkpt lat="38.641490936279297" lon="-119.72378969192505" />
      <trkpt lat="38.641126155853271" lon="-119.723961353302" />
      <trkpt lat="38.640439510345459" lon="-119.72402572631836" />
      <trkpt lat="38.639860153198242" lon="-119.72398281097412" />
      <trkpt lat="38.639259338378906" lon="-119.72378969192505" />
      <trkpt lat="38.638529777526855" lon="-119.72342491149902" />
      <trkpt lat="38.638122081756592" lon="-119.72338199615479" />
      <trkpt lat="38.637735843658447" lon="-119.72348928451538" />
      <trkpt lat="38.637135028839111" lon="-119.72372531890869" />
      <trkpt lat="38.636791706085205" lon="-119.72378969192505" />
      <trkpt lat="38.635354042053223" lon="-119.72348928451538" />
      <trkpt lat="38.634645938873291" lon="-119.72327470779419" />
      <trkpt lat="38.634152412414551" lon="-119.72329616546631" />
      <trkpt lat="38.633251190185547" lon="-119.72357511520386" />
      <trkpt lat="38.631770610809326" lon="-119.72353219985962" />
      <trkpt lat="38.630955219268799" lon="-119.72346782684326" />
      <trkpt lat="38.630547523498535" lon="-119.72348928451538" />
      <trkpt lat="38.630225658416748" lon="-119.72359657287598" />
      <trkpt lat="38.630075454711914" lon="-119.72370386123657" />
      <trkpt lat="38.629946708679199" lon="-119.72387552261353" />
      <trkpt lat="38.629646301269531" lon="-119.72456216812134" />
      <trkpt lat="38.629088401794434" lon="-119.7249698638916" />
      <trkpt lat="38.62868070602417" lon="-119.7255277633667" />
      <trkpt lat="38.62818717956543" lon="-119.7265362739563" />
      <trkpt lat="38.6279296875" lon="-119.72741603851318" />
      <trkpt lat="38.62743616104126" lon="-119.72793102264404" />
      <trkpt lat="38.627049922943115" lon="-119.72859621047974" />
      <trkpt lat="38.626706600189209" lon="-119.72900390625" />
      <trkpt lat="38.625719547271729" lon="-119.72992658615112" />
      <trkpt lat="38.625419139862061" lon="-119.73033428192139" />
      <trkpt lat="38.625075817108154" lon="-119.73110675811768" />
      <trkpt lat="38.624796867370605" lon="-119.73151445388794" />
      <trkpt lat="38.624582290649414" lon="-119.73205089569092" />
      <trkpt lat="38.624260425567627" lon="-119.73260879516602" />
      <trkpt lat="38.623831272125244" lon="-119.73389625549316" />
      <trkpt lat="38.623294830322266" lon="-119.7344970703125" />
      <trkpt lat="38.623080253601074" lon="-119.73481893539429" />
      <trkpt lat="38.622822761535645" lon="-119.73563432693481" />
      <trkpt lat="38.62269401550293" lon="-119.73649263381958" />
      <trkpt lat="38.622586727142334" lon="-119.73683595657349" />
      <trkpt lat="38.6224365234375" lon="-119.73709344863892" />
      <trkpt lat="38.621878623962402" lon="-119.73775863647461" />
      <trkpt lat="38.621599674224854" lon="-119.73823070526123" />
      <trkpt lat="38.621234893798828" lon="-119.73919630050659" />
      <trkpt lat="38.621149063110352" lon="-119.7395396232605" />
      <trkpt lat="38.621106147766113" lon="-119.74018335342407" />
      <trkpt lat="38.620870113372803" lon="-119.74114894866943" />
      <trkpt lat="38.62069845199585" lon="-119.74134206771851" />
      <trkpt lat="38.620226383209229" lon="-119.74157810211182" />
      <trkpt lat="38.620011806488037" lon="-119.74181413650513" />
      <trkpt lat="38.619883060455322" lon="-119.74211454391479" />
      <trkpt lat="38.61968994140625" lon="-119.74318742752075" />
      <trkpt lat="38.619368076324463" lon="-119.74432468414307" />
      <trkpt lat="38.619132041931152" lon="-119.74580526351929" />
      <trkpt lat="38.618810176849365" lon="-119.74674940109253" />
      <trkpt lat="38.618466854095459" lon="-119.74754333496094" />
      <trkpt lat="38.61844539642334" lon="-119.74790811538696" />
      <trkpt lat="38.618552684783936" lon="-119.74863767623901" />
      <trkpt lat="38.618552684783936" lon="-119.74925994873047" />
      <trkpt lat="38.618509769439697" lon="-119.74947452545166" />
      <trkpt lat="38.617501258850098" lon="-119.75059032440186" />
      <trkpt lat="38.617372512817383" lon="-119.7508692741394" />
      <trkpt lat="38.617265224456787" lon="-119.75121259689331" />
      <trkpt lat="38.617243766784668" lon="-119.75157737731934" />
      <trkpt lat="38.617565631866455" lon="-119.75219964981079" />
      <trkpt lat="38.617544174194336" lon="-119.7524356842041" />
      <trkpt lat="38.617029190063477" lon="-119.75307941436768" />
      <trkpt lat="38.616728782653809" lon="-119.75376605987549" />
      <trkpt lat="38.615849018096924" lon="-119.75524663925171" />
      <trkpt lat="38.614883422851563" lon="-119.75627660751343" />
      <trkpt lat="38.614003658294678" lon="-119.75730657577515" />
      <trkpt lat="38.612673282623291" lon="-119.75867986679077" />
      <trkpt lat="38.61269474029541" lon="-119.7589373588562" />
      <trkpt lat="38.613274097442627" lon="-119.7600531578064" />
      <trkpt lat="38.613553047180176" lon="-119.76091146469116" />
      <trkpt lat="38.613574504852295" lon="-119.76112604141235" />
      <trkpt lat="38.613553047180176" lon="-119.76155519485474" />
      <trkpt lat="38.613274097442627" lon="-119.76213455200195" />
      <trkpt lat="38.612802028656006" lon="-119.76277828216553" />
      <trkpt lat="38.611471652984619" lon="-119.76395845413208" />
      <trkpt lat="38.611021041870117" lon="-119.76428031921387" />
      <trkpt lat="38.610398769378662" lon="-119.76455926895142" />
      <trkpt lat="38.609647750854492" lon="-119.76483821868896" />
      <trkpt lat="38.608617782592773" lon="-119.76526737213135" />
      <trkpt lat="38.608167171478271" lon="-119.76563215255737" />
      <trkpt lat="38.607802391052246" lon="-119.7659969329834" />
      <trkpt lat="38.60745906829834" lon="-119.76649045944214" />
      <trkpt lat="38.606386184692383" lon="-119.76829290390015" />
      <trkpt lat="38.605742454528809" lon="-119.76910829544067" />
      <trkpt lat="38.605377674102783" lon="-119.76955890655518" />
      <trkpt lat="38.604497909545898" lon="-119.77065324783325" />
      <trkpt lat="38.603639602661133" lon="-119.77166175842285" />
      <trkpt lat="38.602159023284912" lon="-119.77357149124146" />
      <trkpt lat="38.601837158203125" lon="-119.77404356002808" />
      <trkpt lat="38.601000308990479" lon="-119.77539539337158" />
      <trkpt lat="38.599412441253662" lon="-119.77719783782959" />
      <trkpt lat="38.598682880401611" lon="-119.77814197540283" />
      <trkpt lat="38.598339557647705" lon="-119.77874279022217" />
      <trkpt lat="38.597631454467773" lon="-119.78041648864746" />
      <trkpt lat="38.597395420074463" lon="-119.78093147277832" />
      <trkpt lat="38.595271110534668" lon="-119.78352785110474" />
      <trkpt lat="38.594434261322021" lon="-119.78434324264526" />
      <trkpt lat="38.594133853912354" lon="-119.78451490402222" />
      <trkpt lat="38.593747615814209" lon="-119.78451490402222" />
      <trkpt lat="38.592782020568848" lon="-119.78427886962891" />
      <trkpt lat="38.592503070831299" lon="-119.78430032730103" />
      <trkpt lat="38.592031002044678" lon="-119.78481531143188" />
      <trkpt lat="38.591408729553223" lon="-119.78518009185791" />
      <trkpt lat="38.590872287750244" lon="-119.78575944900513" />
      <trkpt lat="38.590593338012695" lon="-119.78605985641479" />
      <trkpt lat="38.590335845947266" lon="-119.78618860244751" />
      <trkpt lat="38.590142726898193" lon="-119.78621006011963" />
      <trkpt lat="38.589906692504883" lon="-119.78608131408691" />
      <trkpt lat="38.589520454406738" lon="-119.78567361831665" />
      <trkpt lat="38.589456081390381" lon="-119.78543758392334" />
      <trkpt lat="38.589413166046143" lon="-119.78466510772705" />
      <trkpt lat="38.589370250701904" lon="-119.78455781936646" />
      <trkpt lat="38.58922004699707" lon="-119.78453636169434" />
      <trkpt lat="38.589091300964355" lon="-119.78462219238281" />
      <trkpt lat="38.589026927947998" lon="-119.78479385375977" />
      <trkpt lat="38.588876724243164" lon="-119.78618860244751" />
      <trkpt lat="38.588941097259521" lon="-119.78676795959473" />
      <trkpt lat="38.588898181915283" lon="-119.78704690933228" />
      <trkpt lat="38.588790893554688" lon="-119.78724002838135" />
      <trkpt lat="38.588361740112305" lon="-119.78756189346313" />
      <trkpt lat="38.588147163391113" lon="-119.78760480880737" />
      <trkpt lat="38.587653636932373" lon="-119.78758335113525" />
      <trkpt lat="38.58722448348999" lon="-119.78766918182373" />
      <trkpt lat="38.586945533752441" lon="-119.78760480880737" />
      <trkpt lat="38.586087226867676" lon="-119.78717565536499" />
      <trkpt lat="38.585786819458008" lon="-119.78711128234863" />
      <trkpt lat="38.585400581359863" lon="-119.78693962097168" />
      <trkpt lat="38.585293292999268" lon="-119.78698253631592" />
      <trkpt lat="38.585250377655029" lon="-119.78713274002075" />
      <trkpt lat="38.585336208343506" lon="-119.78726148605347" />
      <trkpt lat="38.585872650146484" lon="-119.78749752044678" />
      <trkpt lat="38.586194515228271" lon="-119.78771209716797" />
      <trkpt lat="38.586666584014893" lon="-119.78829145431519" />
      <trkpt lat="38.58698844909668" lon="-119.78854894638062" />
      <trkpt lat="38.587503433227539" lon="-119.78876352310181" />
      <trkpt lat="38.588297367095947" lon="-119.78872060775757" />
      <trkpt lat="38.588619232177734" lon="-119.78880643844604" />
      <trkpt lat="38.588769435882568" lon="-119.78906393051147" />
      <trkpt lat="38.588855266571045" lon="-119.79002952575684" />
      <trkpt lat="38.58898401260376" lon="-119.79035139083862" />
      <trkpt lat="38.589134216308594" lon="-119.79045867919922" />
      <trkpt lat="38.589606285095215" lon="-119.79058742523193" />
      <trkpt lat="38.589928150177002" lon="-119.79056596755981" />
      <trkpt lat="38.590335845947266" lon="-119.7904372215271" />
      <trkpt lat="38.590593338012695" lon="-119.79045867919922" />
      <trkpt lat="38.590679168701172" lon="-119.79058742523193" />
      <trkpt lat="38.59072208404541" lon="-119.79082345962524" />
      <trkpt lat="38.590679168701172" lon="-119.79112386703491" />
      <trkpt lat="38.590550422668457" lon="-119.79135990142822" />
      <trkpt lat="38.589756488800049" lon="-119.79206800460815" />
      <trkpt lat="38.589670658111572" lon="-119.79213237762451" />
      <trkpt lat="38.5894775390625" lon="-119.79213237762451" />
      <trkpt lat="38.58922004699707" lon="-119.79183197021484" />
      <trkpt lat="38.588876724243164" lon="-119.79108095169067" />
      <trkpt lat="38.58849048614502" lon="-119.79075908660889" />
      <trkpt lat="38.588168621063232" lon="-119.79030847549438" />
      <trkpt lat="38.587267398834229" lon="-119.78981494903564" />
      <trkpt lat="38.587074279785156" lon="-119.78972911834717" />
      <trkpt lat="38.586409091949463" lon="-119.78968620300293" />
      <trkpt lat="38.58548641204834" lon="-119.78949308395386" />
      <trkpt lat="38.584949970245361" lon="-119.78972911834717" />
      <trkpt lat="38.584156036376953" lon="-119.78968620300293" />
      <trkpt lat="38.583877086639404" lon="-119.78957891464233" />
      <trkpt lat="38.583469390869141" lon="-119.78919267654419" />
      <trkpt lat="38.583340644836426" lon="-119.78917121887207" />
      <trkpt lat="38.583276271820068" lon="-119.78927850723267" />
      <trkpt lat="38.583362102508545" lon="-119.78949308395386" />
      <trkpt lat="38.584134578704834" lon="-119.7903299331665" />
      <trkpt lat="38.584756851196289" lon="-119.7905445098877" />
      <trkpt lat="38.58522891998291" lon="-119.79063034057617" />
      <trkpt lat="38.58597993850708" lon="-119.79097366333008" />
      <trkpt lat="38.586494922637939" lon="-119.79103803634644" />
      <trkpt lat="38.586602210998535" lon="-119.79116678237915" />
      <trkpt lat="38.586645126342773" lon="-119.79138135910034" />
      <trkpt lat="38.58647346496582" lon="-119.79361295700073" />
      <trkpt lat="38.586387634277344" lon="-119.79376316070557" />
      <trkpt lat="38.586194515228271" lon="-119.79395627975464" />
      <trkpt lat="38.586065769195557" lon="-119.79432106018066" />
      <trkpt lat="38.585786819458008" lon="-119.79462146759033" />
      <trkpt lat="38.585765361785889" lon="-119.79558706283569" />
      <trkpt lat="38.585636615753174" lon="-119.79612350463867" />
      <trkpt lat="38.585250377655029" lon="-119.79678869247437" />
      <trkpt lat="38.585078716278076" lon="-119.79696035385132" />
      <trkpt lat="38.584799766540527" lon="-119.79706764221191" />
      <trkpt lat="38.58424186706543" lon="-119.79708909988403" />
      <trkpt lat="38.584027290344238" lon="-119.79721784591675" />
      <trkpt lat="38.583297729492188" lon="-119.79736804962158" />
      <trkpt lat="38.58222484588623" lon="-119.79747533798218" />
      <trkpt lat="38.582031726837158" lon="-119.79758262634277" />
      <trkpt lat="38.581945896148682" lon="-119.79792594909668" />
      <trkpt lat="38.582096099853516" lon="-119.79865550994873" />
      <trkpt lat="38.582181930541992" lon="-119.80058670043945" />
      <trkpt lat="38.581924438476563" lon="-119.80120897293091" />
      <trkpt lat="38.581130504608154" lon="-119.8023247718811" />
      <trkpt lat="38.580873012542725" lon="-119.8028826713562" />
      <trkpt lat="38.580658435821533" lon="-119.8038911819458" />
      <trkpt lat="38.580701351165771" lon="-119.80442762374878" />
      <trkpt lat="38.580594062805176" lon="-119.80532884597778" />
      <trkpt lat="38.580529689788818" lon="-119.80558633804321" />
      <trkpt lat="38.579778671264648" lon="-119.80685234069824" />
      <trkpt lat="38.579263687133789" lon="-119.80741024017334" />
      <trkpt lat="38.579006195068359" lon="-119.8074746131897" />
      <trkpt lat="38.578534126281738" lon="-119.80728149414062" />
      <trkpt lat="38.577311038970947" lon="-119.80638027191162" />
      <trkpt lat="38.57698917388916" lon="-119.80620861053467" />
      <trkpt lat="38.575937747955322" lon="-119.80618715286255" />
      <trkpt lat="38.575143814086914" lon="-119.8063588142395" />
      <trkpt lat="38.574628829956055" lon="-119.80642318725586" />
      <trkpt lat="38.574049472808838" lon="-119.80629444122314" />
      <trkpt lat="38.573663234710693" lon="-119.80625152587891" />
      <trkpt lat="38.573341369628906" lon="-119.80616569519043" />
      <trkpt lat="38.572933673858643" lon="-119.80552196502686" />
      <trkpt lat="38.57274055480957" lon="-119.80543613433838" />
      <trkpt lat="38.572547435760498" lon="-119.80541467666626" />
      <trkpt lat="38.571646213531494" lon="-119.80597257614136" />
      <trkpt lat="38.570616245269775" lon="-119.80644464492798" />
      <trkpt lat="38.569564819335938" lon="-119.80723857879639" />
      <trkpt lat="38.569178581237793" lon="-119.80723857879639" />
      <trkpt lat="38.568878173828125" lon="-119.80698108673096" />
      <trkpt lat="38.568449020385742" lon="-119.80612277984619" />
      <trkpt lat="38.568320274353027" lon="-119.8058009147644" />
      <trkpt lat="38.568041324615479" lon="-119.80429887771606" />
      <trkpt lat="38.567869663238525" lon="-119.80386972427368" />
      <trkpt lat="38.567526340484619" lon="-119.80329036712646" />
      <trkpt lat="38.567204475402832" lon="-119.80307579040527" />
      <trkpt lat="38.56651782989502" lon="-119.80320453643799" />
      <trkpt lat="38.565487861633301" lon="-119.80367660522461" />
      <trkpt lat="38.564736843109131" lon="-119.80438470840454" />
      <trkpt lat="38.563127517700195" lon="-119.80532884597778" />
      <trkpt lat="38.562655448913574" lon="-119.80592966079712" />
      <trkpt lat="38.562140464782715" lon="-119.80670213699341" />
      <trkpt lat="38.561861515045166" lon="-119.80698108673096" />
      <trkpt lat="38.559479713439941" lon="-119.80811834335327" />
      <trkpt lat="38.559050559997559" lon="-119.80820417404175" />
      <trkpt lat="38.557977676391602" lon="-119.80807542800903" />
      <trkpt lat="38.557569980621338" lon="-119.80786085128784" />
      <trkpt lat="38.55726957321167" lon="-119.80762481689453" />
      <trkpt lat="38.556990623474121" lon="-119.80745315551758" />
      <trkpt lat="38.556647300720215" lon="-119.80738878250122" />
      <trkpt lat="38.556175231933594" lon="-119.80751752853394" />
      <trkpt lat="38.555402755737305" lon="-119.80766773223877" />
      <trkpt lat="38.555231094360352" lon="-119.80773210525513" />
      <trkpt lat="38.55478048324585" lon="-119.80811834335327" />
      <trkpt lat="38.554608821868896" lon="-119.80820417404175" />
      <trkpt lat="38.554394245147705" lon="-119.80820417404175" />
      <trkpt lat="38.554072380065918" lon="-119.80807542800903" />
      <trkpt lat="38.553493022918701" lon="-119.80751752853394" />
      <trkpt lat="38.553085327148438" lon="-119.80730295181274" />
      <trkpt lat="38.552591800689697" lon="-119.80728149414062" />
      <trkpt lat="38.551003932952881" lon="-119.80738878250122" />
      <trkpt lat="38.549952507019043" lon="-119.80758190155029" />
      <trkpt lat="38.549630641937256" lon="-119.80753898620605" />
      <trkpt lat="38.549008369445801" lon="-119.80732440948486" />
      <trkpt lat="38.548686504364014" lon="-119.80732440948486" />
      <trkpt lat="38.548235893249512" lon="-119.80756044387817" />
      <trkpt lat="38.547699451446533" lon="-119.80805397033691" />
      <trkpt lat="38.547055721282959" lon="-119.80880498886108" />
      <trkpt lat="38.546261787414551" lon="-119.81026411056519" />
      <trkpt lat="38.546004295349121" lon="-119.81092929840088" />
      <trkpt lat="38.545918464660645" lon="-119.81105804443359" />
      <trkpt lat="38.54578971862793" lon="-119.81114387512207" />
      <trkpt lat="38.54503870010376" lon="-119.81122970581055" />
      <trkpt lat="38.544802665710449" lon="-119.81137990951538" />
      <trkpt lat="38.5445237159729" lon="-119.81172323226929" />
      <trkpt lat="38.543751239776611" lon="-119.81238842010498" />
      <trkpt lat="38.543622493743896" lon="-119.81258153915405" />
      <trkpt lat="38.543558120727539" lon="-119.81283903121948" />
      <trkpt lat="38.543493747711182" lon="-119.81356859207153" />
      <trkpt lat="38.543515205383301" lon="-119.81391191482544" />
      <trkpt lat="38.543708324432373" lon="-119.81492042541504" />
      <trkpt lat="38.543751239776611" lon="-119.81558561325073" />
      <trkpt lat="38.543601036071777" lon="-119.81635808944702" />
      <trkpt lat="38.543558120727539" lon="-119.81687307357788" />
      <trkpt lat="38.543558120727539" lon="-119.81751680374146" />
      <trkpt lat="38.543472290039062" lon="-119.8180103302002" />
      <trkpt lat="38.543493747711182" lon="-119.81822490692139" />
      <trkpt lat="38.543601036071777" lon="-119.8188042640686" />
      <trkpt lat="38.543944358825684" lon="-119.81970548629761" />
      <trkpt lat="38.544352054595947" lon="-119.82140064239502" />
      <trkpt lat="38.5445237159729" lon="-119.82245206832886" />
      <trkpt lat="38.544631004333496" lon="-119.82279539108276" />
      <trkpt lat="38.544695377349854" lon="-119.8235034942627" />
      <trkpt lat="38.54478120803833" lon="-119.82376098632812" />
      <trkpt lat="38.545103073120117" lon="-119.82423305511475" />
      <trkpt lat="38.546004295349121" lon="-119.82646465301514" />
      <trkpt lat="38.5465407371521" lon="-119.82822418212891" />
      <trkpt lat="38.546583652496338" lon="-119.82863187789917" />
      <trkpt lat="38.546562194824219" lon="-119.82961893081665" />
      <trkpt lat="38.546583652496338" lon="-119.83013391494751" />
      <trkpt lat="38.546841144561768" lon="-119.83170032501221" />
      <trkpt lat="38.546991348266602" lon="-119.83290195465088" />
      <trkpt lat="38.547313213348389" lon="-119.83408212661743" />
      <trkpt lat="38.547441959381104" lon="-119.83433961868286" />
      <trkpt lat="38.547742366790771" lon="-119.83566999435425" />
      <trkpt lat="38.547806739807129" lon="-119.83597040176392" />
      <trkpt lat="38.547742366790771" lon="-119.83644247055054" />
      <trkpt lat="38.54778528213501" lon="-119.83667850494385" />
      <trkpt lat="38.548085689544678" lon="-119.83781576156616" />
      <trkpt lat="38.548622131347656" lon="-119.84075546264648" />
      <trkpt lat="38.548750877380371" lon="-119.84204292297363" />
      <trkpt lat="38.548750877380371" lon="-119.84330892562866" />
      <trkpt lat="38.548793792724609" lon="-119.84369516372681" />
      <trkpt lat="38.54902982711792" lon="-119.84455347061157" />
      <trkpt lat="38.549244403839111" lon="-119.84695672988892" />
      <trkpt lat="38.549394607543945" lon="-119.84749317169189" />
      <trkpt lat="38.549544811248779" lon="-119.84777212142944" />
      <trkpt lat="38.549973964691162" lon="-119.84837293624878" />
      <trkpt lat="38.550446033477783" lon="-119.84878063201904" />
      <trkpt lat="38.550596237182617" lon="-119.84882354736328" />
      <trkpt lat="38.550875186920166" lon="-119.84871625900269" />
      <trkpt lat="38.551433086395264" lon="-119.84824419021606" />
      <trkpt lat="38.551990985870361" lon="-119.84787940979004" />
      <trkpt lat="38.552398681640625" lon="-119.84800815582275" />
      <trkpt lat="38.55252742767334" lon="-119.84813690185547" />
      <trkpt lat="38.552677631378174" lon="-119.84854459762573" />
      <trkpt lat="38.552677631378174" lon="-119.84880208969116" />
      <trkpt lat="38.552570343017578" lon="-119.84916687011719" />
      <trkpt lat="38.552119731903076" lon="-119.84963893890381" />
      <trkpt lat="38.551862239837646" lon="-119.85000371932983" />
      <trkpt lat="38.551476001739502" lon="-119.85094785690308" />
      <trkpt lat="38.551025390625" lon="-119.85174179077148" />
      <trkpt lat="38.550596237182617" lon="-119.85199928283691" />
      <trkpt lat="38.550167083740234" lon="-119.85244989395142" />
      <trkpt lat="38.549716472625732" lon="-119.85307216644287" />
      <trkpt lat="38.549051284790039" lon="-119.85408067703247" />
      <trkpt lat="38.548965454101563" lon="-119.85459566116333" />
      <trkpt lat="38.548986911773682" lon="-119.85644102096558" />
      <trkpt lat="38.548901081085205" lon="-119.85747098922729" />
      <trkpt lat="38.548686504364014" lon="-119.85888719558716" />
      <trkpt lat="38.548686504364014" lon="-119.8592734336853" />
      <trkpt lat="38.548493385314941" lon="-119.86032485961914" />
      <trkpt lat="38.548557758331299" lon="-119.86169815063477" />
      <trkpt lat="38.548235893249512" lon="-119.86292123794556" />
      <trkpt lat="38.548235893249512" lon="-119.86317873001099" />
      <trkpt lat="38.548343181610107" lon="-119.8637580871582" />
      <trkpt lat="38.548321723937988" lon="-119.86403703689575" />
      <trkpt lat="38.547806739807129" lon="-119.86558198928833" />
      <trkpt lat="38.546969890594482" lon="-119.86755609512329" />
      <trkpt lat="38.546476364135742" lon="-119.86839294433594" />
      <trkpt lat="38.546240329742432" lon="-119.86942291259766" />
      <trkpt lat="38.546133041381836" lon="-119.87019538879395" />
      <trkpt lat="38.544845581054688" lon="-119.87369298934937" />
      <trkpt lat="38.544566631317139" lon="-119.87418651580811" />
      <trkpt lat="38.544309139251709" lon="-119.87444400787354" />
      <trkpt lat="38.543322086334229" lon="-119.87502336502075" />
      <trkpt lat="38.542463779449463" lon="-119.87528085708618" />
      <trkpt lat="38.54229211807251" lon="-119.87545251846313" />
      <trkpt lat="38.542141914367676" lon="-119.87583875656128" />
      <trkpt lat="38.542077541351318" lon="-119.87628936767578" />
      <trkpt lat="38.542270660400391" lon="-119.87678289413452" />
      <trkpt lat="38.542549610137939" lon="-119.87708330154419" />
      <trkpt lat="38.543343544006348" lon="-119.87781286239624" />
      <trkpt lat="38.543579578399658" lon="-119.87828493118286" />
      <trkpt lat="38.54377269744873" lon="-119.87925052642822" />
      <trkpt lat="38.54377269744873" lon="-119.87948656082153" />
      <trkpt lat="38.543472290039062" lon="-119.88103151321411" />
      <trkpt lat="38.543236255645752" lon="-119.881911277771" />
      <trkpt lat="38.543193340301514" lon="-119.88227605819702" />
      <trkpt lat="38.543214797973633" lon="-119.88352060317993" />
      <trkpt lat="38.543107509613037" lon="-119.88433599472046" />
      <trkpt lat="38.541154861450195" lon="-119.88897085189819" />
      <trkpt lat="38.54079008102417" lon="-119.88948583602905" />
      <trkpt lat="38.539459705352783" lon="-119.89098787307739" />
      <trkpt lat="38.539202213287354" lon="-119.89135265350342" />
      <trkpt lat="38.538944721221924" lon="-119.89182472229004" />
      <trkpt lat="38.538708686828613" lon="-119.89242553710937" />
      <trkpt lat="38.538579940795898" lon="-119.89285469055176" />
      <trkpt lat="38.538472652435303" lon="-119.89358425140381" />
      <trkpt lat="38.538343906402588" lon="-119.89703893661499" />
      <trkpt lat="38.538193702697754" lon="-119.8987340927124" />
      <trkpt lat="38.537850379943848" lon="-119.89959239959717" />
      <trkpt lat="38.537399768829346" lon="-119.90034341812134" />
      <trkpt lat="38.537249565124512" lon="-119.90060091018677" />
      <trkpt lat="38.537013530731201" lon="-119.90113735198975" />
      <trkpt lat="38.536927700042725" lon="-119.90150213241577" />
      <trkpt lat="38.53679895401001" lon="-119.90173816680908" />
      <trkpt lat="38.536648750305176" lon="-119.90188837051392" />
      <trkpt lat="38.536498546600342" lon="-119.9022102355957" />
      <trkpt lat="38.536391258239746" lon="-119.90253210067749" />
      <trkpt lat="38.536219596862793" lon="-119.90278959274292" />
      <trkpt lat="38.535983562469482" lon="-119.9028754234314" />
      <trkpt lat="38.53503942489624" lon="-119.90266084671021" />
      <trkpt lat="38.534824848175049" lon="-119.90268230438232" />
      <trkpt lat="38.534653186798096" lon="-119.90283250808716" />
      <trkpt lat="38.5345458984375" lon="-119.90298271179199" />
      <trkpt lat="38.534481525421143" lon="-119.90317583084106" />
      <trkpt lat="38.534374237060547" lon="-119.90401268005371" />
      <trkpt lat="38.534309864044189" lon="-119.90431308746338" />
      <trkpt lat="38.534030914306641" lon="-119.90457057952881" />
      <trkpt lat="38.533859252929688" lon="-119.90459203720093" />
      <trkpt lat="38.533344268798828" lon="-119.90437746047974" />
      <trkpt lat="38.532915115356445" lon="-119.90390539169312" />
      <trkpt lat="38.532421588897705" lon="-119.90347623825073" />
      <trkpt lat="38.53229284286499" lon="-119.90326166152954" />
      <trkpt lat="38.532207012176514" lon="-119.90283250808716" />
      <trkpt lat="38.531670570373535" lon="-119.90156650543213" />
      <trkpt lat="38.531284332275391" lon="-119.90079402923584" />
      <trkpt lat="38.530640602111816" lon="-119.89976406097412" />
      <trkpt lat="38.529953956604004" lon="-119.89931344985962" />
      <trkpt lat="38.529181480407715" lon="-119.89899158477783" />
      <trkpt lat="38.52855920791626" lon="-119.89890575408936" />
      <trkpt lat="38.52806568145752" lon="-119.89894866943359" />
      <trkpt lat="38.527872562408447" lon="-119.89903450012207" />
      <trkpt lat="38.527207374572754" lon="-119.89959239959717" />
      <trkpt lat="38.526606559753418" lon="-119.89965677261353" />
      <trkpt lat="38.526070117950439" lon="-119.89959239959717" />
      <trkpt lat="38.525919914245605" lon="-119.89961385726929" />
      <trkpt lat="38.525512218475342" lon="-119.90008592605591" />
      <trkpt lat="38.524589538574219" lon="-119.90068674087524" />
      <trkpt lat="38.523645401000977" lon="-119.90158796310425" />
      <trkpt lat="38.522701263427734" lon="-119.90259647369385" />
      <trkpt lat="38.52257251739502" lon="-119.90278959274292" />
      <trkpt lat="38.522443771362305" lon="-119.90317583084106" />
      <trkpt lat="38.522465229034424" lon="-119.9033260345459" />
      <trkpt lat="38.52257251739502" lon="-119.90341186523437" />
      <trkpt lat="38.523023128509521" lon="-119.90341186523437" />
      <trkpt lat="38.523581027984619" lon="-119.90351915359497" />
      <trkpt lat="38.523709774017334" lon="-119.90360498428345" />
      <trkpt lat="38.523709774017334" lon="-119.90371227264404" />
      <trkpt lat="38.523194789886475" lon="-119.90420579910278" />
      <trkpt lat="38.523087501525879" lon="-119.90437746047974" />
      <trkpt lat="38.523130416870117" lon="-119.90454912185669" />
      <trkpt lat="38.523323535919189" lon="-119.90478515625" />
      <trkpt lat="38.523387908935547" lon="-119.90495681762695" />
      <trkpt lat="38.523430824279785" lon="-119.90542888641357" />
      <trkpt lat="38.523538112640381" lon="-119.90575075149536" />
      <trkpt lat="38.523538112640381" lon="-119.90594387054443" />
      <trkpt lat="38.523344993591309" lon="-119.90596532821655" />
      <trkpt lat="38.522980213165283" lon="-119.90585803985596" />
      <trkpt lat="38.522465229034424" lon="-119.90581512451172" />
      <trkpt lat="38.522229194641113" lon="-119.90587949752808" />
      <trkpt lat="38.521928787231445" lon="-119.90628719329834" />
      <trkpt lat="38.521692752838135" lon="-119.90675926208496" />
      <trkpt lat="38.521478176116943" lon="-119.90701675415039" />
      <trkpt lat="38.520941734313965" lon="-119.90753173828125" />
      <trkpt lat="38.520426750183105" lon="-119.90817546844482" />
      <trkpt lat="38.51980447769165" lon="-119.90877628326416" />
      <trkpt lat="38.51931095123291" lon="-119.90907669067383" />
      <trkpt lat="38.518731594085693" lon="-119.90924835205078" />
      <trkpt lat="38.51757287979126" lon="-119.9093770980835" />
      <trkpt lat="38.51731538772583" lon="-119.90922689437866" />
      <trkpt lat="38.517036437988281" lon="-119.90899085998535" />
      <trkpt lat="38.516800403594971" lon="-119.90888357162476" />
      <trkpt lat="38.516349792480469" lon="-119.90894794464111" />
      <trkpt lat="38.515963554382324" lon="-119.90935564041138" />
      <trkpt lat="38.515856266021729" lon="-119.90959167480469" />
      <trkpt lat="38.515856266021729" lon="-119.909827709198" />
      <trkpt lat="38.516006469726562" lon="-119.91025686264038" />
      <trkpt lat="38.516285419464111" lon="-119.91057872772217" />
      <trkpt lat="38.516371250152588" lon="-119.91075038909912" />
      <trkpt lat="38.516499996185303" lon="-119.91122245788574" />
      <trkpt lat="38.516499996185303" lon="-119.91145849227905" />
      <trkpt lat="38.515877723693848" lon="-119.9131965637207" />
      <trkpt lat="38.51581335067749" lon="-119.9137544631958" />
      <trkpt lat="38.515684604644775" lon="-119.91411924362183" />
      <trkpt lat="38.51531982421875" lon="-119.91504192352295" />
      <trkpt lat="38.514719009399414" lon="-119.91718769073486" />
      <trkpt lat="38.514547348022461" lon="-119.91791725158691" />
      <trkpt lat="38.514161109924316" lon="-119.91920471191406" />
      <trkpt lat="38.514096736907959" lon="-119.91976261138916" />
      <trkpt lat="38.514139652252197" lon="-119.92008447647095" />
      <trkpt lat="38.514118194580078" lon="-119.92038488388062" />
      <trkpt lat="38.513989448547363" lon="-119.920814037323" />
      <trkpt lat="38.513753414154053" lon="-119.92135047912598" />
      <trkpt lat="38.51356029510498" lon="-119.92214441299438" />
      <trkpt lat="38.513453006744385" lon="-119.92285251617432" />
      <trkpt lat="38.51356029510498" lon="-119.92330312728882" />
      <trkpt lat="38.514139652252197" lon="-119.92508411407471" />
      <trkpt lat="38.514246940612793" lon="-119.92536306381226" />
      <trkpt lat="38.514525890350342" lon="-119.925856590271" />
      <trkpt lat="38.514761924743652" lon="-119.92615699768066" />
      <trkpt lat="38.514955043792725" lon="-119.92656469345093" />
      <trkpt lat="38.515148162841797" lon="-119.92804527282715" />
      <trkpt lat="38.515169620513916" lon="-119.92817401885986" />
      <trkpt lat="38.515191078186035" lon="-119.92841005325317" />
      <trkpt lat="38.515233993530273" lon="-119.92873191833496" />
      <trkpt lat="38.515191078186035" lon="-119.92946147918701" />
      <trkpt lat="38.514869213104248" lon="-119.93130683898926" />
      <trkpt lat="38.51381778717041" lon="-119.93306636810303" />
      <trkpt lat="38.513216972351074" lon="-119.93452548980713" />
      <trkpt lat="38.5125732421875" lon="-119.93574857711792" />
      <trkpt lat="38.510942459106445" lon="-119.93834495544434" />
      <trkpt lat="38.510277271270752" lon="-119.93986845016479" />
      <trkpt lat="38.509891033172607" lon="-119.94042634963989" />
      <trkpt lat="38.509418964385986" lon="-119.94096279144287" />
      <trkpt lat="38.508667945861816" lon="-119.94169235229492" />
      <trkpt lat="38.507916927337646" lon="-119.94261503219604" />
      <trkpt lat="38.507208824157715" lon="-119.94308710098267" />
      <trkpt lat="38.506994247436523" lon="-119.94328022003174" />
      <trkpt lat="38.506672382354736" lon="-119.94373083114624" />
      <trkpt lat="38.506543636322021" lon="-119.94388103485107" />
      <trkpt lat="38.506457805633545" lon="-119.94400978088379" />
      <trkpt lat="38.506221771240234" lon="-119.94450330734253" />
      <trkpt lat="38.506157398223877" lon="-119.94473934173584" />
      <trkpt lat="38.505985736846924" lon="-119.94598388671875" />
      <trkpt lat="38.505856990814209" lon="-119.94656324386597" />
      <trkpt lat="38.505363464355469" lon="-119.94744300842285" />
      <trkpt lat="38.505127429962158" lon="-119.94825839996338" />
      <trkpt lat="38.504741191864014" lon="-119.94864463806152" />
      <trkpt lat="38.504440784454346" lon="-119.94911670684814" />
      <trkpt lat="38.504183292388916" lon="-119.95003938674927" />
      <trkpt lat="38.503818511962891" lon="-119.95109081268311" />
      <trkpt lat="38.503668308258057" lon="-119.95186328887939" />
      <trkpt lat="38.503410816192627" lon="-119.95280742645264" />
      <trkpt lat="38.5025954246521" lon="-119.9552321434021" />
      <trkpt lat="38.502058982849121" lon="-119.95602607727051" />
      <trkpt lat="38.500857353210449" lon="-119.95716333389282" />
      <trkpt lat="38.500535488128662" lon="-119.95754957199097" />
      <trkpt lat="38.499741554260254" lon="-119.95941638946533" />
      <trkpt lat="38.499355316162109" lon="-119.95997428894043" />
      <trkpt lat="38.498797416687012" lon="-119.96055364608765" />
      <trkpt lat="38.498411178588867" lon="-119.96081113815308" />
      <trkpt lat="38.496608734130859" lon="-119.96149778366089" />
      <trkpt lat="38.495943546295166" lon="-119.96190547943115" />
      <trkpt lat="38.495171070098877" lon="-119.96246337890625" />
      <trkpt lat="38.494570255279541" lon="-119.96272087097168" />
      <trkpt lat="38.494205474853516" lon="-119.96293544769287" />
      <trkpt lat="38.493969440460205" lon="-119.96327877044678" />
      <trkpt lat="38.493111133575439" lon="-119.96379375457764" />
      <trkpt lat="38.493003845214844" lon="-119.96392250061035" />
      <trkpt lat="38.492875099182129" lon="-119.96437311172485" />
      <trkpt lat="38.492746353149414" lon="-119.96456623077393" />
      <trkpt lat="38.492445945739746" lon="-119.96486663818359" />
      <trkpt lat="38.491952419281006" lon="-119.96516704559326" />
      <trkpt lat="38.491501808166504" lon="-119.96529579162598" />
      <trkpt lat="38.491158485412598" lon="-119.96551036834717" />
      <trkpt lat="38.490471839904785" lon="-119.9666690826416" />
      <trkpt lat="38.490471839904785" lon="-119.96707677841187" />
      <trkpt lat="38.490707874298096" lon="-119.96763467788696" />
      <trkpt lat="38.490772247314453" lon="-119.96862173080444" />
      <trkpt lat="38.490815162658691" lon="-119.96881484985352" />
      <trkpt lat="38.491115570068359" lon="-119.9692440032959" />
      <trkpt lat="38.491694927215576" lon="-119.96993064880371" />
      <trkpt lat="38.491759300231934" lon="-119.97008085250854" />
      <trkpt lat="38.491823673248291" lon="-119.97055292129517" />
      <trkpt lat="38.491652011871338" lon="-119.97256994247437" />
      <trkpt lat="38.491458892822266" lon="-119.97355699539185" />
      <trkpt lat="38.491501808166504" lon="-119.97561693191528" />
      <trkpt lat="38.491373062133789" lon="-119.97645378112793" />
      <trkpt lat="38.491179943084717" lon="-119.97724771499634" />
      <trkpt lat="38.491179943084717" lon="-119.97744083404541" />
      <trkpt lat="38.491694927215576" lon="-119.97941493988037" />
      <trkpt lat="38.49184513092041" lon="-119.98031616210937" />
      <trkpt lat="38.492038249969482" lon="-119.98050928115845" />
      <trkpt lat="38.492982387542725" lon="-119.98076677322388" />
      <trkpt lat="38.493068218231201" lon="-119.98087406158447" />
      <trkpt lat="38.493132591247559" lon="-119.98111009597778" />
      <trkpt lat="38.493003845214844" lon="-119.98138904571533" />
      <trkpt lat="38.491888046264648" lon="-119.98226881027222" />
      <trkpt lat="38.4916090965271" lon="-119.98252630233765" />
      <trkpt lat="38.491394519805908" lon="-119.98284816741943" />
      <trkpt lat="38.491051197052002" lon="-119.98409271240234" />
      <trkpt lat="38.491029739379883" lon="-119.98456478118896" />
      <trkpt lat="38.490900993347168" lon="-119.98540163040161" />
      <trkpt lat="38.490900993347168" lon="-119.98675346374512" />
      <trkpt lat="38.49085807800293" lon="-119.98696804046631" />
      <trkpt lat="38.490772247314453" lon="-119.9870753288269" />
      <trkpt lat="38.490514755249023" lon="-119.98722553253174" />
      <trkpt lat="38.490278720855713" lon="-119.9872899055481" />
      <trkpt lat="38.48961353302002" lon="-119.9871826171875" />
      <trkpt lat="38.48886251449585" lon="-119.98720407485962" />
      <trkpt lat="38.488690853118896" lon="-119.98716115951538" />
      <trkpt lat="38.488626480102539" lon="-119.98690366744995" />
      <trkpt lat="38.48886251449585" lon="-119.98593807220459" />
      <trkpt lat="38.488819599151611" lon="-119.98514413833618" />
      <trkpt lat="38.488712310791016" lon="-119.98501539230347" />
      <trkpt lat="38.48860502243042" lon="-119.98499393463135" />
      <trkpt lat="38.488175868988037" lon="-119.98520851135254" />
      <trkpt lat="38.487489223480225" lon="-119.98535871505737" />
      <trkpt lat="38.48736047744751" lon="-119.98546600341797" />
      <trkpt lat="38.486909866333008" lon="-119.98613119125366" />
      <trkpt lat="38.486373424530029" lon="-119.986732006073" />
      <trkpt lat="38.485343456268311" lon="-119.98776197433472" />
      <trkpt lat="38.484227657318115" lon="-119.98881340026855" />
      <trkpt lat="38.483691215515137" lon="-119.9897575378418" />
      <trkpt lat="38.482897281646729" lon="-119.99061584472656" />
      <trkpt lat="38.482511043548584" lon="-119.99147415161133" />
      <trkpt lat="38.482317924499512" lon="-119.99190330505371" />
      <trkpt lat="38.482081890106201" lon="-119.99254703521729" />
      <trkpt lat="38.480987548828125" lon="-119.99527215957642" />
      <trkpt lat="38.480880260467529" lon="-119.9955940246582" />
      <trkpt lat="38.480901718139648" lon="-119.99602317810059" />
      <trkpt lat="38.481094837188721" lon="-119.99683856964111" />
      <trkpt lat="38.48111629486084" lon="-119.99709606170654" />
      <trkpt lat="38.480987548828125" lon="-119.99778270721436" />
      <trkpt lat="38.480966091156006" lon="-119.99844789505005" />
      <trkpt lat="38.480987548828125" lon="-119.99889850616455" />
      <trkpt lat="38.480944633483887" lon="-119.99909162521362" />
      <trkpt lat="38.480772972106934" lon="-119.99945640563965" />
      <trkpt lat="38.480257987976074" lon="-120.00012159347534" />
      <trkpt lat="38.479828834533691" lon="-120.00072240829468" />
      <trkpt lat="38.478841781616211" lon="-120.00188112258911" />
      <trkpt lat="38.478541374206543" lon="-120.00235319137573" />
      <trkpt lat="38.478305339813232" lon="-120.00293254852295" />
      <trkpt lat="38.478262424468994" lon="-120.00299692153931" />
      <trkpt lat="38.478176593780518" lon="-120.00338315963745" />
      <trkpt lat="38.47811222076416" lon="-120.00428438186646" />
      <trkpt lat="38.478090763092041" lon="-120.0051212310791" />
      <trkpt lat="38.47811222076416" lon="-120.00533580780029" />
      <trkpt lat="38.47811222076416" lon="-120.00709533691406" />
      <trkpt lat="38.478090763092041" lon="-120.00780344009399" />
      <trkpt lat="38.478069305419922" lon="-120.0092625617981" />
      <trkpt lat="38.478176593780518" lon="-120.00967025756836" />
      <trkpt lat="38.478541374206543" lon="-120.0101637840271" />
      <trkpt lat="38.4786057472229" lon="-120.01035690307617" />
      <trkpt lat="38.478841781616211" lon="-120.01145124435425" />
      <trkpt lat="38.479592800140381" lon="-120.01329660415649" />
      <trkpt lat="38.479893207550049" lon="-120.01398324966431" />
      <trkpt lat="38.481459617614746" lon="-120.0166654586792" />
      <trkpt lat="38.481845855712891" lon="-120.01730918884277" />
      <trkpt lat="38.482210636138916" lon="-120.01793146133423" />
      <trkpt lat="38.48236083984375" lon="-120.01833915710449" />
      <trkpt lat="38.482489585876465" lon="-120.01885414123535" />
      <trkpt lat="38.482553958892822" lon="-120.01947641372681" />
      <trkpt lat="38.482468128204346" lon="-120.02007722854614" />
      <trkpt lat="38.482253551483154" lon="-120.02074241638184" />
      <trkpt lat="38.481888771057129" lon="-120.02127885818481" />
      <trkpt lat="38.481481075286865" lon="-120.02164363861084" />
      <trkpt lat="38.481051921844482" lon="-120.02187967300415" />
      <trkpt lat="38.476717472076416" lon="-120.02355337142944" />
      <trkpt lat="38.47536563873291" lon="-120.02404689788818" />
      <trkpt lat="38.474764823913574" lon="-120.02434730529785" />
      <trkpt lat="38.474142551422119" lon="-120.02481937408447" />
      <trkpt lat="38.473734855651855" lon="-120.02520561218262" />
      <trkpt lat="38.473262786865234" lon="-120.02584934234619" />
      <trkpt lat="38.470838069915771" lon="-120.02913236618042" />
      <trkpt lat="38.469936847686768" lon="-120.02999067306519" />
      <trkpt lat="38.469572067260742" lon="-120.03024816513062" />
      <trkpt lat="38.467254638671875" lon="-120.03151416778564" />
      <trkpt lat="38.466417789459229" lon="-120.03190040588379" />
      <trkpt lat="38.465709686279297" lon="-120.0321364402771" />
      <trkpt lat="38.463778495788574" lon="-120.03260850906372" />
      <trkpt lat="38.463349342346191" lon="-120.03282308578491" />
      <trkpt lat="38.462984561920166" lon="-120.03312349319458" />
      <trkpt lat="38.462555408477783" lon="-120.03355264663696" />
      <trkpt lat="38.462018966674805" lon="-120.03462553024292" />
      <trkpt lat="38.461847305297852" lon="-120.03548383712769" />
      <trkpt lat="38.461804389953613" lon="-120.03677129745483" />
      <trkpt lat="38.461804389953613" lon="-120.03687858581543" />
      <trkpt lat="38.461782932281494" lon="-120.03702878952026" />
      <trkpt lat="38.461740016937256" lon="-120.0386381149292" />
      <trkpt lat="38.461697101593018" lon="-120.03934621810913" />
      <trkpt lat="38.461589813232422" lon="-120.04005432128906" />
      <trkpt lat="38.461117744445801" lon="-120.04215717315674" />
      <trkpt lat="38.459744453430176" lon="-120.04790782928467" />
      <trkpt lat="38.459229469299316" lon="-120.05001068115234" />
      <trkpt lat="38.458971977233887" lon="-120.05082607269287" />
      <trkpt lat="38.458735942840576" lon="-120.05134105682373" />
      <trkpt lat="38.458371162414551" lon="-120.05185604095459" />
      <trkpt lat="38.458049297332764" lon="-120.05217790603638" />
      <trkpt lat="38.457748889923096" lon="-120.05241394042969" />
      <trkpt lat="38.456997871398926" lon="-120.05282163619995" />
      <trkpt lat="38.456783294677734" lon="-120.05292892456055" />
      <trkpt lat="38.455581665039063" lon="-120.05357265472412" />
      <trkpt lat="38.455238342285156" lon="-120.05378723144531" />
      <trkpt lat="38.454530239105225" lon="-120.05445241928101" />
      <trkpt lat="38.4521484375" lon="-120.0571346282959" />
      <trkpt lat="38.451225757598877" lon="-120.05805730819702" />
      <trkpt lat="38.450560569763184" lon="-120.05861520767212" />
      <trkpt lat="38.448178768157959" lon="-120.0601601600647" />
      <trkpt lat="38.447620868682861" lon="-120.0606107711792" />
      <trkpt lat="38.447277545928955" lon="-120.06103992462158" />
      <trkpt lat="38.447084426879883" lon="-120.06136178970337" />
      <trkpt lat="38.446869850158691" lon="-120.06189823150635" />
      <trkpt lat="38.446784019470215" lon="-120.06226301193237" />
      <trkpt lat="38.446698188781738" lon="-120.06359338760376" />
      <trkpt lat="38.446676731109619" lon="-120.06524562835693" />
      <trkpt lat="38.446612358093262" lon="-120.06593227386475" />
      <trkpt lat="38.446376323699951" lon="-120.06679058074951" />
      <trkpt lat="38.445947170257568" lon="-120.06762742996216" />
      <trkpt lat="38.444960117340088" lon="-120.0690221786499" />
      <trkpt lat="38.444509506225586" lon="-120.06970882415771" />
      <trkpt lat="38.443973064422607" lon="-120.07065296173096" />
      <trkpt lat="38.443543910980225" lon="-120.07161855697632" />
      <trkpt lat="38.442707061767578" lon="-120.07391452789307" />
      <trkpt lat="38.44214916229248" lon="-120.07528781890869" />
      <trkpt lat="38.44191312789917" lon="-120.07565259933472" />
      <trkpt lat="38.441569805145264" lon="-120.07603883743286" />
      <trkpt lat="38.441205024719238" lon="-120.07633924484253" />
      <trkpt lat="38.44066858291626" lon="-120.07655382156372" />
      <trkpt lat="38.439273834228516" lon="-120.07672548294067" />
      <trkpt lat="38.438458442687988" lon="-120.07691860198975" />
      <trkpt lat="38.436377048492432" lon="-120.07792711257935" />
      <trkpt lat="38.435497283935547" lon="-120.07827043533325" />
      <trkpt lat="38.434338569641113" lon="-120.07827043533325" />
      <trkpt lat="38.433759212493896" lon="-120.07835626602173" />
      <trkpt lat="38.433201313018799" lon="-120.07863521575928" />
      <trkpt lat="38.431549072265625" lon="-120.07957935333252" />
      <trkpt lat="38.4311842918396" lon="-120.07972955703735" />
      <trkpt lat="38.430626392364502" lon="-120.07979393005371" />
      <trkpt lat="38.429510593414307" lon="-120.07968664169312" />
      <trkpt lat="38.42893123626709" lon="-120.07970809936523" />
      <trkpt lat="38.428373336791992" lon="-120.07985830307007" />
      <trkpt lat="38.426806926727295" lon="-120.08050203323364" />
      <trkpt lat="38.425562381744385" lon="-120.0810170173645" />
      <trkpt lat="38.425133228302002" lon="-120.08127450942993" />
      <trkpt lat="38.424789905548096" lon="-120.0815749168396" />
      <trkpt lat="38.421893119812012" lon="-120.08507251739502" />
      <trkpt lat="38.42144250869751" lon="-120.08584499359131" />
      <trkpt lat="38.421142101287842" lon="-120.08672475814819" />
      <trkpt lat="38.420369625091553" lon="-120.09050130844116" />
      <trkpt lat="38.420004844665527" lon="-120.0914454460144" />
      <trkpt lat="38.419039249420166" lon="-120.09341955184937" />
      <trkpt lat="38.418738842010498" lon="-120.09429931640625" />
      <trkpt lat="38.418631553649902" lon="-120.09522199630737" />
      <trkpt lat="38.418610095977783" lon="-120.09882688522339" />
      <trkpt lat="38.418502807617188" lon="-120.09972810745239" />
      <trkpt lat="38.417751789093018" lon="-120.10311841964722" />
      <trkpt lat="38.417215347290039" lon="-120.1065731048584" />
      <trkpt lat="38.416507244110107" lon="-120.11101484298706" />
      <trkpt lat="38.416357040405273" lon="-120.11174440383911" />
      <trkpt lat="38.416078090667725" lon="-120.11309623718262" />
      <trkpt lat="38.415606021881104" lon="-120.1154351234436" />
      <trkpt lat="38.415563106536865" lon="-120.11588573455811" />
      <trkpt lat="38.415606021881104" lon="-120.11687278747559" />
      <trkpt lat="38.415606021881104" lon="-120.11796712875366" />
      <trkpt lat="38.415520191192627" lon="-120.11865377426147" />
      <trkpt lat="38.414211273193359" lon="-120.12210845947266" />
      <trkpt lat="38.414082527160645" lon="-120.12253761291504" />
      <trkpt lat="38.414018154144287" lon="-120.12296676635742" />
      <trkpt lat="38.413996696472168" lon="-120.12341737747192" />
      <trkpt lat="38.414061069488525" lon="-120.1240611076355" />
      <trkpt lat="38.414211273193359" lon="-120.12468338012695" />
      <trkpt lat="38.414554595947266" lon="-120.12571334838867" />
      <trkpt lat="38.41468334197998" lon="-120.12637853622437" />
      <trkpt lat="38.414661884307861" lon="-120.1270866394043" />
      <trkpt lat="38.414361476898193" lon="-120.12893199920654" />
      <trkpt lat="38.414382934570313" lon="-120.12961864471436" />
      <trkpt lat="38.414511680603027" lon="-120.13030529022217" />
      <trkpt lat="38.414726257324219" lon="-120.13139963150024" />
      <trkpt lat="38.414747714996338" lon="-120.13182878494263" />
      <trkpt lat="38.41468334197998" lon="-120.13249397277832" />
      <trkpt lat="38.41444730758667" lon="-120.13320207595825" />
      <trkpt lat="38.413503170013428" lon="-120.13547658920288" />
      <trkpt lat="38.41320276260376" lon="-120.13603448867798" />
      <trkpt lat="38.412902355194092" lon="-120.13644218444824" />
      <trkpt lat="38.412516117095947" lon="-120.13676404953003" />
      <trkpt lat="38.412172794342041" lon="-120.13693571090698" />
      <trkpt lat="38.411636352539063" lon="-120.13708591461182" />
      <trkpt lat="38.410563468933105" lon="-120.13719320297241" />
      <trkpt lat="38.410220146179199" lon="-120.13732194900513" />
      <trkpt lat="38.409919738769531" lon="-120.13749361038208" />
      <trkpt lat="38.409469127655029" lon="-120.13787984848022" />
      <trkpt lat="38.409125804901123" lon="-120.13837337493896" />
      <trkpt lat="38.408889770507813" lon="-120.13888835906982" />
      <trkpt lat="38.408761024475098" lon="-120.13933897018433" />
      <trkpt lat="38.408675193786621" lon="-120.14013290405273" />
      <trkpt lat="38.408739566802979" lon="-120.14079809188843" />
      <trkpt lat="38.408846855163574" lon="-120.14118432998657" />
      <trkpt lat="38.409318923950195" lon="-120.14257907867432" />
      <trkpt lat="38.409426212310791" lon="-120.14324426651001" />
      <trkpt lat="38.409426212310791" lon="-120.14369487762451" />
      <trkpt lat="38.409276008605957" lon="-120.1445746421814" />
      <trkpt lat="38.408632278442383" lon="-120.14594793319702" />
      <trkpt lat="38.40846061706543" lon="-120.14646291732788" />
      <trkpt lat="38.408331871032715" lon="-120.14714956283569" />
      <trkpt lat="38.408331871032715" lon="-120.14768600463867" />
      <trkpt lat="38.408417701721191" lon="-120.14832973480225" />
      <trkpt lat="38.409340381622314" lon="-120.15212774276733" />
      <trkpt lat="38.409426212310791" lon="-120.15305042266846" />
      <trkpt lat="38.409340381622314" lon="-120.15465974807739" />
      <trkpt lat="38.409233093261719" lon="-120.15532493591309" />
      <trkpt lat="38.409082889556885" lon="-120.15573263168335" />
      <trkpt lat="38.408889770507813" lon="-120.15609741210937" />
      <trkpt lat="38.408396244049072" lon="-120.15671968460083" />
      <trkpt lat="38.408052921295166" lon="-120.15697717666626" />
      <trkpt lat="38.407430648803711" lon="-120.15727758407593" />
      <trkpt lat="38.406293392181396" lon="-120.15777111053467" />
      <trkpt lat="38.405778408050537" lon="-120.15805006027222" />
      <trkpt lat="38.405306339263916" lon="-120.158371925354" />
      <trkpt lat="38.404726982116699" lon="-120.15888690948486" />
      <trkpt lat="38.404147624969482" lon="-120.15959501266479" />
      <trkpt lat="38.402323722839355" lon="-120.16221284866333" />
      <trkpt lat="38.401744365692139" lon="-120.16292095184326" />
      <trkpt lat="38.401079177856445" lon="-120.16358613967896" />
      <trkpt lat="38.398933410644531" lon="-120.16536712646484" />
      <trkpt lat="38.398675918579102" lon="-120.16568899154663" />
      <trkpt lat="38.398375511169434" lon="-120.16618251800537" />
      <trkpt lat="38.397281169891357" lon="-120.16849994659424" />
      <trkpt lat="38.39695930480957" lon="-120.16905784606934" />
      <trkpt lat="38.396444320678711" lon="-120.16968011856079" />
      <trkpt lat="38.39545726776123" lon="-120.17066717147827" />
      <trkpt lat="38.395113945007324" lon="-120.17116069793701" />
      <trkpt lat="38.394813537597656" lon="-120.17189025878906" />
      <trkpt lat="38.394663333892822" lon="-120.17268419265747" />
      <trkpt lat="38.394663333892822" lon="-120.17536640167236" />
      <trkpt lat="38.39447021484375" lon="-120.17613887786865" />
      <trkpt lat="38.394234180450439" lon="-120.17658948898315" />
      <trkpt lat="38.393547534942627" lon="-120.17751216888428" />
      <trkpt lat="38.393268585205078" lon="-120.17815589904785" />
      <trkpt lat="38.393161296844482" lon="-120.17871379852295" />
      <trkpt lat="38.393139839172363" lon="-120.17922878265381" />
      <trkpt lat="38.393290042877197" lon="-120.1813530921936" />
      <trkpt lat="38.393204212188721" lon="-120.18182516098022" />
      <trkpt lat="38.393032550811768" lon="-120.18225431442261" />
      <trkpt lat="38.392775058746338" lon="-120.18259763717651" />
      <trkpt lat="38.392517566680908" lon="-120.18281221389771" />
      <trkpt lat="38.392174243927002" lon="-120.18294095993042" />
      <trkpt lat="38.391745090484619" lon="-120.18300533294678" />
      <trkpt lat="38.389642238616943" lon="-120.18289804458618" />
      <trkpt lat="38.389191627502441" lon="-120.1830267906189" />
      <trkpt lat="38.388805389404297" lon="-120.18330574035645" />
      <trkpt lat="38.388097286224365" lon="-120.18397092819214" />
      <trkpt lat="38.387346267700195" lon="-120.18427133560181" />
      <trkpt lat="38.387002944946289" lon="-120.18446445465088" />
      <trkpt lat="38.386659622192383" lon="-120.18480777740479" />
      <trkpt lat="38.386273384094238" lon="-120.18534421920776" />
      <trkpt lat="38.385930061340332" lon="-120.18568754196167" />
      <trkpt lat="38.385608196258545" lon="-120.18585920333862" />
      <trkpt lat="38.385200500488281" lon="-120.18590211868286" />
      <trkpt lat="38.384706974029541" lon="-120.18575191497803" />
      <trkpt lat="38.383140563964844" lon="-120.18472194671631" />
      <trkpt lat="38.382647037506104" lon="-120.18459320068359" />
      <trkpt lat="38.382325172424316" lon="-120.18463611602783" />
      <trkpt lat="38.381831645965576" lon="-120.18489360809326" />
      <trkpt lat="38.381509780883789" lon="-120.18527984619141" />
      <trkpt lat="38.381338119506836" lon="-120.18564462661743" />
      <trkpt lat="38.381059169769287" lon="-120.18669605255127" />
      <trkpt lat="38.380844593048096" lon="-120.18716812133789" />
      <trkpt lat="38.380587100982666" lon="-120.18759727478027" />
      <trkpt lat="38.380222320556641" lon="-120.18800497055054" />
      <trkpt lat="38.379857540130615" lon="-120.18832683563232" />
      <trkpt lat="38.379321098327637" lon="-120.18860578536987" />
      <trkpt lat="38.378677368164062" lon="-120.18873453140259" />
      <trkpt lat="38.376338481903076" lon="-120.18879890441895" />
      <trkpt lat="38.376016616821289" lon="-120.18888473510742" />
      <trkpt lat="38.375716209411621" lon="-120.18903493881226" />
      <trkpt lat="38.375458717346191" lon="-120.18927097320557" />
      <trkpt lat="38.375265598297119" lon="-120.18957138061523" />
      <trkpt lat="38.374664783477783" lon="-120.19109487533569" />
      <trkpt lat="38.374385833740234" lon="-120.1915454864502" />
      <trkpt lat="38.374042510986328" lon="-120.19184589385986" />
      <trkpt lat="38.373613357543945" lon="-120.19206047058105" />
      <trkpt lat="38.372433185577393" lon="-120.19223213195801" />
      <trkpt lat="38.371961116790771" lon="-120.19236087799072" />
      <trkpt lat="38.371210098266602" lon="-120.19276857376099" />
      <trkpt lat="38.370823860168457" lon="-120.19311189651489" />
      <trkpt lat="38.370265960693359" lon="-120.19381999969482" />
      <trkpt lat="38.369107246398926" lon="-120.19600868225098" />
      <trkpt lat="38.368828296661377" lon="-120.19669532775879" />
      <trkpt lat="38.368399143218994" lon="-120.19809007644653" />
      <trkpt lat="38.36824893951416" lon="-120.19841194152832" />
      <trkpt lat="38.36775541305542" lon="-120.19903421401978" />
      <trkpt lat="38.367433547973633" lon="-120.19927024841309" />
      <trkpt lat="38.366274833679199" lon="-120.1998496055603" />
      <trkpt lat="38.365588188171387" lon="-120.20034313201904" />
      <trkpt lat="38.364923000335693" lon="-120.20092248916626" />
      <trkpt lat="38.364429473876953" lon="-120.20122289657593" />
      <trkpt lat="38.363807201385498" lon="-120.20139455795288" />
      <trkpt lat="38.363056182861328" lon="-120.20143747329712" />
      <trkpt lat="38.362669944763184" lon="-120.2015233039856" />
      <trkpt lat="38.362369537353516" lon="-120.20165205001831" />
      <trkpt lat="38.361983299255371" lon="-120.2019739151001" />
      <trkpt lat="38.361682891845703" lon="-120.20238161087036" />
      <trkpt lat="38.361446857452393" lon="-120.20285367965698" />
      <trkpt lat="38.36101770401001" lon="-120.20454883575439" />
      <trkpt lat="38.360803127288818" lon="-120.20523548126221" />
      <trkpt lat="38.360459804534912" lon="-120.20609378814697" />
      <trkpt lat="38.358464241027832" lon="-120.21070718765259" />
      <trkpt lat="38.358120918273926" lon="-120.2113938331604" />
      <trkpt lat="38.357734680175781" lon="-120.2118444442749" />
      <trkpt lat="38.35726261138916" lon="-120.21216630935669" />
      <trkpt lat="38.356833457946777" lon="-120.21233797073364" />
      <trkpt lat="38.356254100799561" lon="-120.21235942840576" />
      <trkpt lat="38.355889320373535" lon="-120.21227359771729" />
      <trkpt lat="38.35526704788208" lon="-120.2119517326355" />
      <trkpt lat="38.354194164276123" lon="-120.21090030670166" />
      <trkpt lat="38.353614807128906" lon="-120.21059989929199" />
      <trkpt lat="38.353292942047119" lon="-120.21053552627563" />
      <trkpt lat="38.353185653686523" lon="-120.21053552627563" />
      <trkpt lat="38.352949619293213" lon="-120.21053552627563" />
      <trkpt lat="38.352456092834473" lon="-120.21066427230835" />
      <trkpt lat="38.352155685424805" lon="-120.21081447601318" />
      <trkpt lat="38.350846767425537" lon="-120.21169424057007" />
      <trkpt lat="38.350224494934082" lon="-120.2119517326355" />
      <trkpt lat="38.349473476409912" lon="-120.21218776702881" />
      <trkpt lat="38.348658084869385" lon="-120.21240234375" />
      <trkpt lat="38.347949981689453" lon="-120.21265983581543" />
      <trkpt lat="38.347070217132568" lon="-120.21311044692993" />
      <trkpt lat="38.345932960510254" lon="-120.21381855010986" />
      <trkpt lat="38.345310688018799" lon="-120.21407604217529" />
      <trkpt lat="38.344259262084961" lon="-120.21429061889648" />
      <trkpt lat="38.34202766418457" lon="-120.21439790725708" />
      <trkpt lat="38.341512680053711" lon="-120.21448373794556" />
      <trkpt lat="38.341212272644043" lon="-120.21461248397827" />
      <trkpt lat="38.340890407562256" lon="-120.21480560302734" />
      <trkpt lat="38.340654373168945" lon="-120.21502017974854" />
      <trkpt lat="38.340332508087158" lon="-120.21544933319092" />
      <trkpt lat="38.340010643005371" lon="-120.21615743637085" />
      <trkpt lat="38.339881896972656" lon="-120.21718740463257" />
      <trkpt lat="38.339946269989014" lon="-120.21774530410767" />
      <trkpt lat="38.340353965759277" lon="-120.21937608718872" />
      <trkpt lat="38.340396881103516" lon="-120.22008419036865" />
      <trkpt lat="38.340396881103516" lon="-120.22055625915527" />
      <trkpt lat="38.340268135070801" lon="-120.22124290466309" />
      <trkpt lat="38.340117931365967" lon="-120.22169351577759" />
      <trkpt lat="38.339903354644775" lon="-120.22210121154785" />
      <trkpt lat="38.339409828186035" lon="-120.2228307723999" />
      <trkpt lat="38.335847854614258" lon="-120.22737979888916" />
      <trkpt lat="38.335182666778564" lon="-120.22838830947876" />
      <trkpt lat="38.334410190582275" lon="-120.2298903465271" />
      <trkpt lat="38.33228588104248" lon="-120.23476123809814" />
      <trkpt lat="38.331942558288574" lon="-120.23544788360596" />
      <trkpt lat="38.330976963043213" lon="-120.23701429367065" />
      <trkpt lat="38.323338031768799" lon="-120.24941682815552" />
      <trkpt lat="38.32280158996582" lon="-120.25042533874512" />
      <trkpt lat="38.32256555557251" lon="-120.25109052658081" />
      <trkpt lat="38.322393894195557" lon="-120.25173425674438" />
      <trkpt lat="38.322243690490723" lon="-120.25257110595703" />
      <trkpt lat="38.322200775146484" lon="-120.2528715133667" />
      <trkpt lat="38.322200775146484" lon="-120.25308609008789" />
      <trkpt lat="38.322179317474365" lon="-120.25355815887451" />
      <trkpt lat="38.322179317474365" lon="-120.25407314300537" />
      <trkpt lat="38.322200775146484" lon="-120.2543306350708" />
      <trkpt lat="38.32230806350708" lon="-120.25512456893921" />
      <trkpt lat="38.322501182556152" lon="-120.25611162185669" />
      <trkpt lat="38.322715759277344" lon="-120.257248878479" />
      <trkpt lat="38.322823047637939" lon="-120.25812864303589" />
      <trkpt lat="38.322823047637939" lon="-120.25827884674072" />
      <trkpt lat="38.322823047637939" lon="-120.25870800018311" />
      <trkpt lat="38.322780132293701" lon="-120.25900840759277" />
      <trkpt lat="38.322737216949463" lon="-120.25922298431396" />
      <trkpt lat="38.322501182556152" lon="-120.25988817214966" />
      <trkpt lat="38.32230806350708" lon="-120.2602744102478" />
      <trkpt lat="38.321943283081055" lon="-120.26078939437866" />
      <trkpt lat="38.321750164031982" lon="-120.26100397109985" />
      <trkpt lat="38.321449756622314" lon="-120.26124000549316" />
      <trkpt lat="38.320999145507813" lon="-120.26149749755859" />
      <trkpt lat="38.320848941802979" lon="-120.26158332824707" />
      <trkpt lat="38.320548534393311" lon="-120.2617335319519" />
      <trkpt lat="38.320226669311523" lon="-120.26188373565674" />
      <trkpt lat="38.320012092590332" lon="-120.26196956634521" />
      <trkpt lat="38.319733142852783" lon="-120.26209831237793" />
      <trkpt lat="38.319497108459473" lon="-120.26220560073853" />
      <trkpt lat="38.319218158721924" lon="-120.26235580444336" />
      <trkpt lat="38.319046497344971" lon="-120.26242017745972" />
      <trkpt lat="38.317437171936035" lon="-120.26314973831177" />
      <trkpt lat="38.316900730133057" lon="-120.26338577270508" />
      <trkpt lat="38.316535949707031" lon="-120.26355743408203" />
      <trkpt lat="38.31632137298584" lon="-120.26366472244263" />
      <trkpt lat="38.316042423248291" lon="-120.2638578414917" />
      <trkpt lat="38.315463066101074" lon="-120.2644157409668" />
      <trkpt lat="38.315334320068359" lon="-120.26456594467163" />
      <trkpt lat="38.315227031707764" lon="-120.26473760604858" />
      <trkpt lat="38.315098285675049" lon="-120.26490926742554" />
      <trkpt lat="38.314969539642334" lon="-120.26512384414673" />
      <trkpt lat="38.314883708953857" lon="-120.26527404785156" />
      <trkpt lat="38.314797878265381" lon="-120.26546716690063" />
      <trkpt lat="38.314733505249023" lon="-120.26563882827759" />
      <trkpt lat="38.314604759216309" lon="-120.26606798171997" />
      <trkpt lat="38.314497470855713" lon="-120.26649713516235" />
      <trkpt lat="38.314433097839355" lon="-120.26692628860474" />
      <trkpt lat="38.314433097839355" lon="-120.26696920394897" />
      <trkpt lat="38.314368724822998" lon="-120.26784896850586" />
      <trkpt lat="38.314347267150879" lon="-120.26808500289917" />
      <trkpt lat="38.314282894134521" lon="-120.26855707168579" />
      <trkpt lat="38.314218521118164" lon="-120.2687931060791" />
      <trkpt lat="38.314154148101807" lon="-120.26900768280029" />
      <trkpt lat="38.314003944396973" lon="-120.26952266693115" />
      <trkpt lat="38.313875198364258" lon="-120.2699089050293" />
      <trkpt lat="38.313789367675781" lon="-120.27012348175049" />
      <trkpt lat="38.313446044921875" lon="-120.27111053466797" />
      <trkpt lat="38.313360214233398" lon="-120.2713680267334" />
      <trkpt lat="38.312737941741943" lon="-120.27308464050293" />
      <trkpt lat="38.312351703643799" lon="-120.27424335479736" />
      <trkpt lat="38.311922550201416" lon="-120.27523040771484" />
      <trkpt lat="38.311471939086914" lon="-120.27606725692749" />
      <trkpt lat="38.310635089874268" lon="-120.27733325958252" />
      <trkpt lat="38.310098648071289" lon="-120.27784824371338" />
      <trkpt lat="38.310012817382812" lon="-120.27791261672974" />
      <trkpt lat="38.309862613677979" lon="-120.27797698974609" />
      <trkpt lat="38.309712409973145" lon="-120.27804136276245" />
      <trkpt lat="38.309540748596191" lon="-120.27808427810669" />
      <trkpt lat="38.309390544891357" lon="-120.27810573577881" />
      <trkpt lat="38.309218883514404" lon="-120.27810573577881" />
      <trkpt lat="38.309047222137451" lon="-120.27810573577881" />
      <trkpt lat="38.308918476104736" lon="-120.27808427810669" />
      <trkpt lat="38.308875560760498" lon="-120.27808427810669" />
      <trkpt lat="38.308553695678711" lon="-120.27795553207397" />
      <trkpt lat="38.308231830596924" lon="-120.2777624130249" />
      <trkpt lat="38.307974338531494" lon="-120.27754783630371" />
      <trkpt lat="38.307716846466064" lon="-120.27729034423828" />
      <trkpt lat="38.307673931121826" lon="-120.27724742889404" />
      <trkpt lat="38.30707311630249" lon="-120.27673244476318" />
      <trkpt lat="38.306622505187988" lon="-120.27653932571411" />
      <trkpt lat="38.306150436401367" lon="-120.27651786804199" />
      <trkpt lat="38.305141925811768" lon="-120.2767539024353" />
      <trkpt lat="38.303768634796143" lon="-120.27698993682861" />
      <trkpt lat="38.302974700927734" lon="-120.27692556381226" />
      <trkpt lat="38.301794528961182" lon="-120.27664661407471" />
      <trkpt lat="38.301322460174561" lon="-120.27666807174683" />
      <trkpt lat="38.301172256469727" lon="-120.27671098709106" />
      <trkpt lat="38.301064968109131" lon="-120.27677536010742" />
      <trkpt lat="38.300936222076416" lon="-120.27683973312378" />
      <trkpt lat="38.30082893371582" lon="-120.27690410614014" />
      <trkpt lat="38.300721645355225" lon="-120.27701139450073" />
      <trkpt lat="38.300635814666748" lon="-120.27711868286133" />
      <trkpt lat="38.300614356994629" lon="-120.27716159820557" />
      <trkpt lat="38.300378322601318" lon="-120.27746200561523" />
      <trkpt lat="38.300056457519531" lon="-120.27797698974609" />
      <trkpt lat="38.299949169158936" lon="-120.27812719345093" />
      <trkpt lat="38.29984188079834" lon="-120.27829885482788" />
      <trkpt lat="38.299734592437744" lon="-120.27847051620483" />
      <trkpt lat="38.29958438873291" lon="-120.27868509292603" />
      <trkpt lat="38.299047946929932" lon="-120.27952194213867" />
      <trkpt lat="38.298919200897217" lon="-120.27969360351562" />
      <trkpt lat="38.298726081848145" lon="-120.27992963790894" />
      <trkpt lat="38.298275470733643" lon="-120.28044462203979" />
      <trkpt lat="38.297975063323975" lon="-120.28076648712158" />
      <trkpt lat="38.29784631729126" lon="-120.2808952331543" />
      <trkpt lat="38.297696113586426" lon="-120.28104543685913" />
      <trkpt lat="38.29758882522583" lon="-120.28117418289185" />
      <trkpt lat="38.297481536865234" lon="-120.28132438659668" />
      <trkpt lat="38.29735279083252" lon="-120.28153896331787" />
      <trkpt lat="38.297181129455566" lon="-120.28194665908813" />
      <trkpt lat="38.297030925750732" lon="-120.28237581253052" />
      <trkpt lat="38.296709060668945" lon="-120.2832555770874" />
      <trkpt lat="38.29660177230835" lon="-120.28347015380859" />
      <trkpt lat="38.296430110931396" lon="-120.2839207649231" />
      <trkpt lat="38.296365737915039" lon="-120.28411388397217" />
      <trkpt lat="38.296151161193848" lon="-120.28473615646362" />
      <trkpt lat="38.296065330505371" lon="-120.2849292755127" />
      <trkpt lat="38.295872211456299" lon="-120.28525114059448" />
      <trkpt lat="38.295764923095703" lon="-120.28542280197144" />
      <trkpt lat="38.295550346374512" lon="-120.28568029403687" />
      <trkpt lat="38.295421600341797" lon="-120.28578758239746" />
      <trkpt lat="38.295292854309082" lon="-120.28587341308594" />
      <trkpt lat="38.295035362243652" lon="-120.28602361679077" />
      <trkpt lat="38.294541835784912" lon="-120.2862811088562" />
      <trkpt lat="38.294112682342529" lon="-120.28649568557739" />
      <trkpt lat="38.293941020965576" lon="-120.28660297393799" />
      <trkpt lat="38.293812274932861" lon="-120.28671026229858" />
      <trkpt lat="38.293683528900146" lon="-120.2868390083313" />
      <trkpt lat="38.293554782867432" lon="-120.28698921203613" />
      <trkpt lat="38.293468952178955" lon="-120.28716087341309" />
      <trkpt lat="38.293383121490479" lon="-120.28737545013428" />
      <trkpt lat="38.293297290802002" lon="-120.28763294219971" />
      <trkpt lat="38.292932510375977" lon="-120.28870582580566" />
      <trkpt lat="38.292803764343262" lon="-120.28909206390381" />
      <trkpt lat="38.292675018310547" lon="-120.28947830200195" />
      <trkpt lat="38.292610645294189" lon="-120.28969287872314" />
      <trkpt lat="38.292396068572998" lon="-120.29052972793579" />
      <trkpt lat="38.29235315322876" lon="-120.29074430465698" />
      <trkpt lat="38.291709423065186" lon="-120.29364109039307" />
      <trkpt lat="38.291666507720947" lon="-120.29392004013062" />
      <trkpt lat="38.29160213470459" lon="-120.29426336288452" />
      <trkpt lat="38.291559219360352" lon="-120.29449939727783" />
      <trkpt lat="38.291537761688232" lon="-120.29471397399902" />
      <trkpt lat="38.291537761688232" lon="-120.29495000839233" />
      <trkpt lat="38.291537761688232" lon="-120.29608726501465" />
      <trkpt lat="38.291516304016113" lon="-120.29643058776855" />
      <trkpt lat="38.291387557983398" lon="-120.29743909835815" />
      <trkpt lat="38.291301727294922" lon="-120.29763221740723" />
      <trkpt lat="38.291065692901611" lon="-120.29808282852173" />
      <trkpt lat="38.290936946868896" lon="-120.2982759475708" />
      <trkpt lat="38.290808200836182" lon="-120.29846906661987" />
      <trkpt lat="38.290679454803467" lon="-120.29857635498047" />
      <trkpt lat="38.290572166442871" lon="-120.29868364334106" />
      <trkpt lat="38.290443420410156" lon="-120.29876947402954" />
      <trkpt lat="38.290207386016846" lon="-120.29894113540649" />
      <trkpt lat="38.290035724639893" lon="-120.29902696609497" />
      <trkpt lat="38.28984260559082" lon="-120.29906988143921" />
      <trkpt lat="38.289456367492676" lon="-120.2991771697998" />
      <trkpt lat="38.289027214050293" lon="-120.29926300048828" />
      <trkpt lat="38.288791179656982" lon="-120.29932737350464" />
      <trkpt lat="38.288254737854004" lon="-120.29962778091431" />
      <trkpt lat="38.288168907165527" lon="-120.29969215393066" />
      <trkpt lat="38.287975788116455" lon="-120.29979944229126" />
      <trkpt lat="38.287868499755859" lon="-120.29986381530762" />
      <trkpt lat="38.286151885986328" lon="-120.30089378356934" />
      <trkpt lat="38.285143375396729" lon="-120.30179500579834" />
      <trkpt lat="38.284478187561035" lon="-120.30254602432251" />
      <trkpt lat="38.282439708709717" lon="-120.30514240264893" />
      <trkpt lat="38.281409740447998" lon="-120.30685901641846" />
      <trkpt lat="38.279950618743896" lon="-120.30945539474487" />
      <trkpt lat="38.279628753662109" lon="-120.31001329421997" />
      <trkpt lat="38.279392719268799" lon="-120.31029224395752" />
      <trkpt lat="38.278920650482178" lon="-120.31054973602295" />
      <trkpt lat="38.278512954711914" lon="-120.31057119369507" />
      <trkpt lat="38.277976512908936" lon="-120.31044244766235" />
      <trkpt lat="38.277311325073242" lon="-120.30994892120361" />
      <trkpt lat="38.276646137237549" lon="-120.30969142913818" />
      <trkpt lat="38.276216983795166" lon="-120.30969142913818" />
      <trkpt lat="38.275959491729736" lon="-120.30973434448242" />
      <trkpt lat="38.275294303894043" lon="-120.31012058258057" />
      <trkpt lat="38.274908065795898" lon="-120.31052827835083" />
      <trkpt lat="38.274736404418945" lon="-120.31080722808838" />
      <trkpt lat="38.27460765838623" lon="-120.3111720085144" />
      <trkpt lat="38.274478912353516" lon="-120.31181573867798" />
      <trkpt lat="38.274543285369873" lon="-120.31321048736572" />
      <trkpt lat="38.274521827697754" lon="-120.31387567520142" />
      <trkpt lat="38.274435997009277" lon="-120.31471252441406" />
      <trkpt lat="38.274157047271729" lon="-120.31582832336426" />
      <trkpt lat="38.274221420288086" lon="-120.31664371490479" />
      <trkpt lat="38.274135589599609" lon="-120.31698703765869" />
      <trkpt lat="38.273856639862061" lon="-120.31754493713379" />
      <trkpt lat="38.273749351501465" lon="-120.31786680221558" />
      <trkpt lat="38.273491859436035" lon="-120.31926155090332" />
      <trkpt lat="38.273320198059082" lon="-120.31964778900146" />
      <trkpt lat="38.27312707901001" lon="-120.31986236572266" />
      <trkpt lat="38.272290229797363" lon="-120.32042026519775" />
      <trkpt lat="38.271067142486572" lon="-120.32145023345947" />
      <trkpt lat="38.270487785339355" lon="-120.32228708267212" />
      <trkpt lat="38.270294666290283" lon="-120.32241582870483" />
      <trkpt lat="38.26988697052002" lon="-120.32252311706543" />
      <trkpt lat="38.269608020782471" lon="-120.32286643981934" />
      <trkpt lat="38.269350528717041" lon="-120.32355308532715" />
      <trkpt lat="38.269264698028564" lon="-120.32398223876953" />
      <trkpt lat="38.269329071044922" lon="-120.32464742660522" />
      <trkpt lat="38.269307613372803" lon="-120.32486200332642" />
      <trkpt lat="38.26862096786499" lon="-120.3257417678833" />
      <trkpt lat="38.268513679504395" lon="-120.32610654830933" />
      <trkpt lat="38.268578052520752" lon="-120.32651424407959" />
      <trkpt lat="38.26913595199585" lon="-120.32784461975098" />
      <trkpt lat="38.26913595199585" lon="-120.32825231552124" />
      <trkpt lat="38.268964290618896" lon="-120.32951831817627" />
      <trkpt lat="38.268921375274658" lon="-120.32962560653687" />
      <trkpt lat="38.26862096786499" lon="-120.32992601394653" />
      <trkpt lat="38.268277645111084" lon="-120.33037662506104" />
      <trkpt lat="38.267955780029297" lon="-120.3312349319458" />
      <trkpt lat="38.26763391494751" lon="-120.33153533935547" />
      <trkpt lat="38.267397880554199" lon="-120.33164262771606" />
      <trkpt lat="38.266453742980957" lon="-120.33200740814209" />
      <trkpt lat="38.266024589538574" lon="-120.33230781555176" />
      <trkpt lat="38.265616893768311" lon="-120.33267259597778" />
      <trkpt lat="38.265402317047119" lon="-120.33299446105957" />
      <trkpt lat="38.264994621276855" lon="-120.3337025642395" />
      <trkpt lat="38.264458179473877" lon="-120.33486127853394" />
      <trkpt lat="38.264093399047852" lon="-120.33546209335327" />
      <trkpt lat="38.263728618621826" lon="-120.33584833145142" />
      <trkpt lat="38.262870311737061" lon="-120.33651351928711" />
      <trkpt lat="38.262312412261963" lon="-120.33692121505737" />
      <trkpt lat="38.261926174163818" lon="-120.3372859954834" />
      <trkpt lat="38.260767459869385" lon="-120.33872365951538" />
      <trkpt lat="38.257763385772705" lon="-120.34286499023437" />
      <trkpt lat="38.257377147674561" lon="-120.34361600875854" />
      <trkpt lat="38.257119655609131" lon="-120.34462451934814" />
      <trkpt lat="38.256604671478271" lon="-120.34728527069092" />
      <trkpt lat="38.256518840789795" lon="-120.34775733947754" />
      <trkpt lat="38.256411552429199" lon="-120.3482723236084" />
      <trkpt lat="38.256325721740723" lon="-120.3487229347229" />
      <trkpt lat="38.256218433380127" lon="-120.34919500350952" />
      <trkpt lat="38.255424499511719" lon="-120.3512978553772" />
      <trkpt lat="38.2554030418396" lon="-120.35134077072144" />
      <trkpt lat="38.255038261413574" lon="-120.35222053527832" />
      <trkpt lat="38.254930973052979" lon="-120.35249948501587" />
      <trkpt lat="38.254609107971191" lon="-120.35316467285156" />
      <trkpt lat="38.254222869873047" lon="-120.35370111465454" />
      <trkpt lat="38.253343105316162" lon="-120.3547739982605" />
      <trkpt lat="38.253192901611328" lon="-120.35496711730957" />
      <trkpt lat="38.253107070922852" lon="-120.35509586334229" />
      <trkpt lat="38.252527713775635" lon="-120.35582542419434" />
      <trkpt lat="38.252356052398682" lon="-120.35601854324341" />
      <trkpt lat="38.251497745513916" lon="-120.35711288452148" />
      <trkpt lat="38.25139045715332" lon="-120.35728454589844" />
      <trkpt lat="38.251047134399414" lon="-120.35767078399658" />
      <trkpt lat="38.250982761383057" lon="-120.35773515701294" />
      <trkpt lat="38.250854015350342" lon="-120.35788536071777" />
      <trkpt lat="38.250703811645508" lon="-120.35801410675049" />
      <trkpt lat="38.25040340423584" lon="-120.35829305648804" />
      <trkpt lat="38.249931335449219" lon="-120.35865783691406" />
      <trkpt lat="38.248794078826904" lon="-120.35919427871704" />
      <trkpt lat="38.246133327484131" lon="-120.36005258560181" />
      <trkpt lat="38.245124816894531" lon="-120.36033153533936" />
      <trkpt lat="38.243386745452881" lon="-120.3607177734375" />
      <trkpt lat="38.242442607879639" lon="-120.36110401153564" />
      <trkpt lat="38.242228031158447" lon="-120.36121129989624" />
      <trkpt lat="38.242013454437256" lon="-120.36131858825684" />
      <trkpt lat="38.241541385650635" lon="-120.36155462265015" />
      <trkpt lat="38.240747451782227" lon="-120.36196231842041" />
      <trkpt lat="38.239116668701172" lon="-120.36275625228882" />
      <trkpt lat="38.239073753356934" lon="-120.36277770996094" />
      <trkpt lat="38.238301277160645" lon="-120.36324977874756" />
      <trkpt lat="38.237357139587402" lon="-120.36415100097656" />
      <trkpt lat="38.236949443817139" lon="-120.36449432373047" />
      <trkpt lat="38.236477375030518" lon="-120.3647518157959" />
      <trkpt lat="38.235876560211182" lon="-120.36496639251709" />
      <trkpt lat="38.235898017883301" lon="-120.36569595336914" />
      <trkpt lat="38.235833644866943" lon="-120.36597490310669" />
      <trkpt lat="38.235404491424561" lon="-120.3667688369751" />
      <trkpt lat="38.235232830047607" lon="-120.36717653274536" />
      <trkpt lat="38.235018253326416" lon="-120.36749839782715" />
      <trkpt lat="38.23467493057251" lon="-120.36788463592529" />
      <trkpt lat="38.234567642211914" lon="-120.36814212799072" />
      <trkpt lat="38.234009742736816" lon="-120.36908626556396" />
      <trkpt lat="38.233709335327148" lon="-120.36934375762939" />
      <trkpt lat="38.233366012573242" lon="-120.36955833435059" />
      <trkpt lat="38.233065605163574" lon="-120.36990165710449" />
      <trkpt lat="38.232851028442383" lon="-120.37028789520264" />
      <trkpt lat="38.232486248016357" lon="-120.37108182907104" />
      <trkpt lat="38.232057094573975" lon="-120.37146806716919" />
      <trkpt lat="38.23192834854126" lon="-120.37168264389038" />
      <trkpt lat="38.231821060180664" lon="-120.37187576293945" />
      <trkpt lat="38.231799602508545" lon="-120.372154712677" />
      <trkpt lat="38.231735229492188" lon="-120.37232637405396" />
      <trkpt lat="38.2314133644104" lon="-120.37254095077515" />
      <trkpt lat="38.231070041656494" lon="-120.37292718887329" />
      <trkpt lat="38.230597972869873" lon="-120.37376403808594" />
      <trkpt lat="38.23042631149292" lon="-120.37391424179077" />
      <trkpt lat="38.230104446411133" lon="-120.37400007247925" />
      <trkpt lat="38.229053020477295" lon="-120.37430047988892" />
      <trkpt lat="38.227744102478027" lon="-120.37479400634766" />
      <trkpt lat="38.227593898773193" lon="-120.37496566772461" />
      <trkpt lat="38.227443695068359" lon="-120.37543773651123" />
      <trkpt lat="38.227379322052002" lon="-120.37588834762573" />
      <trkpt lat="38.227357864379883" lon="-120.37687540054321" />
      <trkpt lat="38.22718620300293" lon="-120.37736892700195" />
      <trkpt lat="38.226885795593262" lon="-120.37756204605103" />
      <trkpt lat="38.225705623626709" lon="-120.37790536880493" />
      <trkpt lat="38.224954605102539" lon="-120.37829160690308" />
      <trkpt lat="38.224568367004395" lon="-120.37833452224731" />
      <trkpt lat="38.224096298217773" lon="-120.37827014923096" />
      <trkpt lat="38.22343111038208" lon="-120.37824869155884" />
      <trkpt lat="38.222873210906982" lon="-120.37788391113281" />
      <trkpt lat="38.222529888153076" lon="-120.37784099578857" />
      <trkpt lat="38.222379684448242" lon="-120.37786245346069" />
      <trkpt lat="38.221650123596191" lon="-120.37786245346069" />
      <trkpt lat="38.221070766448975" lon="-120.37792682647705" />
      <trkpt lat="38.220298290252686" lon="-120.37814140319824" />
      <trkpt lat="38.219547271728516" lon="-120.3782057762146" />
      <trkpt lat="38.21918249130249" lon="-120.37818431854248" />
      <trkpt lat="38.218088150024414" lon="-120.37844181060791" />
      <trkpt lat="38.216757774353027" lon="-120.37861347198486" />
      <trkpt lat="38.215963840484619" lon="-120.37861347198486" />
      <trkpt lat="38.215727806091309" lon="-120.37867784500122" />
      <trkpt lat="38.215084075927734" lon="-120.37891387939453" />
      <trkpt lat="38.21394681930542" lon="-120.37949323654175" />
      <trkpt lat="38.21368932723999" lon="-120.37975072860718" />
      <trkpt lat="38.213131427764893" lon="-120.38048028945923" />
      <trkpt lat="38.212788105010986" lon="-120.38080215454102" />
      <trkpt lat="38.212401866912842" lon="-120.38159608840942" />
      <trkpt lat="38.211865425109863" lon="-120.38249731063843" />
      <trkpt lat="38.211629390716553" lon="-120.38311958312988" />
      <trkpt lat="38.211479187011719" lon="-120.38333415985107" />
      <trkpt lat="38.211307525634766" lon="-120.38348436355591" />
      <trkpt lat="38.211157321929932" lon="-120.38363456726074" />
      <trkpt lat="38.211071491241455" lon="-120.38399934768677" />
      <trkpt lat="38.211092948913574" lon="-120.38502931594849" />
      <trkpt lat="38.210964202880859" lon="-120.3856086730957" />
      <trkpt lat="38.210577964782715" lon="-120.38608074188232" />
      <trkpt lat="38.210427761077881" lon="-120.3867244720459" />
      <trkpt lat="38.210148811340332" lon="-120.38689613342285" />
      <trkpt lat="38.209633827209473" lon="-120.38704633712769" />
      <trkpt lat="38.208775520324707" lon="-120.38704633712769" />
      <trkpt lat="38.208496570587158" lon="-120.38719654083252" />
      <trkpt lat="38.20819616317749" lon="-120.3877329826355" />
      <trkpt lat="38.207852840423584" lon="-120.38859128952026" />
      <trkpt lat="38.20770263671875" lon="-120.38912773132324" />
      <trkpt lat="38.207144737243652" lon="-120.38981437683105" />
      <trkpt lat="38.206737041473389" lon="-120.39047956466675" />
      <trkpt lat="38.206415176391602" lon="-120.39082288742065" />
      <trkpt lat="38.205792903900146" lon="-120.39108037948608" />
      <trkpt lat="38.205363750457764" lon="-120.39155244827271" />
      <trkpt lat="38.204998970031738" lon="-120.39180994033813" />
      <trkpt lat="38.204505443572998" lon="-120.39185285568237" />
      <trkpt lat="38.204162120819092" lon="-120.39204597473145" />
      <trkpt lat="38.202681541442871" lon="-120.39202451705933" />
      <trkpt lat="38.202424049377441" lon="-120.39219617843628" />
      <trkpt lat="38.20220947265625" lon="-120.39260387420654" />
      <trkpt lat="38.202037811279297" lon="-120.39273262023926" />
      <trkpt lat="38.201737403869629" lon="-120.39290428161621" />
      <trkpt lat="38.201179504394531" lon="-120.39303302764893" />
      <trkpt lat="38.200922012329102" lon="-120.39296865463257" />
      <trkpt lat="38.200836181640625" lon="-120.39290428161621" />
      <trkpt lat="38.200814723968506" lon="-120.39301156997681" />
      <trkpt lat="38.200814723968506" lon="-120.39316177368164" />
      <trkpt lat="38.201029300689697" lon="-120.39380550384521" />
      <trkpt lat="38.201093673706055" lon="-120.39425611495972" />
      <trkpt lat="38.200836181640625" lon="-120.39584398269653" />
      <trkpt lat="38.200728893280029" lon="-120.39608001708984" />
      <trkpt lat="38.200192451477051" lon="-120.39676666259766" />
      <trkpt lat="38.199398517608643" lon="-120.39751768112183" />
      <trkpt lat="38.199055194854736" lon="-120.39788246154785" />
      <trkpt lat="38.198668956756592" lon="-120.39837598800659" />
      <trkpt lat="38.19746732711792" lon="-120.399169921875" />
      <trkpt lat="38.196866512298584" lon="-120.39983510971069" />
      <trkpt lat="38.196673393249512" lon="-120.40022134780884" />
      <trkpt lat="38.196437358856201" lon="-120.40178775787354" />
      <trkpt lat="38.196287155151367" lon="-120.40221691131592" />
      <trkpt lat="38.19572925567627" lon="-120.40283918380737" />
      <trkpt lat="38.195343017578125" lon="-120.40352582931519" />
      <trkpt lat="38.194999694824219" lon="-120.40384769439697" />
      <trkpt lat="38.194742202758789" lon="-120.40397644042969" />
      <trkpt lat="38.194699287414551" lon="-120.40408372879028" />
      <trkpt lat="38.194506168365479" lon="-120.40502786636353" />
      <trkpt lat="38.19422721862793" lon="-120.4057788848877" />
      <trkpt lat="38.194184303283691" lon="-120.40601491928101" />
      <trkpt lat="38.194248676300049" lon="-120.40659427642822" />
      <trkpt lat="38.194398880004883" lon="-120.40725946426392" />
      <trkpt lat="38.194313049316406" lon="-120.40839672088623" />
      <trkpt lat="38.194119930267334" lon="-120.40895462036133" />
      <trkpt lat="38.193132877349854" lon="-120.41064977645874" />
      <trkpt lat="38.19298267364502" lon="-120.41120767593384" />
      <trkpt lat="38.192875385284424" lon="-120.41208744049072" />
      <trkpt lat="38.19298267364502" lon="-120.41247367858887" />
      <trkpt lat="38.193283081054687" lon="-120.41294574737549" />
      <trkpt lat="38.195085525512695" lon="-120.41461944580078" />
      <trkpt lat="38.19572925567627" lon="-120.41487693786621" />
      <trkpt lat="38.196115493774414" lon="-120.41543483734131" />
      <trkpt lat="38.196394443511963" lon="-120.41629314422607" />
      <trkpt lat="38.196759223937988" lon="-120.41706562042236" />
      <trkpt lat="38.197124004364014" lon="-120.41753768920898" />
      <trkpt lat="38.197681903839111" lon="-120.41792392730713" />
      <trkpt lat="38.197939395904541" lon="-120.41818141937256" />
      <trkpt lat="38.198325634002686" lon="-120.41910409927368" />
      <trkpt lat="38.198411464691162" lon="-120.41951179504395" />
      <trkpt lat="38.198325634002686" lon="-120.41987657546997" />
      <trkpt lat="38.198111057281494" lon="-120.42000532150269" />
      <trkpt lat="38.19772481918335" lon="-120.42009115219116" />
      <trkpt lat="38.197596073150635" lon="-120.42028427124023" />
      <trkpt lat="38.197531700134277" lon="-120.42047739028931" />
      <trkpt lat="38.197574615478516" lon="-120.42082071304321" />
      <trkpt lat="38.197810649871826" lon="-120.42122840881348" />
      <trkpt lat="38.197875022888184" lon="-120.42178630828857" />
      <trkpt lat="38.197810649871826" lon="-120.42219400405884" />
      <trkpt lat="38.197531700134277" lon="-120.42296648025513" />
      <trkpt lat="38.197875022888184" lon="-120.42339563369751" />
      <trkpt lat="38.197982311248779" lon="-120.4237174987793" />
      <trkpt lat="38.197982311248779" lon="-120.42397499084473" />
      <trkpt lat="38.197832107543945" lon="-120.42446851730347" />
      <trkpt lat="38.197746276855469" lon="-120.42511224746704" />
      <trkpt lat="38.197638988494873" lon="-120.42528390884399" />
      <trkpt lat="38.197424411773682" lon="-120.42541265487671" />
      <trkpt lat="38.197360038757324" lon="-120.4255199432373" />
      <trkpt lat="38.197402954101563" lon="-120.42567014694214" />
      <trkpt lat="38.197875022888184" lon="-120.42627096176147" />
      <trkpt lat="38.198046684265137" lon="-120.42676448822021" />
      <trkpt lat="38.198025226593018" lon="-120.42700052261353" />
      <trkpt lat="38.197917938232422" lon="-120.4271936416626" />
      <trkpt lat="38.197531700134277" lon="-120.42725801467896" />
      <trkpt lat="38.197445869445801" lon="-120.42740821838379" />
      <trkpt lat="38.197510242462158" lon="-120.4276442527771" />
      <trkpt lat="38.197681903839111" lon="-120.42803049087524" />
      <trkpt lat="38.197746276855469" lon="-120.42837381362915" />
      <trkpt lat="38.197746276855469" lon="-120.42893171310425" />
      <trkpt lat="38.197596073150635" lon="-120.42944669723511" />
      <trkpt lat="38.196780681610107" lon="-120.43077707290649" />
      <trkpt lat="38.196630477905273" lon="-120.43124914169312" />
      <trkpt lat="38.196351528167725" lon="-120.43262243270874" />
      <trkpt lat="38.195986747741699" lon="-120.43337345123291" />
      <trkpt lat="38.195621967315674" lon="-120.43388843536377" />
      <trkpt lat="38.195557594299316" lon="-120.43446779251099" />
      <trkpt lat="38.19547176361084" lon="-120.43466091156006" />
      <trkpt lat="38.195235729217529" lon="-120.43493986129761" />
      <trkpt lat="38.194742202758789" lon="-120.43622732162476" />
      <trkpt lat="38.194591999053955" lon="-120.43642044067383" />
      <trkpt lat="38.194420337677002" lon="-120.43652772903442" />
      <trkpt lat="38.194248676300049" lon="-120.43652772903442" />
      <trkpt lat="38.194034099578857" lon="-120.43635606765747" />
      <trkpt lat="38.193883895874023" lon="-120.43644189834595" />
      <trkpt lat="38.193840980529785" lon="-120.4366135597229" />
      <trkpt lat="38.193819522857666" lon="-120.43715000152588" />
      <trkpt lat="38.19371223449707" lon="-120.43734312057495" />
      <trkpt lat="38.193347454071045" lon="-120.43781518936157" />
      <trkpt lat="38.193175792694092" lon="-120.43811559677124" />
      <trkpt lat="38.193004131317139" lon="-120.43901681900024" />
      <trkpt lat="38.192875385284424" lon="-120.43940305709839" />
      <trkpt lat="38.192596435546875" lon="-120.43989658355713" />
      <trkpt lat="38.192510604858398" lon="-120.43976783752441" />
      <trkpt lat="38.192403316497803" lon="-120.43981075286865" />
      <trkpt lat="38.192145824432373" lon="-120.44041156768799" />
      <trkpt lat="38.19221019744873" lon="-120.44101238250732" />
      <trkpt lat="38.192145824432373" lon="-120.44133424758911" />
      <trkpt lat="38.192059993743896" lon="-120.44148445129395" />
      <trkpt lat="38.191802501678467" lon="-120.4416561126709" />
      <trkpt lat="38.19072961807251" lon="-120.44195652008057" />
      <trkpt lat="38.190429210662842" lon="-120.4421067237854" />
      <trkpt lat="38.189828395843506" lon="-120.44260025024414" />
      <trkpt lat="38.189549446105957" lon="-120.4430079460144" />
      <trkpt lat="38.189120292663574" lon="-120.44386625289917" />
      <trkpt lat="38.188583850860596" lon="-120.44429540634155" />
      <trkpt lat="38.188347816467285" lon="-120.4445743560791" />
      <trkpt lat="38.188004493713379" lon="-120.44556140899658" />
      <trkpt lat="38.187918663024902" lon="-120.44624805450439" />
      <trkpt lat="38.187854290008545" lon="-120.44644117355347" />
      <trkpt lat="38.187704086303711" lon="-120.44654846191406" />
      <trkpt lat="38.187339305877686" lon="-120.44656991958618" />
      <trkpt lat="38.187081813812256" lon="-120.44667720794678" />
      <trkpt lat="38.186652660369873" lon="-120.4471492767334" />
      <trkpt lat="38.186309337615967" lon="-120.44747114181519" />
      <trkpt lat="38.186180591583252" lon="-120.44766426086426" />
      <trkpt lat="38.18598747253418" lon="-120.44813632965088" />
      <trkpt lat="38.185815811157227" lon="-120.44843673706055" />
      <trkpt lat="38.18523645401001" lon="-120.4491662979126" />
      <trkpt lat="38.185043334960938" lon="-120.44923067092896" />
      <trkpt lat="38.184914588928223" lon="-120.44908046722412" />
      <trkpt lat="38.18472146987915" lon="-120.44837236404419" />
      <trkpt lat="38.184335231781006" lon="-120.44772863388062" />
      <trkpt lat="38.1839919090271" lon="-120.44729948043823" />
      <trkpt lat="38.183798789978027" lon="-120.44695615768433" />
      <trkpt lat="38.183648586273193" lon="-120.44689178466797" />
      <trkpt lat="38.183326721191406" lon="-120.44687032699585" />
      <trkpt lat="38.182790279388428" lon="-120.44648408889771" />
      <trkpt lat="38.182425498962402" lon="-120.44624805450439" />
      <trkpt lat="38.181803226470947" lon="-120.44605493545532" />
      <trkpt lat="38.181416988372803" lon="-120.44584035873413" />
      <trkpt lat="38.181352615356445" lon="-120.44596910476685" />
      <trkpt lat="38.181374073028564" lon="-120.44607639312744" />
      <trkpt lat="38.181674480438232" lon="-120.44661283493042" />
      <trkpt lat="38.181674480438232" lon="-120.44678449630737" />
      <trkpt lat="38.181610107421875" lon="-120.44693470001221" />
      <trkpt lat="38.181438446044922" lon="-120.44710636138916" />
      <trkpt lat="38.18073034286499" lon="-120.44757843017578" />
      <trkpt lat="38.180344104766846" lon="-120.44772863388062" />
      <trkpt lat="38.180065155029297" lon="-120.44772863388062" />
      <trkpt lat="38.180000782012939" lon="-120.44772863388062" />
      <trkpt lat="38.179614543914795" lon="-120.44775009155273" />
      <trkpt lat="38.17873477935791" lon="-120.44798612594604" />
      <trkpt lat="38.178026676177979" lon="-120.44794321060181" />
      <trkpt lat="38.176825046539307" lon="-120.44852256774902" />
      <trkpt lat="38.176460266113281" lon="-120.44856548309326" />
      <trkpt lat="38.176074028015137" lon="-120.44858694076538" />
      <trkpt lat="38.175601959228516" lon="-120.44880151748657" />
      <trkpt lat="38.174657821655273" lon="-120.44929504394531" />
      <trkpt lat="38.174228668212891" lon="-120.4496169090271" />
      <trkpt lat="38.173434734344482" lon="-120.45038938522339" />
      <trkpt lat="38.173048496246338" lon="-120.45066833496094" />
      <trkpt lat="38.172812461853027" lon="-120.45092582702637" />
      <trkpt lat="38.172705173492432" lon="-120.45114040374756" />
      <trkpt lat="38.17225456237793" lon="-120.45244932174683" />
      <trkpt lat="38.172190189361572" lon="-120.45283555984497" />
      <trkpt lat="38.172233104705811" lon="-120.45324325561523" />
      <trkpt lat="38.172447681427002" lon="-120.45408010482788" />
      <trkpt lat="38.17274808883667" lon="-120.45508861541748" />
      <trkpt lat="38.172705173492432" lon="-120.45545339584351" />
      <trkpt lat="38.172576427459717" lon="-120.45654773712158" />
      <trkpt lat="38.172190189361572" lon="-120.45762062072754" />
      <trkpt lat="38.172147274017334" lon="-120.45835018157959" />
      <trkpt lat="38.172190189361572" lon="-120.45873641967773" />
      <trkpt lat="38.172276020050049" lon="-120.45895099639893" />
      <trkpt lat="38.172404766082764" lon="-120.45912265777588" />
      <trkpt lat="38.17274808883667" lon="-120.45940160751343" />
      <trkpt lat="38.172898292541504" lon="-120.45965909957886" />
      <trkpt lat="38.173069953918457" lon="-120.46038866043091" />
      <trkpt lat="38.173112869262695" lon="-120.46083927154541" />
      <trkpt lat="38.173027038574219" lon="-120.46180486679077" />
      <trkpt lat="38.173069953918457" lon="-120.46249151229858" />
      <trkpt lat="38.172898292541504" lon="-120.46350002288818" />
      <trkpt lat="38.17298412322998" lon="-120.46480894088745" />
      <trkpt lat="38.172876834869385" lon="-120.46515226364136" />
      <trkpt lat="38.17249059677124" lon="-120.46592473983765" />
      <trkpt lat="38.1719970703125" lon="-120.46667575836182" />
      <trkpt lat="38.171825408935547" lon="-120.46682596206665" />
      <trkpt lat="38.171610832214355" lon="-120.46684741973877" />
      <trkpt lat="38.171224594116211" lon="-120.46667575836182" />
      <trkpt lat="38.171052932739258" lon="-120.4665470123291" />
      <trkpt lat="38.170709609985352" lon="-120.46618223190308" />
      <trkpt lat="38.170559406280518" lon="-120.4662036895752" />
      <trkpt lat="38.17049503326416" lon="-120.46624660491943" />
      <trkpt lat="38.170344829559326" lon="-120.46661138534546" />
      <trkpt lat="38.169980049133301" lon="-120.46792030334473" />
      <trkpt lat="38.169872760772705" lon="-120.46815633773804" />
      <trkpt lat="38.169593811035156" lon="-120.4685640335083" />
      <trkpt lat="38.169529438018799" lon="-120.46873569488525" />
      <trkpt lat="38.169529438018799" lon="-120.46910047531128" />
      <trkpt lat="38.169636726379395" lon="-120.4694652557373" />
      <trkpt lat="38.169786930084229" lon="-120.4696798324585" />
      <trkpt lat="38.170087337493896" lon="-120.46980857849121" />
      <trkpt lat="38.170151710510254" lon="-120.46991586685181" />
      <trkpt lat="38.170130252838135" lon="-120.4700231552124" />
      <trkpt lat="38.170087337493896" lon="-120.47006607055664" />
      <trkpt lat="38.169443607330322" lon="-120.47025918960571" />
      <trkpt lat="38.169164657592773" lon="-120.47062397003174" />
      <trkpt lat="38.169057369232178" lon="-120.47096729278564" />
      <trkpt lat="38.169078826904297" lon="-120.47139644622803" />
      <trkpt lat="38.168864250183105" lon="-120.47178268432617" />
      <trkpt lat="38.168778419494629" lon="-120.47201871871948" />
      <trkpt lat="38.16875696182251" lon="-120.47234058380127" />
      <trkpt lat="38.168671131134033" lon="-120.47246932983398" />
      <trkpt lat="38.16826343536377" lon="-120.47255516052246" />
      <trkpt lat="38.167941570281982" lon="-120.47268390655518" />
      <trkpt lat="38.167362213134766" lon="-120.47264099121094" />
      <trkpt lat="38.166868686676025" lon="-120.47281265258789" />
      <trkpt lat="38.166460990905762" lon="-120.47279119491577" />
      <trkpt lat="38.165946006774902" lon="-120.47268390655518" />
      <trkpt lat="38.165774345397949" lon="-120.47274827957153" />
      <trkpt lat="38.165645599365234" lon="-120.47285556793213" />
      <trkpt lat="38.165173530578613" lon="-120.47328472137451" />
      <trkpt lat="38.164637088775635" lon="-120.47352075576782" />
      <trkpt lat="38.164143562316895" lon="-120.47386407852173" />
      <trkpt lat="38.163156509399414" lon="-120.47418594360352" />
      <trkpt lat="38.162319660186768" lon="-120.47487258911133" />
      <trkpt lat="38.16199779510498" lon="-120.4750657081604" />
      <trkpt lat="38.160774707794189" lon="-120.47641754150391" />
      <trkpt lat="38.160624504089355" lon="-120.4765248298645" />
      <trkpt lat="38.160495758056641" lon="-120.47654628753662" />
      <trkpt lat="38.160302639007568" lon="-120.47641754150391" />
      <trkpt lat="38.159830570220947" lon="-120.47583818435669" />
      <trkpt lat="38.158993721008301" lon="-120.47470092773437" />
      <trkpt lat="38.158843517303467" lon="-120.47455072402954" />
      <trkpt lat="38.158028125762939" lon="-120.4741644859314" />
      <trkpt lat="38.156332969665527" lon="-120.47364950180054" />
      <trkpt lat="38.154916763305664" lon="-120.47334909439087" />
      <trkpt lat="38.154466152191162" lon="-120.47339200973511" />
      <trkpt lat="38.154208660125732" lon="-120.47352075576782" />
      <trkpt lat="38.154058456420898" lon="-120.47369241714478" />
      <trkpt lat="38.153994083404541" lon="-120.47384262084961" />
      <trkpt lat="38.153994083404541" lon="-120.47399282455444" />
      <trkpt lat="38.154315948486328" lon="-120.47425031661987" />
      <trkpt lat="38.15526008605957" lon="-120.47480821609497" />
      <trkpt lat="38.155388832092285" lon="-120.47500133514404" />
      <trkpt lat="38.155388832092285" lon="-120.47519445419312" />
      <trkpt lat="38.155152797698975" lon="-120.47525882720947" />
      <trkpt lat="38.154573440551758" lon="-120.47504425048828" />
      <trkpt lat="38.153629302978516" lon="-120.475172996521" />
      <trkpt lat="38.152534961700439" lon="-120.47470092773437" />
      <trkpt lat="38.151869773864746" lon="-120.47418594360352" />
      <trkpt lat="38.151633739471436" lon="-120.47414302825928" />
      <trkpt lat="38.151462078094482" lon="-120.47418594360352" />
      <trkpt lat="38.151311874389648" lon="-120.47442197799683" />
      <trkpt lat="38.151161670684814" lon="-120.47583818435669" />
      <trkpt lat="38.151161670684814" lon="-120.47622442245483" />
      <trkpt lat="38.15126895904541" lon="-120.47682523727417" />
      <trkpt lat="38.151226043701172" lon="-120.47695398330688" />
      <trkpt lat="38.151118755340576" lon="-120.47695398330688" />
      <trkpt lat="38.150861263275146" lon="-120.47631025314331" />
      <trkpt lat="38.150668144226074" lon="-120.47553777694702" />
      <trkpt lat="38.150389194488525" lon="-120.47482967376709" />
      <trkpt lat="38.15028190612793" lon="-120.47435760498047" />
      <trkpt lat="38.150110244750977" lon="-120.4740571975708" />
      <trkpt lat="38.149831295013428" lon="-120.47390699386597" />
      <trkpt lat="38.149166107177734" lon="-120.47392845153809" />
      <trkpt lat="38.148844242095947" lon="-120.47403573989868" />
      <trkpt lat="38.148694038391113" lon="-120.47399282455444" />
      <trkpt lat="38.148543834686279" lon="-120.47384262084961" />
      <trkpt lat="38.14828634262085" lon="-120.47343492507935" />
      <trkpt lat="38.148093223571777" lon="-120.47326326370239" />
      <trkpt lat="38.147706985473633" lon="-120.47313451766968" />
      <trkpt lat="38.147106170654297" lon="-120.47309160232544" />
      <trkpt lat="38.146548271179199" lon="-120.47270536422729" />
      <trkpt lat="38.145904541015625" lon="-120.47255516052246" />
      <trkpt lat="38.145625591278076" lon="-120.47229766845703" />
      <trkpt lat="38.145260810852051" lon="-120.47199726104736" />
      <trkpt lat="38.144810199737549" lon="-120.47180414199829" />
      <trkpt lat="38.144595623016357" lon="-120.47180414199829" />
      <trkpt lat="38.144338130950928" lon="-120.47191143035889" />
      <trkpt lat="38.144230842590332" lon="-120.47188997268677" />
      <trkpt lat="38.144187927246094" lon="-120.47180414199829" />
      <trkpt lat="38.144145011901855" lon="-120.4700231552124" />
      <trkpt lat="38.143908977508545" lon="-120.46931505203247" />
      <trkpt lat="38.143608570098877" lon="-120.46880006790161" />
      <trkpt lat="38.142814636230469" lon="-120.46781301498413" />
      <trkpt lat="38.142364025115967" lon="-120.46708345413208" />
      <trkpt lat="38.141806125640869" lon="-120.46631097793579" />
      <trkpt lat="38.141677379608154" lon="-120.46624660491943" />
      <trkpt lat="38.139274120330811" lon="-120.4655385017395" />
      <trkpt lat="38.138329982757568" lon="-120.46536684036255" />
      <trkpt lat="38.138372898101807" lon="-120.46669721603394" />
      <trkpt lat="38.138308525085449" lon="-120.46757698059082" />
      <trkpt lat="38.138201236724854" lon="-120.46770572662354" />
      <trkpt lat="38.137900829315186" lon="-120.46772718429565" />
      <trkpt lat="38.137879371643066" lon="-120.46849966049194" />
      <trkpt lat="38.137729167938232" lon="-120.46886444091797" />
      <trkpt lat="38.136913776397705" lon="-120.47006607055664" />
      <trkpt lat="38.136420249938965" lon="-120.47120332717896" />
      <trkpt lat="38.136162757873535" lon="-120.47163248062134" />
      <trkpt lat="38.135776519775391" lon="-120.47216892242432" />
      <trkpt lat="38.13530445098877" lon="-120.47268390655518" />
      <trkpt lat="38.135089874267578" lon="-120.47298431396484" />
      <trkpt lat="38.135025501251221" lon="-120.47324180603027" />
      <trkpt lat="38.135025501251221" lon="-120.4734992980957" />
      <trkpt lat="38.135154247283936" lon="-120.47412157058716" />
      <trkpt lat="38.135132789611816" lon="-120.47437906265259" />
      <trkpt lat="38.135025501251221" lon="-120.47463655471802" />
      <trkpt lat="38.13478946685791" lon="-120.47491550445557" />
      <trkpt lat="38.134016990661621" lon="-120.47540903091431" />
      <trkpt lat="38.133845329284668" lon="-120.4756236076355" />
      <trkpt lat="38.133716583251953" lon="-120.47590255737305" />
      <trkpt lat="38.133630752563477" lon="-120.47703981399536" />
      <trkpt lat="38.132922649383545" lon="-120.47933578491211" />
      <trkpt lat="38.132686614990234" lon="-120.47989368438721" />
      <trkpt lat="38.13204288482666" lon="-120.48105239868164" />
      <trkpt lat="38.131914138793945" lon="-120.48135280609131" />
      <trkpt lat="38.131871223449707" lon="-120.4816746711731" />
      <trkpt lat="38.131957054138184" lon="-120.48233985900879" />
      <trkpt lat="38.131914138793945" lon="-120.48261880874634" />
      <trkpt lat="38.131442070007324" lon="-120.48352003097534" />
      <trkpt lat="38.131270408630371" lon="-120.48465728759766" />
      <trkpt lat="38.130927085876465" lon="-120.48585891723633" />
      <trkpt lat="38.130691051483154" lon="-120.4865026473999" />
      <trkpt lat="38.129940032958984" lon="-120.48785448074341" />
      <trkpt lat="38.128502368927002" lon="-120.48961400985718" />
      <trkpt lat="38.128244876861572" lon="-120.48980712890625" />
      <trkpt lat="38.127515316009521" lon="-120.49015045166016" />
      <trkpt lat="38.126935958862305" lon="-120.49049377441406" />
      <trkpt lat="38.126485347747803" lon="-120.49070835113525" />
      <trkpt lat="38.126142024993896" lon="-120.49090147018433" />
      <trkpt lat="38.125519752502441" lon="-120.49182415008545" />
      <trkpt lat="38.124725818634033" lon="-120.49263954162598" />
      <trkpt lat="38.124275207519531" lon="-120.49364805221558" />
      <trkpt lat="38.123910427093506" lon="-120.49422740936279" />
      <trkpt lat="38.122172355651855" lon="-120.49542903900146" />
      <trkpt lat="38.12105655670166" lon="-120.49665212631226" />
      <trkpt lat="38.120326995849609" lon="-120.49705982208252" />
      <trkpt lat="38.118953704833984" lon="-120.49796104431152" />
      <trkpt lat="38.11805248260498" lon="-120.49832582473755" />
      <trkpt lat="38.117408752441406" lon="-120.49890518188477" />
      <trkpt lat="38.116528987884521" lon="-120.49969911575317" />
      <trkpt lat="38.116164207458496" lon="-120.50017118453979" />
      <trkpt lat="38.114275932312012" lon="-120.50332546234131" />
      <trkpt lat="38.113996982574463" lon="-120.5036473274231" />
      <trkpt lat="38.112537860870361" lon="-120.5049991607666" />
      <trkpt lat="38.112301826477051" lon="-120.50536394119263" />
      <trkpt lat="38.112130165100098" lon="-120.50577163696289" />
      <trkpt lat="38.111872673034668" lon="-120.50680160522461" />
      <trkpt lat="38.111701011657715" lon="-120.50669431686401" />
      <trkpt lat="38.111529350280762" lon="-120.50641536712646" />
      <trkpt lat="38.111357688903809" lon="-120.50534248352051" />
      <trkpt lat="38.111250400543213" lon="-120.50512790679932" />
      <trkpt lat="38.111100196838379" lon="-120.50493478775024" />
      <trkpt lat="38.110907077789307" lon="-120.50484895706177" />
      <trkpt lat="38.110263347625732" lon="-120.50472021102905" />
      <trkpt lat="38.110113143920898" lon="-120.50459146499634" />
      <trkpt lat="38.109984397888184" lon="-120.50437688827515" />
      <trkpt lat="38.109705448150635" lon="-120.50375461578369" />
      <trkpt lat="38.109555244445801" lon="-120.50358295440674" />
      <trkpt lat="38.10908317565918" lon="-120.50328254699707" />
      <trkpt lat="38.109040260314941" lon="-120.50293922424316" />
      <trkpt lat="38.109061717987061" lon="-120.5024242401123" />
      <trkpt lat="38.109297752380371" lon="-120.50126552581787" />
      <trkpt lat="38.109340667724609" lon="-120.50085783004761" />
      <trkpt lat="38.109447956085205" lon="-120.5005145072937" />
      <trkpt lat="38.109683990478516" lon="-120.5000638961792" />
      <trkpt lat="38.11007022857666" lon="-120.49914121627808" />
      <trkpt lat="38.110628128051758" lon="-120.49832582473755" />
      <trkpt lat="38.111207485198975" lon="-120.49763917922974" />
      <trkpt lat="38.111722469329834" lon="-120.49727439880371" />
      <trkpt lat="38.111872673034668" lon="-120.49725294113159" />
      <trkpt lat="38.112280368804932" lon="-120.49736022949219" />
      <trkpt lat="38.112387657165527" lon="-120.49733877182007" />
      <trkpt lat="38.11255931854248" lon="-120.497145652771" />
      <trkpt lat="38.112730979919434" lon="-120.49684524536133" />
      <trkpt lat="38.112752437591553" lon="-120.49594402313232" />
      <trkpt lat="38.112924098968506" lon="-120.49551486968994" />
      <trkpt lat="38.112924098968506" lon="-120.49540758132935" />
      <trkpt lat="38.112752437591553" lon="-120.49497842788696" />
      <trkpt lat="38.112709522247314" lon="-120.49450635910034" />
      <trkpt lat="38.112387657165527" lon="-120.49399137496948" />
      <trkpt lat="38.111872673034668" lon="-120.49390554428101" />
      <trkpt lat="38.111271858215332" lon="-120.49444198608398" />
      <trkpt lat="38.111121654510498" lon="-120.49452781677246" />
      <trkpt lat="38.110842704772949" lon="-120.49452781677246" />
      <trkpt lat="38.110113143920898" lon="-120.49489259719849" />
      <trkpt lat="38.109941482543945" lon="-120.49491405487061" />
      <trkpt lat="38.109340667724609" lon="-120.4950213432312" />
      <trkpt lat="38.108868598937988" lon="-120.4950213432312" />
      <trkpt lat="38.108396530151367" lon="-120.49493551254272" />
      <trkpt lat="38.10783863067627" lon="-120.49465656280518" />
      <trkpt lat="38.107452392578125" lon="-120.49482822418213" />
      <trkpt lat="38.1070876121521" lon="-120.49515008926392" />
      <trkpt lat="38.10683012008667" lon="-120.49570798873901" />
      <trkpt lat="38.106679916381836" lon="-120.49592256546021" />
      <trkpt lat="38.106508255004883" lon="-120.49635171890259" />
      <trkpt lat="38.106036186218262" lon="-120.49675941467285" />
      <trkpt lat="38.105928897857666" lon="-120.49688816070557" />
      <trkpt lat="38.105735778808594" lon="-120.49738168716431" />
      <trkpt lat="38.105499744415283" lon="-120.49757480621338" />
      <trkpt lat="38.105392456054688" lon="-120.49778938293457" />
      <trkpt lat="38.103654384613037" lon="-120.49942016601562" />
      <trkpt lat="38.10359001159668" lon="-120.49965620040894" />
      <trkpt lat="38.103675842285156" lon="-120.50004243850708" />
      <trkpt lat="38.104040622711182" lon="-120.50081491470337" />
      <trkpt lat="38.104062080383301" lon="-120.50098657608032" />
      <trkpt lat="38.103997707366943" lon="-120.50113677978516" />
      <trkpt lat="38.102881908416748" lon="-120.50180196762085" />
      <trkpt lat="38.101315498352051" lon="-120.50238132476807" />
      <trkpt lat="38.101122379302979" lon="-120.5025315284729" />
      <trkpt lat="38.100864887237549" lon="-120.50287485122681" />
      <trkpt lat="38.100478649139404" lon="-120.50283193588257" />
      <trkpt lat="38.099663257598877" lon="-120.50289630889893" />
      <trkpt lat="38.099405765533447" lon="-120.5029821395874" />
      <trkpt lat="38.098804950714111" lon="-120.50336837768555" />
      <trkpt lat="38.098440170288086" lon="-120.50349712371826" />
      <trkpt lat="38.098268508911133" lon="-120.50351858139038" />
      <trkpt lat="38.097817897796631" lon="-120.5034327507019" />
      <trkpt lat="38.096723556518555" lon="-120.50349712371826" />
      <trkpt lat="38.095822334289551" lon="-120.50362586975098" />
      <trkpt lat="38.094878196716309" lon="-120.50392627716064" />
      <trkpt lat="38.094277381896973" lon="-120.50403356552124" />
      <trkpt lat="38.09359073638916" lon="-120.50405502319336" />
      <trkpt lat="38.093247413635254" lon="-120.50396919250488" />
      <trkpt lat="38.091895580291748" lon="-120.50401210784912" />
      <trkpt lat="38.091466426849365" lon="-120.50392627716064" />
      <trkpt lat="38.090736865997314" lon="-120.50392627716064" />
      <trkpt lat="38.090651035308838" lon="-120.50388336181641" />
      <trkpt lat="38.083441257476807" lon="-120.51439762115479" />
      <trkpt lat="38.081574440002441" lon="-120.51712274551392" />
      <trkpt lat="38.081295490264893" lon="-120.51761627197266" />
      <trkpt lat="38.081059455871582" lon="-120.51821708679199" />
      <trkpt lat="38.080716133117676" lon="-120.5195689201355" />
      <trkpt lat="38.079214096069336" lon="-120.52690744400024" />
      <trkpt lat="38.078935146331787" lon="-120.52690744400024" />
      <trkpt lat="38.078677654266357" lon="-120.52699327468872" />
      <trkpt lat="38.07835578918457" lon="-120.52735805511475" />
      <trkpt lat="38.078291416168213" lon="-120.5275297164917" />
      <trkpt lat="38.078055381774902" lon="-120.52905321121216" />
      <trkpt lat="38.077948093414307" lon="-120.5295467376709" />
      <trkpt lat="38.077797889709473" lon="-120.52995443344116" />
      <trkpt lat="38.077175617218018" lon="-120.53115606307983" />
      <trkpt lat="38.076016902923584" lon="-120.53332328796387" />
      <trkpt lat="38.074343204498291" lon="-120.53583383560181" />
      <trkpt lat="38.074278831481934" lon="-120.5359411239624" />
      <trkpt lat="38.074243795126677" lon="-120.53599284030497" />
      <trkpt lat="38.074235916137695" lon="-120.53598403930664" />
    </trkseg>
  </trk>

</gpx>